Execution lock: /home/chand/otshield-bench/.otshield-runtime/v06-lab.lock
==============================================
OTShield repeatability study
Trials: 25
Conditions per trial: 5
Evidence root:
/home/chand/otshield-bench/evidence/v06/20260922T021855Z
==============================================

##############################################
TRIAL 1 / 25
##############################################
 Network docker_otshield-ics-net Creating 
 Network docker_otshield-ics-net Creating 
 Network docker_otshield-ics-net Created 
 Network docker_otshield-ics-net Created 
 Container otshield-openplc Creating 
 Container otshield-openplc Created 
 Container otshield-openplc Starting 
 Container otshield-openplc Started 
OpenPLC: starting
OpenPLC: healthy
OPENPLC_EXPECTED_ID=e2195dd76ccf3ab69db358a25e4c773e33e3b9298ea0b1409d281f64154cf5ba
Network: docker_otshield-ics-net
Image: fortiphyd/grfics-plc:latest
Image ID: sha256:364461af6d7b56563fa6fdc6a296a2dfa6530caf07ea736bbc9a71701a360919

----------------------------------------------
TRIAL=1
CONDITION=clean
DELAY=0ms
JITTER=0ms
LOSS=0%
----------------------------------------------
Predeclared: openplc-v06-20260922T021855Z-t01-clean
Normal: 40
Anomaly: 20
b0289ca4321ae5b4507cf19aa232f9ebaf7d0ddf0b7b7a330fb21f31022a09d8  /home/chand/otshield-bench/evidence/v06/20260922T021855Z/trial-1/clean/protocol.json
NETEM: clean
NORMAL tid=01 addr=0 fc=0x03
NORMAL tid=02 addr=1 fc=0x03
NORMAL tid=03 addr=2 fc=0x03
NORMAL tid=04 addr=3 fc=0x03
NORMAL tid=05 addr=4 fc=0x03
NORMAL tid=06 addr=5 fc=0x03
NORMAL tid=07 addr=6 fc=0x03
NORMAL tid=08 addr=7 fc=0x03
NORMAL tid=09 addr=8 fc=0x03
NORMAL tid=10 addr=9 fc=0x03
NORMAL tid=11 addr=0 fc=0x03
NORMAL tid=12 addr=1 fc=0x03
NORMAL tid=13 addr=2 fc=0x03
NORMAL tid=14 addr=3 fc=0x03
NORMAL tid=15 addr=4 fc=0x03
NORMAL tid=16 addr=5 fc=0x03
NORMAL tid=17 addr=6 fc=0x03
NORMAL tid=18 addr=7 fc=0x03
NORMAL tid=19 addr=8 fc=0x03
NORMAL tid=20 addr=9 fc=0x03
BURST tid=21 addr=0 fc=0x03
BURST tid=22 addr=1 fc=0x03
BURST tid=23 addr=2 fc=0x03
BURST tid=24 addr=3 fc=0x03
BURST tid=25 addr=4 fc=0x03
BURST tid=26 addr=5 fc=0x03
BURST tid=27 addr=6 fc=0x03
BURST tid=28 addr=7 fc=0x03
BURST tid=29 addr=8 fc=0x03
BURST tid=30 addr=9 fc=0x03
BURST tid=31 addr=0 fc=0x03
BURST tid=32 addr=1 fc=0x03
BURST tid=33 addr=2 fc=0x03
BURST tid=34 addr=3 fc=0x03
BURST tid=35 addr=4 fc=0x03
BURST tid=36 addr=5 fc=0x03
BURST tid=37 addr=6 fc=0x03
BURST tid=38 addr=7 fc=0x03
BURST tid=39 addr=8 fc=0x03
BURST tid=40 addr=9 fc=0x03
NORMAL tid=41 addr=0 fc=0x03
NORMAL tid=42 addr=1 fc=0x03
NORMAL tid=43 addr=2 fc=0x03
NORMAL tid=44 addr=3 fc=0x03
NORMAL tid=45 addr=4 fc=0x03
NORMAL tid=46 addr=5 fc=0x03
NORMAL tid=47 addr=6 fc=0x03
NORMAL tid=48 addr=7 fc=0x03
NORMAL tid=49 addr=8 fc=0x03
NORMAL tid=50 addr=9 fc=0x03
NORMAL tid=51 addr=0 fc=0x03
NORMAL tid=52 addr=1 fc=0x03
NORMAL tid=53 addr=2 fc=0x03
NORMAL tid=54 addr=3 fc=0x03
NORMAL tid=55 addr=4 fc=0x03
NORMAL tid=56 addr=5 fc=0x03
NORMAL tid=57 addr=6 fc=0x03
NORMAL tid=58 addr=7 fc=0x03
NORMAL tid=59 addr=8 fc=0x03
NORMAL tid=60 addr=9 fc=0x03
REQUESTS_SUCCESSFUL=60
REQUESTS_MISSED=0

RAW PCAP:
088294eca2140c69edd33a7cdabd1fb8ffb176d0306f429085a3e1205a284fad  /home/chand/otshield-bench/evidence/v06/20260922T021855Z/trial-1/clean/raw.pcap
NORMALIZED_RECORDS= 60

CONDITION COMPLETE:
trial=1 condition=clean

----------------------------------------------
TRIAL=1
CONDITION=delay20
DELAY=20ms
JITTER=0ms
LOSS=0%
----------------------------------------------
Predeclared: openplc-v06-20260922T021855Z-t01-delay20
Normal: 40
Anomaly: 20
d27d9c04d018cdac4a528f8cd98f9726408ea0e774214d8a2db713a89d9c0ee7  /home/chand/otshield-bench/evidence/v06/20260922T021855Z/trial-1/delay20/protocol.json
NETEM:
qdisc netem 80b5: root refcnt 13 limit 1000 delay 20ms seed 9150987916662526272
NORMAL tid=01 addr=0 fc=0x03
NORMAL tid=02 addr=1 fc=0x03
NORMAL tid=03 addr=2 fc=0x03
NORMAL tid=04 addr=3 fc=0x03
NORMAL tid=05 addr=4 fc=0x03
NORMAL tid=06 addr=5 fc=0x03
NORMAL tid=07 addr=6 fc=0x03
NORMAL tid=08 addr=7 fc=0x03
NORMAL tid=09 addr=8 fc=0x03
NORMAL tid=10 addr=9 fc=0x03
NORMAL tid=11 addr=0 fc=0x03
NORMAL tid=12 addr=1 fc=0x03
NORMAL tid=13 addr=2 fc=0x03
NORMAL tid=14 addr=3 fc=0x03
NORMAL tid=15 addr=4 fc=0x03
NORMAL tid=16 addr=5 fc=0x03
NORMAL tid=17 addr=6 fc=0x03
NORMAL tid=18 addr=7 fc=0x03
NORMAL tid=19 addr=8 fc=0x03
NORMAL tid=20 addr=9 fc=0x03
BURST tid=21 addr=0 fc=0x03
BURST tid=22 addr=1 fc=0x03
BURST tid=23 addr=2 fc=0x03
BURST tid=24 addr=3 fc=0x03
BURST tid=25 addr=4 fc=0x03
BURST tid=26 addr=5 fc=0x03
BURST tid=27 addr=6 fc=0x03
BURST tid=28 addr=7 fc=0x03
BURST tid=29 addr=8 fc=0x03
BURST tid=30 addr=9 fc=0x03
BURST tid=31 addr=0 fc=0x03
BURST tid=32 addr=1 fc=0x03
BURST tid=33 addr=2 fc=0x03
BURST tid=34 addr=3 fc=0x03
BURST tid=35 addr=4 fc=0x03
BURST tid=36 addr=5 fc=0x03
BURST tid=37 addr=6 fc=0x03
BURST tid=38 addr=7 fc=0x03
BURST tid=39 addr=8 fc=0x03
BURST tid=40 addr=9 fc=0x03
NORMAL tid=41 addr=0 fc=0x03
NORMAL tid=42 addr=1 fc=0x03
NORMAL tid=43 addr=2 fc=0x03
NORMAL tid=44 addr=3 fc=0x03
NORMAL tid=45 addr=4 fc=0x03
NORMAL tid=46 addr=5 fc=0x03
NORMAL tid=47 addr=6 fc=0x03
NORMAL tid=48 addr=7 fc=0x03
NORMAL tid=49 addr=8 fc=0x03
NORMAL tid=50 addr=9 fc=0x03
NORMAL tid=51 addr=0 fc=0x03
NORMAL tid=52 addr=1 fc=0x03
NORMAL tid=53 addr=2 fc=0x03
NORMAL tid=54 addr=3 fc=0x03
NORMAL tid=55 addr=4 fc=0x03
NORMAL tid=56 addr=5 fc=0x03
NORMAL tid=57 addr=6 fc=0x03
NORMAL tid=58 addr=7 fc=0x03
NORMAL tid=59 addr=8 fc=0x03
NORMAL tid=60 addr=9 fc=0x03
REQUESTS_SUCCESSFUL=60
REQUESTS_MISSED=0

RAW PCAP:
625dd904124d3e5e983047611189490d423e484bbc1dd204c108a59b17e0b9a9  /home/chand/otshield-bench/evidence/v06/20260922T021855Z/trial-1/delay20/raw.pcap
NORMALIZED_RECORDS= 60

CONDITION COMPLETE:
trial=1 condition=delay20

----------------------------------------------
TRIAL=1
CONDITION=delay20_jitter5_loss5
DELAY=20ms
JITTER=5ms
LOSS=5%
----------------------------------------------
Predeclared: openplc-v06-20260922T021855Z-t01-delay20_jitter5_loss5
Normal: 40
Anomaly: 20
8172c91a89a0ca7b435cefb9c83b3502c526f1aa5b1a3a80c506d083be832d2c  /home/chand/otshield-bench/evidence/v06/20260922T021855Z/trial-1/delay20_jitter5_loss5/protocol.json
NETEM:
qdisc netem 80b6: root refcnt 13 limit 1000 delay 20ms  5ms loss 5% seed 6071097394187425954
NORMAL tid=01 addr=0 fc=0x03
NORMAL tid=02 addr=1 fc=0x03
NORMAL tid=03 addr=2 fc=0x03
NORMAL tid=04 addr=3 fc=0x03
NORMAL tid=05 addr=4 fc=0x03
NORMAL tid=06 addr=5 fc=0x03
NORMAL tid=07 addr=6 fc=0x03
NORMAL tid=08 addr=7 fc=0x03
NORMAL tid=09 addr=8 fc=0x03
NORMAL tid=10 addr=9 fc=0x03
NORMAL tid=11 addr=0 fc=0x03
NORMAL tid=12 addr=1 fc=0x03
NORMAL tid=13 addr=2 fc=0x03
NORMAL tid=14 addr=3 fc=0x03
NORMAL tid=15 addr=4 fc=0x03
NORMAL tid=16 addr=5 fc=0x03
NORMAL tid=17 addr=6 fc=0x03
NORMAL tid=18 addr=7 fc=0x03
NORMAL tid=19 addr=8 fc=0x03
NORMAL tid=20 addr=9 fc=0x03
BURST tid=21 addr=0 fc=0x03
BURST tid=22 addr=1 fc=0x03
BURST tid=23 addr=2 fc=0x03
BURST tid=24 addr=3 fc=0x03
BURST tid=25 addr=4 fc=0x03
BURST tid=26 addr=5 fc=0x03
BURST tid=27 addr=6 fc=0x03
BURST tid=28 addr=7 fc=0x03
BURST tid=29 addr=8 fc=0x03
BURST tid=30 addr=9 fc=0x03
BURST tid=31 addr=0 fc=0x03
BURST tid=32 addr=1 fc=0x03
BURST tid=33 addr=2 fc=0x03
BURST tid=34 addr=3 fc=0x03
BURST tid=35 addr=4 fc=0x03
BURST tid=36 addr=5 fc=0x03
BURST tid=37 addr=6 fc=0x03
BURST tid=38 addr=7 fc=0x03
BURST tid=39 addr=8 fc=0x03
BURST tid=40 addr=9 fc=0x03
NORMAL tid=41 addr=0 fc=0x03
NORMAL tid=42 addr=1 fc=0x03
NORMAL tid=43 addr=2 fc=0x03
NORMAL tid=44 addr=3 fc=0x03
NORMAL tid=45 addr=4 fc=0x03
NORMAL tid=46 addr=5 fc=0x03
NORMAL tid=47 addr=6 fc=0x03
NORMAL tid=48 addr=7 fc=0x03
NORMAL tid=49 addr=8 fc=0x03
NORMAL tid=50 addr=9 fc=0x03
NORMAL tid=51 addr=0 fc=0x03
NORMAL tid=52 addr=1 fc=0x03
NORMAL tid=53 addr=2 fc=0x03
NORMAL tid=54 addr=3 fc=0x03
NORMAL tid=55 addr=4 fc=0x03
NORMAL tid=56 addr=5 fc=0x03
NORMAL tid=57 addr=6 fc=0x03
NORMAL tid=58 addr=7 fc=0x03
NORMAL tid=59 addr=8 fc=0x03
NORMAL tid=60 addr=9 fc=0x03
REQUESTS_SUCCESSFUL=60
REQUESTS_MISSED=0

RAW PCAP:
02c6ac39f8033cba53bc98f46e2a629e61eaa621592148ba445dee9cea468684  /home/chand/otshield-bench/evidence/v06/20260922T021855Z/trial-1/delay20_jitter5_loss5/raw.pcap
NORMALIZED_RECORDS= 60

CONDITION COMPLETE:
trial=1 condition=delay20_jitter5_loss5

----------------------------------------------
TRIAL=1
CONDITION=delay40_jitter10
DELAY=40ms
JITTER=10ms
LOSS=0%
----------------------------------------------
Predeclared: openplc-v06-20260922T021855Z-t01-delay40_jitter10
Normal: 40
Anomaly: 20
b82aafd858e4525a45111760917c9eacce99e1db7087fd999adf65818930b593  /home/chand/otshield-bench/evidence/v06/20260922T021855Z/trial-1/delay40_jitter10/protocol.json
NETEM:
qdisc netem 80b7: root refcnt 13 limit 1000 delay 40ms  10ms seed 6199776279815279476
NORMAL tid=01 addr=0 fc=0x03
NORMAL tid=02 addr=1 fc=0x03
NORMAL tid=03 addr=2 fc=0x03
NORMAL tid=04 addr=3 fc=0x03
NORMAL tid=05 addr=4 fc=0x03
NORMAL tid=06 addr=5 fc=0x03
NORMAL tid=07 addr=6 fc=0x03
NORMAL tid=08 addr=7 fc=0x03
NORMAL tid=09 addr=8 fc=0x03
NORMAL tid=10 addr=9 fc=0x03
NORMAL tid=11 addr=0 fc=0x03
NORMAL tid=12 addr=1 fc=0x03
NORMAL tid=13 addr=2 fc=0x03
NORMAL tid=14 addr=3 fc=0x03
NORMAL tid=15 addr=4 fc=0x03
NORMAL tid=16 addr=5 fc=0x03
NORMAL tid=17 addr=6 fc=0x03
NORMAL tid=18 addr=7 fc=0x03
NORMAL tid=19 addr=8 fc=0x03
NORMAL tid=20 addr=9 fc=0x03
BURST tid=21 addr=0 fc=0x03
BURST tid=22 addr=1 fc=0x03
BURST tid=23 addr=2 fc=0x03
BURST tid=24 addr=3 fc=0x03
BURST tid=25 addr=4 fc=0x03
BURST tid=26 addr=5 fc=0x03
BURST tid=27 addr=6 fc=0x03
BURST tid=28 addr=7 fc=0x03
BURST tid=29 addr=8 fc=0x03
BURST tid=30 addr=9 fc=0x03
BURST tid=31 addr=0 fc=0x03
BURST tid=32 addr=1 fc=0x03
BURST tid=33 addr=2 fc=0x03
BURST tid=34 addr=3 fc=0x03
BURST tid=35 addr=4 fc=0x03
BURST tid=36 addr=5 fc=0x03
BURST tid=37 addr=6 fc=0x03
BURST tid=38 addr=7 fc=0x03
BURST tid=39 addr=8 fc=0x03
BURST tid=40 addr=9 fc=0x03
NORMAL tid=41 addr=0 fc=0x03
NORMAL tid=42 addr=1 fc=0x03
NORMAL tid=43 addr=2 fc=0x03
NORMAL tid=44 addr=3 fc=0x03
NORMAL tid=45 addr=4 fc=0x03
NORMAL tid=46 addr=5 fc=0x03
NORMAL tid=47 addr=6 fc=0x03
NORMAL tid=48 addr=7 fc=0x03
NORMAL tid=49 addr=8 fc=0x03
NORMAL tid=50 addr=9 fc=0x03
NORMAL tid=51 addr=0 fc=0x03
NORMAL tid=52 addr=1 fc=0x03
NORMAL tid=53 addr=2 fc=0x03
NORMAL tid=54 addr=3 fc=0x03
NORMAL tid=55 addr=4 fc=0x03
NORMAL tid=56 addr=5 fc=0x03
NORMAL tid=57 addr=6 fc=0x03
NORMAL tid=58 addr=7 fc=0x03
NORMAL tid=59 addr=8 fc=0x03
NORMAL tid=60 addr=9 fc=0x03
REQUESTS_SUCCESSFUL=60
REQUESTS_MISSED=0

RAW PCAP:
ff952d193887e3446178835bbdb9c8147cf32b7a30f690c5ffa4722c62a205d3  /home/chand/otshield-bench/evidence/v06/20260922T021855Z/trial-1/delay40_jitter10/raw.pcap
NORMALIZED_RECORDS= 60

CONDITION COMPLETE:
trial=1 condition=delay40_jitter10

----------------------------------------------
TRIAL=1
CONDITION=delay60_jitter10
DELAY=60ms
JITTER=10ms
LOSS=0%
----------------------------------------------
Predeclared: openplc-v06-20260922T021855Z-t01-delay60_jitter10
Normal: 40
Anomaly: 20
a8389379ec0dccda21d02a916b53093e12b3b1a59a9a3f143b9284c39a7028e2  /home/chand/otshield-bench/evidence/v06/20260922T021855Z/trial-1/delay60_jitter10/protocol.json
NETEM:
qdisc netem 80b8: root refcnt 13 limit 1000 delay 60ms  10ms seed 2925334194012271612
NORMAL tid=01 addr=0 fc=0x03
NORMAL tid=02 addr=1 fc=0x03
NORMAL tid=03 addr=2 fc=0x03
NORMAL tid=04 addr=3 fc=0x03
NORMAL tid=05 addr=4 fc=0x03
NORMAL tid=06 addr=5 fc=0x03
NORMAL tid=07 addr=6 fc=0x03
NORMAL tid=08 addr=7 fc=0x03
NORMAL tid=09 addr=8 fc=0x03
NORMAL tid=10 addr=9 fc=0x03
NORMAL tid=11 addr=0 fc=0x03
NORMAL tid=12 addr=1 fc=0x03
NORMAL tid=13 addr=2 fc=0x03
NORMAL tid=14 addr=3 fc=0x03
NORMAL tid=15 addr=4 fc=0x03
NORMAL tid=16 addr=5 fc=0x03
NORMAL tid=17 addr=6 fc=0x03
NORMAL tid=18 addr=7 fc=0x03
NORMAL tid=19 addr=8 fc=0x03
NORMAL tid=20 addr=9 fc=0x03
BURST tid=21 addr=0 fc=0x03
BURST tid=22 addr=1 fc=0x03
BURST tid=23 addr=2 fc=0x03
BURST tid=24 addr=3 fc=0x03
BURST tid=25 addr=4 fc=0x03
BURST tid=26 addr=5 fc=0x03
BURST tid=27 addr=6 fc=0x03
BURST tid=28 addr=7 fc=0x03
BURST tid=29 addr=8 fc=0x03
BURST tid=30 addr=9 fc=0x03
BURST tid=31 addr=0 fc=0x03
BURST tid=32 addr=1 fc=0x03
BURST tid=33 addr=2 fc=0x03
BURST tid=34 addr=3 fc=0x03
BURST tid=35 addr=4 fc=0x03
BURST tid=36 addr=5 fc=0x03
BURST tid=37 addr=6 fc=0x03
BURST tid=38 addr=7 fc=0x03
BURST tid=39 addr=8 fc=0x03
BURST tid=40 addr=9 fc=0x03
NORMAL tid=41 addr=0 fc=0x03
NORMAL tid=42 addr=1 fc=0x03
NORMAL tid=43 addr=2 fc=0x03
NORMAL tid=44 addr=3 fc=0x03
NORMAL tid=45 addr=4 fc=0x03
NORMAL tid=46 addr=5 fc=0x03
NORMAL tid=47 addr=6 fc=0x03
NORMAL tid=48 addr=7 fc=0x03
NORMAL tid=49 addr=8 fc=0x03
NORMAL tid=50 addr=9 fc=0x03
NORMAL tid=51 addr=0 fc=0x03
NORMAL tid=52 addr=1 fc=0x03
NORMAL tid=53 addr=2 fc=0x03
NORMAL tid=54 addr=3 fc=0x03
NORMAL tid=55 addr=4 fc=0x03
NORMAL tid=56 addr=5 fc=0x03
NORMAL tid=57 addr=6 fc=0x03
NORMAL tid=58 addr=7 fc=0x03
NORMAL tid=59 addr=8 fc=0x03
NORMAL tid=60 addr=9 fc=0x03
REQUESTS_SUCCESSFUL=60
REQUESTS_MISSED=0

RAW PCAP:
16df398db832a98dc983d225151a9dbd1000b63177f9452eccc4d8051eb10b2a  /home/chand/otshield-bench/evidence/v06/20260922T021855Z/trial-1/delay60_jitter10/raw.pcap
NORMALIZED_RECORDS= 60

CONDITION COMPLETE:
trial=1 condition=delay60_jitter10

TRIAL 1 COMPLETE

##############################################
TRIAL 2 / 25
##############################################
 Network docker_otshield-ics-net Creating 
 Network docker_otshield-ics-net Creating 
 Network docker_otshield-ics-net Created 
 Network docker_otshield-ics-net Created 
 Container otshield-openplc Creating 
 Container otshield-openplc Created 
 Container otshield-openplc Starting 
 Container otshield-openplc Started 
OpenPLC: starting
OpenPLC: healthy
OPENPLC_EXPECTED_ID=974cde403604b5c77ff03ff6a8049a122400950690d9ec609876aa35953b1a24
Network: docker_otshield-ics-net
Image: fortiphyd/grfics-plc:latest
Image ID: sha256:364461af6d7b56563fa6fdc6a296a2dfa6530caf07ea736bbc9a71701a360919

----------------------------------------------
TRIAL=2
CONDITION=delay20
DELAY=20ms
JITTER=0ms
LOSS=0%
----------------------------------------------
Predeclared: openplc-v06-20260922T021855Z-t02-delay20
Normal: 40
Anomaly: 20
97b4ca9e618b13000d98ce872c502b2df3404217fac38c2ab14d10d678079325  /home/chand/otshield-bench/evidence/v06/20260922T021855Z/trial-2/delay20/protocol.json
NETEM:
qdisc netem 80b9: root refcnt 13 limit 1000 delay 20ms seed 6070430742952359479
NORMAL tid=01 addr=0 fc=0x03
NORMAL tid=02 addr=1 fc=0x03
NORMAL tid=03 addr=2 fc=0x03
NORMAL tid=04 addr=3 fc=0x03
NORMAL tid=05 addr=4 fc=0x03
NORMAL tid=06 addr=5 fc=0x03
NORMAL tid=07 addr=6 fc=0x03
NORMAL tid=08 addr=7 fc=0x03
NORMAL tid=09 addr=8 fc=0x03
NORMAL tid=10 addr=9 fc=0x03
NORMAL tid=11 addr=0 fc=0x03
NORMAL tid=12 addr=1 fc=0x03
NORMAL tid=13 addr=2 fc=0x03
NORMAL tid=14 addr=3 fc=0x03
NORMAL tid=15 addr=4 fc=0x03
NORMAL tid=16 addr=5 fc=0x03
NORMAL tid=17 addr=6 fc=0x03
NORMAL tid=18 addr=7 fc=0x03
NORMAL tid=19 addr=8 fc=0x03
NORMAL tid=20 addr=9 fc=0x03
BURST tid=21 addr=0 fc=0x03
BURST tid=22 addr=1 fc=0x03
BURST tid=23 addr=2 fc=0x03
BURST tid=24 addr=3 fc=0x03
BURST tid=25 addr=4 fc=0x03
BURST tid=26 addr=5 fc=0x03
BURST tid=27 addr=6 fc=0x03
BURST tid=28 addr=7 fc=0x03
BURST tid=29 addr=8 fc=0x03
BURST tid=30 addr=9 fc=0x03
BURST tid=31 addr=0 fc=0x03
BURST tid=32 addr=1 fc=0x03
BURST tid=33 addr=2 fc=0x03
BURST tid=34 addr=3 fc=0x03
BURST tid=35 addr=4 fc=0x03
BURST tid=36 addr=5 fc=0x03
BURST tid=37 addr=6 fc=0x03
BURST tid=38 addr=7 fc=0x03
BURST tid=39 addr=8 fc=0x03
BURST tid=40 addr=9 fc=0x03
NORMAL tid=41 addr=0 fc=0x03
NORMAL tid=42 addr=1 fc=0x03
NORMAL tid=43 addr=2 fc=0x03
NORMAL tid=44 addr=3 fc=0x03
NORMAL tid=45 addr=4 fc=0x03
NORMAL tid=46 addr=5 fc=0x03
NORMAL tid=47 addr=6 fc=0x03
NORMAL tid=48 addr=7 fc=0x03
NORMAL tid=49 addr=8 fc=0x03
NORMAL tid=50 addr=9 fc=0x03
NORMAL tid=51 addr=0 fc=0x03
NORMAL tid=52 addr=1 fc=0x03
NORMAL tid=53 addr=2 fc=0x03
NORMAL tid=54 addr=3 fc=0x03
NORMAL tid=55 addr=4 fc=0x03
NORMAL tid=56 addr=5 fc=0x03
NORMAL tid=57 addr=6 fc=0x03
NORMAL tid=58 addr=7 fc=0x03
NORMAL tid=59 addr=8 fc=0x03
NORMAL tid=60 addr=9 fc=0x03
REQUESTS_SUCCESSFUL=60
REQUESTS_MISSED=0

RAW PCAP:
8826c3792be7bb3a18f5db5d687abcfce429b014e75e1f96fc3b95b2de0a2a8c  /home/chand/otshield-bench/evidence/v06/20260922T021855Z/trial-2/delay20/raw.pcap
NORMALIZED_RECORDS= 60

CONDITION COMPLETE:
trial=2 condition=delay20

----------------------------------------------
TRIAL=2
CONDITION=delay20_jitter5_loss5
DELAY=20ms
JITTER=5ms
LOSS=5%
----------------------------------------------
Predeclared: openplc-v06-20260922T021855Z-t02-delay20_jitter5_loss5
Normal: 40
Anomaly: 20
60abd3404329b1e2946d3ad3bfb0a1d6de12f00b499bab16969da164a90cc9a0  /home/chand/otshield-bench/evidence/v06/20260922T021855Z/trial-2/delay20_jitter5_loss5/protocol.json
NETEM:
qdisc netem 80ba: root refcnt 13 limit 1000 delay 20ms  5ms loss 5% seed 1183696762489920402
NORMAL tid=01 addr=0 fc=0x03
NORMAL tid=02 addr=1 fc=0x03
NORMAL tid=03 addr=2 fc=0x03
NORMAL tid=04 addr=3 fc=0x03
NORMAL tid=05 addr=4 fc=0x03
NORMAL tid=06 addr=5 fc=0x03
NORMAL tid=07 addr=6 fc=0x03
NORMAL tid=08 addr=7 fc=0x03
NORMAL tid=09 addr=8 fc=0x03
NORMAL tid=10 addr=9 fc=0x03
NORMAL tid=11 addr=0 fc=0x03
NORMAL tid=12 addr=1 fc=0x03
NORMAL tid=13 addr=2 fc=0x03
NORMAL tid=14 addr=3 fc=0x03
NORMAL tid=15 addr=4 fc=0x03
NORMAL tid=16 addr=5 fc=0x03
NORMAL tid=17 addr=6 fc=0x03
NORMAL tid=18 addr=7 fc=0x03
NORMAL tid=19 addr=8 fc=0x03
NORMAL tid=20 addr=9 fc=0x03
BURST tid=21 addr=0 fc=0x03
BURST tid=22 addr=1 fc=0x03
BURST tid=23 addr=2 fc=0x03
BURST tid=24 addr=3 fc=0x03
BURST tid=25 addr=4 fc=0x03
BURST tid=26 addr=5 fc=0x03
BURST tid=27 addr=6 fc=0x03
BURST tid=28 addr=7 fc=0x03
BURST tid=29 addr=8 fc=0x03
BURST tid=30 addr=9 fc=0x03
BURST tid=31 addr=0 fc=0x03
BURST tid=32 addr=1 fc=0x03
BURST tid=33 addr=2 fc=0x03
BURST tid=34 addr=3 fc=0x03
BURST tid=35 addr=4 fc=0x03
BURST tid=36 addr=5 fc=0x03
BURST tid=37 addr=6 fc=0x03
BURST tid=38 addr=7 fc=0x03
BURST tid=39 addr=8 fc=0x03
BURST tid=40 addr=9 fc=0x03
NORMAL tid=41 addr=0 fc=0x03
NORMAL tid=42 addr=1 fc=0x03
NORMAL tid=43 addr=2 fc=0x03
NORMAL tid=44 addr=3 fc=0x03
NORMAL tid=45 addr=4 fc=0x03
NORMAL tid=46 addr=5 fc=0x03
NORMAL tid=47 addr=6 fc=0x03
NORMAL tid=48 addr=7 fc=0x03
NORMAL tid=49 addr=8 fc=0x03
NORMAL tid=50 addr=9 fc=0x03
NORMAL tid=51 addr=0 fc=0x03
NORMAL tid=52 addr=1 fc=0x03
NORMAL tid=53 addr=2 fc=0x03
NORMAL tid=54 addr=3 fc=0x03
NORMAL tid=55 addr=4 fc=0x03
NORMAL tid=56 addr=5 fc=0x03
NORMAL tid=57 addr=6 fc=0x03
NORMAL tid=58 addr=7 fc=0x03
NORMAL tid=59 addr=8 fc=0x03
NORMAL tid=60 addr=9 fc=0x03
REQUESTS_SUCCESSFUL=60
REQUESTS_MISSED=0

RAW PCAP:
30278e2a369f92fba0c1b65cc91c2afd002f59d2d4d8491101d9c22124ea8199  /home/chand/otshield-bench/evidence/v06/20260922T021855Z/trial-2/delay20_jitter5_loss5/raw.pcap
NORMALIZED_RECORDS= 60

CONDITION COMPLETE:
trial=2 condition=delay20_jitter5_loss5

----------------------------------------------
TRIAL=2
CONDITION=delay40_jitter10
DELAY=40ms
JITTER=10ms
LOSS=0%
----------------------------------------------
Predeclared: openplc-v06-20260922T021855Z-t02-delay40_jitter10
Normal: 40
Anomaly: 20
8cdda33f8c1f71f08d6899591248af3cec557663797042ab0638954ea3ce924d  /home/chand/otshield-bench/evidence/v06/20260922T021855Z/trial-2/delay40_jitter10/protocol.json
NETEM:
qdisc netem 80bb: root refcnt 13 limit 1000 delay 40ms  10ms seed 4689762126277401559
NORMAL tid=01 addr=0 fc=0x03
NORMAL tid=02 addr=1 fc=0x03
NORMAL tid=03 addr=2 fc=0x03
NORMAL tid=04 addr=3 fc=0x03
NORMAL tid=05 addr=4 fc=0x03
NORMAL tid=06 addr=5 fc=0x03
NORMAL tid=07 addr=6 fc=0x03
NORMAL tid=08 addr=7 fc=0x03
NORMAL tid=09 addr=8 fc=0x03
NORMAL tid=10 addr=9 fc=0x03
NORMAL tid=11 addr=0 fc=0x03
NORMAL tid=12 addr=1 fc=0x03
NORMAL tid=13 addr=2 fc=0x03
NORMAL tid=14 addr=3 fc=0x03
NORMAL tid=15 addr=4 fc=0x03
NORMAL tid=16 addr=5 fc=0x03
NORMAL tid=17 addr=6 fc=0x03
NORMAL tid=18 addr=7 fc=0x03
NORMAL tid=19 addr=8 fc=0x03
NORMAL tid=20 addr=9 fc=0x03
BURST tid=21 addr=0 fc=0x03
BURST tid=22 addr=1 fc=0x03
BURST tid=23 addr=2 fc=0x03
BURST tid=24 addr=3 fc=0x03
BURST tid=25 addr=4 fc=0x03
BURST tid=26 addr=5 fc=0x03
BURST tid=27 addr=6 fc=0x03
BURST tid=28 addr=7 fc=0x03
BURST tid=29 addr=8 fc=0x03
BURST tid=30 addr=9 fc=0x03
BURST tid=31 addr=0 fc=0x03
BURST tid=32 addr=1 fc=0x03
BURST tid=33 addr=2 fc=0x03
BURST tid=34 addr=3 fc=0x03
BURST tid=35 addr=4 fc=0x03
BURST tid=36 addr=5 fc=0x03
BURST tid=37 addr=6 fc=0x03
BURST tid=38 addr=7 fc=0x03
BURST tid=39 addr=8 fc=0x03
BURST tid=40 addr=9 fc=0x03
NORMAL tid=41 addr=0 fc=0x03
NORMAL tid=42 addr=1 fc=0x03
NORMAL tid=43 addr=2 fc=0x03
NORMAL tid=44 addr=3 fc=0x03
NORMAL tid=45 addr=4 fc=0x03
NORMAL tid=46 addr=5 fc=0x03
NORMAL tid=47 addr=6 fc=0x03
NORMAL tid=48 addr=7 fc=0x03
NORMAL tid=49 addr=8 fc=0x03
NORMAL tid=50 addr=9 fc=0x03
NORMAL tid=51 addr=0 fc=0x03
NORMAL tid=52 addr=1 fc=0x03
NORMAL tid=53 addr=2 fc=0x03
NORMAL tid=54 addr=3 fc=0x03
NORMAL tid=55 addr=4 fc=0x03
NORMAL tid=56 addr=5 fc=0x03
NORMAL tid=57 addr=6 fc=0x03
NORMAL tid=58 addr=7 fc=0x03
NORMAL tid=59 addr=8 fc=0x03
NORMAL tid=60 addr=9 fc=0x03
REQUESTS_SUCCESSFUL=60
REQUESTS_MISSED=0

RAW PCAP:
740bf139355492033e5638e55142ac0bf7c45fad4e5937c5e438954b3576a500  /home/chand/otshield-bench/evidence/v06/20260922T021855Z/trial-2/delay40_jitter10/raw.pcap
NORMALIZED_RECORDS= 60

CONDITION COMPLETE:
trial=2 condition=delay40_jitter10

----------------------------------------------
TRIAL=2
CONDITION=delay60_jitter10
DELAY=60ms
JITTER=10ms
LOSS=0%
----------------------------------------------
Predeclared: openplc-v06-20260922T021855Z-t02-delay60_jitter10
Normal: 40
Anomaly: 20
b28ec82f817556fb66f2be961ed55e7d02c4da7650083663f9f466ccf36ac7d3  /home/chand/otshield-bench/evidence/v06/20260922T021855Z/trial-2/delay60_jitter10/protocol.json
NETEM:
qdisc netem 80bc: root refcnt 13 limit 1000 delay 60ms  10ms seed 12596761591707427819
NORMAL tid=01 addr=0 fc=0x03
NORMAL tid=02 addr=1 fc=0x03
NORMAL tid=03 addr=2 fc=0x03
NORMAL tid=04 addr=3 fc=0x03
NORMAL tid=05 addr=4 fc=0x03
NORMAL tid=06 addr=5 fc=0x03
NORMAL tid=07 addr=6 fc=0x03
NORMAL tid=08 addr=7 fc=0x03
NORMAL tid=09 addr=8 fc=0x03
NORMAL tid=10 addr=9 fc=0x03
NORMAL tid=11 addr=0 fc=0x03
NORMAL tid=12 addr=1 fc=0x03
NORMAL tid=13 addr=2 fc=0x03
NORMAL tid=14 addr=3 fc=0x03
NORMAL tid=15 addr=4 fc=0x03
NORMAL tid=16 addr=5 fc=0x03
NORMAL tid=17 addr=6 fc=0x03
NORMAL tid=18 addr=7 fc=0x03
NORMAL tid=19 addr=8 fc=0x03
NORMAL tid=20 addr=9 fc=0x03
BURST tid=21 addr=0 fc=0x03
BURST tid=22 addr=1 fc=0x03
BURST tid=23 addr=2 fc=0x03
BURST tid=24 addr=3 fc=0x03
BURST tid=25 addr=4 fc=0x03
BURST tid=26 addr=5 fc=0x03
BURST tid=27 addr=6 fc=0x03
BURST tid=28 addr=7 fc=0x03
BURST tid=29 addr=8 fc=0x03
BURST tid=30 addr=9 fc=0x03
BURST tid=31 addr=0 fc=0x03
BURST tid=32 addr=1 fc=0x03
BURST tid=33 addr=2 fc=0x03
BURST tid=34 addr=3 fc=0x03
BURST tid=35 addr=4 fc=0x03
BURST tid=36 addr=5 fc=0x03
BURST tid=37 addr=6 fc=0x03
BURST tid=38 addr=7 fc=0x03
BURST tid=39 addr=8 fc=0x03
BURST tid=40 addr=9 fc=0x03
NORMAL tid=41 addr=0 fc=0x03
NORMAL tid=42 addr=1 fc=0x03
NORMAL tid=43 addr=2 fc=0x03
NORMAL tid=44 addr=3 fc=0x03
NORMAL tid=45 addr=4 fc=0x03
NORMAL tid=46 addr=5 fc=0x03
NORMAL tid=47 addr=6 fc=0x03
NORMAL tid=48 addr=7 fc=0x03
NORMAL tid=49 addr=8 fc=0x03
NORMAL tid=50 addr=9 fc=0x03
NORMAL tid=51 addr=0 fc=0x03
NORMAL tid=52 addr=1 fc=0x03
NORMAL tid=53 addr=2 fc=0x03
NORMAL tid=54 addr=3 fc=0x03
NORMAL tid=55 addr=4 fc=0x03
NORMAL tid=56 addr=5 fc=0x03
NORMAL tid=57 addr=6 fc=0x03
NORMAL tid=58 addr=7 fc=0x03
NORMAL tid=59 addr=8 fc=0x03
NORMAL tid=60 addr=9 fc=0x03
REQUESTS_SUCCESSFUL=60
REQUESTS_MISSED=0

RAW PCAP:
5e27355b24606ac554877e5d1632c7fc19b1f4e117d471b38bc1fbda19764676  /home/chand/otshield-bench/evidence/v06/20260922T021855Z/trial-2/delay60_jitter10/raw.pcap
NORMALIZED_RECORDS= 60

CONDITION COMPLETE:
trial=2 condition=delay60_jitter10

----------------------------------------------
TRIAL=2
CONDITION=clean
DELAY=0ms
JITTER=0ms
LOSS=0%
----------------------------------------------
Predeclared: openplc-v06-20260922T021855Z-t02-clean
Normal: 40
Anomaly: 20
7c26b629eef48bbbad3a003a968d62fa1cb5f17ac833c0aa21f4f69121b9f77d  /home/chand/otshield-bench/evidence/v06/20260922T021855Z/trial-2/clean/protocol.json
NETEM: clean
NORMAL tid=01 addr=0 fc=0x03
NORMAL tid=02 addr=1 fc=0x03
NORMAL tid=03 addr=2 fc=0x03
NORMAL tid=04 addr=3 fc=0x03
NORMAL tid=05 addr=4 fc=0x03
NORMAL tid=06 addr=5 fc=0x03
NORMAL tid=07 addr=6 fc=0x03
NORMAL tid=08 addr=7 fc=0x03
NORMAL tid=09 addr=8 fc=0x03
NORMAL tid=10 addr=9 fc=0x03
NORMAL tid=11 addr=0 fc=0x03
NORMAL tid=12 addr=1 fc=0x03
NORMAL tid=13 addr=2 fc=0x03
NORMAL tid=14 addr=3 fc=0x03
NORMAL tid=15 addr=4 fc=0x03
NORMAL tid=16 addr=5 fc=0x03
NORMAL tid=17 addr=6 fc=0x03
NORMAL tid=18 addr=7 fc=0x03
NORMAL tid=19 addr=8 fc=0x03
NORMAL tid=20 addr=9 fc=0x03
BURST tid=21 addr=0 fc=0x03
BURST tid=22 addr=1 fc=0x03
BURST tid=23 addr=2 fc=0x03
BURST tid=24 addr=3 fc=0x03
BURST tid=25 addr=4 fc=0x03
BURST tid=26 addr=5 fc=0x03
BURST tid=27 addr=6 fc=0x03
BURST tid=28 addr=7 fc=0x03
BURST tid=29 addr=8 fc=0x03
BURST tid=30 addr=9 fc=0x03
BURST tid=31 addr=0 fc=0x03
BURST tid=32 addr=1 fc=0x03
BURST tid=33 addr=2 fc=0x03
BURST tid=34 addr=3 fc=0x03
BURST tid=35 addr=4 fc=0x03
BURST tid=36 addr=5 fc=0x03
BURST tid=37 addr=6 fc=0x03
BURST tid=38 addr=7 fc=0x03
BURST tid=39 addr=8 fc=0x03
BURST tid=40 addr=9 fc=0x03
NORMAL tid=41 addr=0 fc=0x03
NORMAL tid=42 addr=1 fc=0x03
NORMAL tid=43 addr=2 fc=0x03
NORMAL tid=44 addr=3 fc=0x03
NORMAL tid=45 addr=4 fc=0x03
NORMAL tid=46 addr=5 fc=0x03
NORMAL tid=47 addr=6 fc=0x03
NORMAL tid=48 addr=7 fc=0x03
NORMAL tid=49 addr=8 fc=0x03
NORMAL tid=50 addr=9 fc=0x03
NORMAL tid=51 addr=0 fc=0x03
NORMAL tid=52 addr=1 fc=0x03
NORMAL tid=53 addr=2 fc=0x03
NORMAL tid=54 addr=3 fc=0x03
NORMAL tid=55 addr=4 fc=0x03
NORMAL tid=56 addr=5 fc=0x03
NORMAL tid=57 addr=6 fc=0x03
NORMAL tid=58 addr=7 fc=0x03
NORMAL tid=59 addr=8 fc=0x03
NORMAL tid=60 addr=9 fc=0x03
REQUESTS_SUCCESSFUL=60
REQUESTS_MISSED=0

RAW PCAP:
06c8a743ec3787fdda48faeb43061fdfac664d7cb7907faae375b95584b199c9  /home/chand/otshield-bench/evidence/v06/20260922T021855Z/trial-2/clean/raw.pcap
NORMALIZED_RECORDS= 60

CONDITION COMPLETE:
trial=2 condition=clean

TRIAL 2 COMPLETE

##############################################
TRIAL 3 / 25
##############################################
 Network docker_otshield-ics-net Creating 
 Network docker_otshield-ics-net Creating 
 Network docker_otshield-ics-net Created 
 Network docker_otshield-ics-net Created 
 Container otshield-openplc Creating 
 Container otshield-openplc Created 
 Container otshield-openplc Starting 
 Container otshield-openplc Started 
OpenPLC: starting
OpenPLC: healthy
OPENPLC_EXPECTED_ID=d7426e3b43594bd9a710a7bb124c9055a0322a30195f6d613afed17be01a0b7a
Network: docker_otshield-ics-net
Image: fortiphyd/grfics-plc:latest
Image ID: sha256:364461af6d7b56563fa6fdc6a296a2dfa6530caf07ea736bbc9a71701a360919

----------------------------------------------
TRIAL=3
CONDITION=delay20_jitter5_loss5
DELAY=20ms
JITTER=5ms
LOSS=5%
----------------------------------------------
Predeclared: openplc-v06-20260922T021855Z-t03-delay20_jitter5_loss5
Normal: 40
Anomaly: 20
e5c8053655c714454ca7f8fb851d309274b15c0dbe89dbdf97d4a1efaec5f987  /home/chand/otshield-bench/evidence/v06/20260922T021855Z/trial-3/delay20_jitter5_loss5/protocol.json
NETEM:
qdisc netem 80bd: root refcnt 13 limit 1000 delay 20ms  5ms loss 5% seed 11048081936707953940
NORMAL tid=01 addr=0 fc=0x03
NORMAL tid=02 addr=1 fc=0x03
NORMAL tid=03 addr=2 fc=0x03
NORMAL tid=04 addr=3 fc=0x03
NORMAL tid=05 addr=4 fc=0x03
NORMAL tid=06 addr=5 fc=0x03
NORMAL tid=07 addr=6 fc=0x03
NORMAL tid=08 addr=7 fc=0x03
NORMAL tid=09 addr=8 fc=0x03
NORMAL tid=10 addr=9 fc=0x03
NORMAL tid=11 addr=0 fc=0x03
NORMAL tid=12 addr=1 fc=0x03
NORMAL tid=13 addr=2 fc=0x03
NORMAL tid=14 addr=3 fc=0x03
NORMAL tid=15 addr=4 fc=0x03
NORMAL tid=16 addr=5 fc=0x03
NORMAL tid=17 addr=6 fc=0x03
NORMAL tid=18 addr=7 fc=0x03
NORMAL tid=19 addr=8 fc=0x03
NORMAL tid=20 addr=9 fc=0x03
BURST tid=21 addr=0 fc=0x03
BURST tid=22 addr=1 fc=0x03
BURST tid=23 addr=2 fc=0x03
BURST tid=24 addr=3 fc=0x03
BURST tid=25 addr=4 fc=0x03
BURST tid=26 addr=5 fc=0x03
BURST tid=27 addr=6 fc=0x03
BURST tid=28 addr=7 fc=0x03
BURST tid=29 addr=8 fc=0x03
BURST tid=30 addr=9 fc=0x03
BURST tid=31 addr=0 fc=0x03
BURST tid=32 addr=1 fc=0x03
BURST tid=33 addr=2 fc=0x03
BURST tid=34 addr=3 fc=0x03
BURST tid=35 addr=4 fc=0x03
BURST tid=36 addr=5 fc=0x03
BURST tid=37 addr=6 fc=0x03
BURST tid=38 addr=7 fc=0x03
BURST tid=39 addr=8 fc=0x03
BURST tid=40 addr=9 fc=0x03
NORMAL tid=41 addr=0 fc=0x03
NORMAL tid=42 addr=1 fc=0x03
NORMAL tid=43 addr=2 fc=0x03
NORMAL tid=44 addr=3 fc=0x03
NORMAL tid=45 addr=4 fc=0x03
NORMAL tid=46 addr=5 fc=0x03
NORMAL tid=47 addr=6 fc=0x03
NORMAL tid=48 addr=7 fc=0x03
NORMAL tid=49 addr=8 fc=0x03
NORMAL tid=50 addr=9 fc=0x03
NORMAL tid=51 addr=0 fc=0x03
NORMAL tid=52 addr=1 fc=0x03
NORMAL tid=53 addr=2 fc=0x03
NORMAL tid=54 addr=3 fc=0x03
NORMAL tid=55 addr=4 fc=0x03
NORMAL tid=56 addr=5 fc=0x03
NORMAL tid=57 addr=6 fc=0x03
NORMAL tid=58 addr=7 fc=0x03
NORMAL tid=59 addr=8 fc=0x03
NORMAL tid=60 addr=9 fc=0x03
REQUESTS_SUCCESSFUL=60
REQUESTS_MISSED=0

RAW PCAP:
47d569f9cc9a18640c748cda052176f2eb15b3c0672ad4bf89ac41ad614e1769  /home/chand/otshield-bench/evidence/v06/20260922T021855Z/trial-3/delay20_jitter5_loss5/raw.pcap
NORMALIZED_RECORDS= 60

CONDITION COMPLETE:
trial=3 condition=delay20_jitter5_loss5

----------------------------------------------
TRIAL=3
CONDITION=delay40_jitter10
DELAY=40ms
JITTER=10ms
LOSS=0%
----------------------------------------------
Predeclared: openplc-v06-20260922T021855Z-t03-delay40_jitter10
Normal: 40
Anomaly: 20
2cba38e6ebe43c7c03a3fb2a1ccf5cdfa91415f3a6c5b592e5efd24cccca20c1  /home/chand/otshield-bench/evidence/v06/20260922T021855Z/trial-3/delay40_jitter10/protocol.json
NETEM:
qdisc netem 80be: root refcnt 13 limit 1000 delay 40ms  10ms seed 13150089952755931741
NORMAL tid=01 addr=0 fc=0x03
NORMAL tid=02 addr=1 fc=0x03
NORMAL tid=03 addr=2 fc=0x03
NORMAL tid=04 addr=3 fc=0x03
NORMAL tid=05 addr=4 fc=0x03
NORMAL tid=06 addr=5 fc=0x03
NORMAL tid=07 addr=6 fc=0x03
NORMAL tid=08 addr=7 fc=0x03
NORMAL tid=09 addr=8 fc=0x03
NORMAL tid=10 addr=9 fc=0x03
NORMAL tid=11 addr=0 fc=0x03
NORMAL tid=12 addr=1 fc=0x03
NORMAL tid=13 addr=2 fc=0x03
NORMAL tid=14 addr=3 fc=0x03
NORMAL tid=15 addr=4 fc=0x03
NORMAL tid=16 addr=5 fc=0x03
NORMAL tid=17 addr=6 fc=0x03
NORMAL tid=18 addr=7 fc=0x03
NORMAL tid=19 addr=8 fc=0x03
NORMAL tid=20 addr=9 fc=0x03
BURST tid=21 addr=0 fc=0x03
BURST tid=22 addr=1 fc=0x03
BURST tid=23 addr=2 fc=0x03
BURST tid=24 addr=3 fc=0x03
BURST tid=25 addr=4 fc=0x03
BURST tid=26 addr=5 fc=0x03
BURST tid=27 addr=6 fc=0x03
BURST tid=28 addr=7 fc=0x03
BURST tid=29 addr=8 fc=0x03
BURST tid=30 addr=9 fc=0x03
BURST tid=31 addr=0 fc=0x03
BURST tid=32 addr=1 fc=0x03
BURST tid=33 addr=2 fc=0x03
BURST tid=34 addr=3 fc=0x03
BURST tid=35 addr=4 fc=0x03
BURST tid=36 addr=5 fc=0x03
BURST tid=37 addr=6 fc=0x03
BURST tid=38 addr=7 fc=0x03
BURST tid=39 addr=8 fc=0x03
BURST tid=40 addr=9 fc=0x03
NORMAL tid=41 addr=0 fc=0x03
NORMAL tid=42 addr=1 fc=0x03
NORMAL tid=43 addr=2 fc=0x03
NORMAL tid=44 addr=3 fc=0x03
NORMAL tid=45 addr=4 fc=0x03
NORMAL tid=46 addr=5 fc=0x03
NORMAL tid=47 addr=6 fc=0x03
NORMAL tid=48 addr=7 fc=0x03
NORMAL tid=49 addr=8 fc=0x03
NORMAL tid=50 addr=9 fc=0x03
NORMAL tid=51 addr=0 fc=0x03
NORMAL tid=52 addr=1 fc=0x03
NORMAL tid=53 addr=2 fc=0x03
NORMAL tid=54 addr=3 fc=0x03
NORMAL tid=55 addr=4 fc=0x03
NORMAL tid=56 addr=5 fc=0x03
NORMAL tid=57 addr=6 fc=0x03
NORMAL tid=58 addr=7 fc=0x03
NORMAL tid=59 addr=8 fc=0x03
NORMAL tid=60 addr=9 fc=0x03
REQUESTS_SUCCESSFUL=60
REQUESTS_MISSED=0

RAW PCAP:
a34c145e3938ec4da406e5dd0eb8438a56384a6aac4c6cc5d43bd118af4b1e32  /home/chand/otshield-bench/evidence/v06/20260922T021855Z/trial-3/delay40_jitter10/raw.pcap
NORMALIZED_RECORDS= 60

CONDITION COMPLETE:
trial=3 condition=delay40_jitter10

----------------------------------------------
TRIAL=3
CONDITION=delay60_jitter10
DELAY=60ms
JITTER=10ms
LOSS=0%
----------------------------------------------
Predeclared: openplc-v06-20260922T021855Z-t03-delay60_jitter10
Normal: 40
Anomaly: 20
2d07e051c1a475a6b3062ac8ad9fb382b40b8513ba8d223328df69bbccbf0c11  /home/chand/otshield-bench/evidence/v06/20260922T021855Z/trial-3/delay60_jitter10/protocol.json
NETEM:
qdisc netem 80bf: root refcnt 13 limit 1000 delay 60ms  10ms seed 5410772092951595874
NORMAL tid=01 addr=0 fc=0x03
NORMAL tid=02 addr=1 fc=0x03
NORMAL tid=03 addr=2 fc=0x03
NORMAL tid=04 addr=3 fc=0x03
NORMAL tid=05 addr=4 fc=0x03
NORMAL tid=06 addr=5 fc=0x03
NORMAL tid=07 addr=6 fc=0x03
NORMAL tid=08 addr=7 fc=0x03
NORMAL tid=09 addr=8 fc=0x03
NORMAL tid=10 addr=9 fc=0x03
NORMAL tid=11 addr=0 fc=0x03
NORMAL tid=12 addr=1 fc=0x03
NORMAL tid=13 addr=2 fc=0x03
NORMAL tid=14 addr=3 fc=0x03
NORMAL tid=15 addr=4 fc=0x03
NORMAL tid=16 addr=5 fc=0x03
NORMAL tid=17 addr=6 fc=0x03
NORMAL tid=18 addr=7 fc=0x03
NORMAL tid=19 addr=8 fc=0x03
NORMAL tid=20 addr=9 fc=0x03
BURST tid=21 addr=0 fc=0x03
BURST tid=22 addr=1 fc=0x03
BURST tid=23 addr=2 fc=0x03
BURST tid=24 addr=3 fc=0x03
BURST tid=25 addr=4 fc=0x03
BURST tid=26 addr=5 fc=0x03
BURST tid=27 addr=6 fc=0x03
BURST tid=28 addr=7 fc=0x03
BURST tid=29 addr=8 fc=0x03
BURST tid=30 addr=9 fc=0x03
BURST tid=31 addr=0 fc=0x03
BURST tid=32 addr=1 fc=0x03
BURST tid=33 addr=2 fc=0x03
BURST tid=34 addr=3 fc=0x03
BURST tid=35 addr=4 fc=0x03
BURST tid=36 addr=5 fc=0x03
BURST tid=37 addr=6 fc=0x03
BURST tid=38 addr=7 fc=0x03
BURST tid=39 addr=8 fc=0x03
BURST tid=40 addr=9 fc=0x03
NORMAL tid=41 addr=0 fc=0x03
NORMAL tid=42 addr=1 fc=0x03
NORMAL tid=43 addr=2 fc=0x03
NORMAL tid=44 addr=3 fc=0x03
NORMAL tid=45 addr=4 fc=0x03
NORMAL tid=46 addr=5 fc=0x03
NORMAL tid=47 addr=6 fc=0x03
NORMAL tid=48 addr=7 fc=0x03
NORMAL tid=49 addr=8 fc=0x03
NORMAL tid=50 addr=9 fc=0x03
NORMAL tid=51 addr=0 fc=0x03
NORMAL tid=52 addr=1 fc=0x03
NORMAL tid=53 addr=2 fc=0x03
NORMAL tid=54 addr=3 fc=0x03
NORMAL tid=55 addr=4 fc=0x03
NORMAL tid=56 addr=5 fc=0x03
NORMAL tid=57 addr=6 fc=0x03
NORMAL tid=58 addr=7 fc=0x03
NORMAL tid=59 addr=8 fc=0x03
NORMAL tid=60 addr=9 fc=0x03
REQUESTS_SUCCESSFUL=60
REQUESTS_MISSED=0

RAW PCAP:
73fb1c159d8d42254503d39da967065714ba9d2e6f6129f6a675454f8df77335  /home/chand/otshield-bench/evidence/v06/20260922T021855Z/trial-3/delay60_jitter10/raw.pcap
NORMALIZED_RECORDS= 60

CONDITION COMPLETE:
trial=3 condition=delay60_jitter10

----------------------------------------------
TRIAL=3
CONDITION=clean
DELAY=0ms
JITTER=0ms
LOSS=0%
----------------------------------------------
Predeclared: openplc-v06-20260922T021855Z-t03-clean
Normal: 40
Anomaly: 20
ce36e6bd5b7ad9b0d200c3864cafe4e05c236f219de33995cc9e4922ec57e767  /home/chand/otshield-bench/evidence/v06/20260922T021855Z/trial-3/clean/protocol.json
NETEM: clean
NORMAL tid=01 addr=0 fc=0x03
NORMAL tid=02 addr=1 fc=0x03
NORMAL tid=03 addr=2 fc=0x03
NORMAL tid=04 addr=3 fc=0x03
NORMAL tid=05 addr=4 fc=0x03
NORMAL tid=06 addr=5 fc=0x03
NORMAL tid=07 addr=6 fc=0x03
NORMAL tid=08 addr=7 fc=0x03
NORMAL tid=09 addr=8 fc=0x03
NORMAL tid=10 addr=9 fc=0x03
NORMAL tid=11 addr=0 fc=0x03
NORMAL tid=12 addr=1 fc=0x03
NORMAL tid=13 addr=2 fc=0x03
NORMAL tid=14 addr=3 fc=0x03
NORMAL tid=15 addr=4 fc=0x03
NORMAL tid=16 addr=5 fc=0x03
NORMAL tid=17 addr=6 fc=0x03
NORMAL tid=18 addr=7 fc=0x03
NORMAL tid=19 addr=8 fc=0x03
NORMAL tid=20 addr=9 fc=0x03
BURST tid=21 addr=0 fc=0x03
BURST tid=22 addr=1 fc=0x03
BURST tid=23 addr=2 fc=0x03
BURST tid=24 addr=3 fc=0x03
BURST tid=25 addr=4 fc=0x03
BURST tid=26 addr=5 fc=0x03
BURST tid=27 addr=6 fc=0x03
BURST tid=28 addr=7 fc=0x03
BURST tid=29 addr=8 fc=0x03
BURST tid=30 addr=9 fc=0x03
BURST tid=31 addr=0 fc=0x03
BURST tid=32 addr=1 fc=0x03
BURST tid=33 addr=2 fc=0x03
BURST tid=34 addr=3 fc=0x03
BURST tid=35 addr=4 fc=0x03
BURST tid=36 addr=5 fc=0x03
BURST tid=37 addr=6 fc=0x03
BURST tid=38 addr=7 fc=0x03
BURST tid=39 addr=8 fc=0x03
BURST tid=40 addr=9 fc=0x03
NORMAL tid=41 addr=0 fc=0x03
NORMAL tid=42 addr=1 fc=0x03
NORMAL tid=43 addr=2 fc=0x03
NORMAL tid=44 addr=3 fc=0x03
NORMAL tid=45 addr=4 fc=0x03
NORMAL tid=46 addr=5 fc=0x03
NORMAL tid=47 addr=6 fc=0x03
NORMAL tid=48 addr=7 fc=0x03
NORMAL tid=49 addr=8 fc=0x03
NORMAL tid=50 addr=9 fc=0x03
NORMAL tid=51 addr=0 fc=0x03
NORMAL tid=52 addr=1 fc=0x03
NORMAL tid=53 addr=2 fc=0x03
NORMAL tid=54 addr=3 fc=0x03
NORMAL tid=55 addr=4 fc=0x03
NORMAL tid=56 addr=5 fc=0x03
NORMAL tid=57 addr=6 fc=0x03
NORMAL tid=58 addr=7 fc=0x03
NORMAL tid=59 addr=8 fc=0x03
NORMAL tid=60 addr=9 fc=0x03
REQUESTS_SUCCESSFUL=60
REQUESTS_MISSED=0

RAW PCAP:
a3116632cc73a32dd3b0789d5b1fb407dcb7c9c1b8b5b01bd04bd6bf8a19aee0  /home/chand/otshield-bench/evidence/v06/20260922T021855Z/trial-3/clean/raw.pcap
NORMALIZED_RECORDS= 60

CONDITION COMPLETE:
trial=3 condition=clean

----------------------------------------------
TRIAL=3
CONDITION=delay20
DELAY=20ms
JITTER=0ms
LOSS=0%
----------------------------------------------
Predeclared: openplc-v06-20260922T021855Z-t03-delay20
Normal: 40
Anomaly: 20
38927c232ae95b3e2e70cfa2857debc57d9a387f2ddb6fc18f889dce9ffa4c99  /home/chand/otshield-bench/evidence/v06/20260922T021855Z/trial-3/delay20/protocol.json
NETEM:
qdisc netem 80c0: root refcnt 13 limit 1000 delay 20ms seed 11747830690482428461
NORMAL tid=01 addr=0 fc=0x03
NORMAL tid=02 addr=1 fc=0x03
NORMAL tid=03 addr=2 fc=0x03
NORMAL tid=04 addr=3 fc=0x03
NORMAL tid=05 addr=4 fc=0x03
NORMAL tid=06 addr=5 fc=0x03
NORMAL tid=07 addr=6 fc=0x03
NORMAL tid=08 addr=7 fc=0x03
NORMAL tid=09 addr=8 fc=0x03
NORMAL tid=10 addr=9 fc=0x03
NORMAL tid=11 addr=0 fc=0x03
NORMAL tid=12 addr=1 fc=0x03
NORMAL tid=13 addr=2 fc=0x03
NORMAL tid=14 addr=3 fc=0x03
NORMAL tid=15 addr=4 fc=0x03
NORMAL tid=16 addr=5 fc=0x03
NORMAL tid=17 addr=6 fc=0x03
NORMAL tid=18 addr=7 fc=0x03
NORMAL tid=19 addr=8 fc=0x03
NORMAL tid=20 addr=9 fc=0x03
BURST tid=21 addr=0 fc=0x03
BURST tid=22 addr=1 fc=0x03
BURST tid=23 addr=2 fc=0x03
BURST tid=24 addr=3 fc=0x03
BURST tid=25 addr=4 fc=0x03
BURST tid=26 addr=5 fc=0x03
BURST tid=27 addr=6 fc=0x03
BURST tid=28 addr=7 fc=0x03
BURST tid=29 addr=8 fc=0x03
BURST tid=30 addr=9 fc=0x03
BURST tid=31 addr=0 fc=0x03
BURST tid=32 addr=1 fc=0x03
BURST tid=33 addr=2 fc=0x03
BURST tid=34 addr=3 fc=0x03
BURST tid=35 addr=4 fc=0x03
BURST tid=36 addr=5 fc=0x03
BURST tid=37 addr=6 fc=0x03
BURST tid=38 addr=7 fc=0x03
BURST tid=39 addr=8 fc=0x03
BURST tid=40 addr=9 fc=0x03
NORMAL tid=41 addr=0 fc=0x03
NORMAL tid=42 addr=1 fc=0x03
NORMAL tid=43 addr=2 fc=0x03
NORMAL tid=44 addr=3 fc=0x03
NORMAL tid=45 addr=4 fc=0x03
NORMAL tid=46 addr=5 fc=0x03
NORMAL tid=47 addr=6 fc=0x03
NORMAL tid=48 addr=7 fc=0x03
NORMAL tid=49 addr=8 fc=0x03
NORMAL tid=50 addr=9 fc=0x03
NORMAL tid=51 addr=0 fc=0x03
NORMAL tid=52 addr=1 fc=0x03
NORMAL tid=53 addr=2 fc=0x03
NORMAL tid=54 addr=3 fc=0x03
NORMAL tid=55 addr=4 fc=0x03
NORMAL tid=56 addr=5 fc=0x03
NORMAL tid=57 addr=6 fc=0x03
NORMAL tid=58 addr=7 fc=0x03
NORMAL tid=59 addr=8 fc=0x03
NORMAL tid=60 addr=9 fc=0x03
REQUESTS_SUCCESSFUL=60
REQUESTS_MISSED=0

RAW PCAP:
a3e66be3ec4814ebb9a19f1fe925baf45c2a363944e09d90676d132b111578fb  /home/chand/otshield-bench/evidence/v06/20260922T021855Z/trial-3/delay20/raw.pcap
NORMALIZED_RECORDS= 60

CONDITION COMPLETE:
trial=3 condition=delay20

TRIAL 3 COMPLETE

##############################################
TRIAL 4 / 25
##############################################
 Network docker_otshield-ics-net Creating 
 Network docker_otshield-ics-net Creating 
 Network docker_otshield-ics-net Created 
 Network docker_otshield-ics-net Created 
 Container otshield-openplc Creating 
 Container otshield-openplc Created 
 Container otshield-openplc Starting 
 Container otshield-openplc Started 
OpenPLC: starting
OpenPLC: healthy
OPENPLC_EXPECTED_ID=518afb8637aff9d53227f5a5cb72754687b006ca19bd28db892d7d2f5b085138
Network: docker_otshield-ics-net
Image: fortiphyd/grfics-plc:latest
Image ID: sha256:364461af6d7b56563fa6fdc6a296a2dfa6530caf07ea736bbc9a71701a360919

----------------------------------------------
TRIAL=4
CONDITION=delay40_jitter10
DELAY=40ms
JITTER=10ms
LOSS=0%
----------------------------------------------
Predeclared: openplc-v06-20260922T021855Z-t04-delay40_jitter10
Normal: 40
Anomaly: 20
81a41895da5343262a4569b5cddea9091c0c0d3f035812da599db82f055edd2f  /home/chand/otshield-bench/evidence/v06/20260922T021855Z/trial-4/delay40_jitter10/protocol.json
NETEM:
qdisc netem 80c1: root refcnt 13 limit 1000 delay 40ms  10ms seed 15142253449479910573
NORMAL tid=01 addr=0 fc=0x03
NORMAL tid=02 addr=1 fc=0x03
NORMAL tid=03 addr=2 fc=0x03
NORMAL tid=04 addr=3 fc=0x03
NORMAL tid=05 addr=4 fc=0x03
NORMAL tid=06 addr=5 fc=0x03
NORMAL tid=07 addr=6 fc=0x03
NORMAL tid=08 addr=7 fc=0x03
NORMAL tid=09 addr=8 fc=0x03
NORMAL tid=10 addr=9 fc=0x03
NORMAL tid=11 addr=0 fc=0x03
NORMAL tid=12 addr=1 fc=0x03
NORMAL tid=13 addr=2 fc=0x03
NORMAL tid=14 addr=3 fc=0x03
NORMAL tid=15 addr=4 fc=0x03
NORMAL tid=16 addr=5 fc=0x03
NORMAL tid=17 addr=6 fc=0x03
NORMAL tid=18 addr=7 fc=0x03
NORMAL tid=19 addr=8 fc=0x03
NORMAL tid=20 addr=9 fc=0x03
BURST tid=21 addr=0 fc=0x03
BURST tid=22 addr=1 fc=0x03
BURST tid=23 addr=2 fc=0x03
BURST tid=24 addr=3 fc=0x03
BURST tid=25 addr=4 fc=0x03
BURST tid=26 addr=5 fc=0x03
BURST tid=27 addr=6 fc=0x03
BURST tid=28 addr=7 fc=0x03
BURST tid=29 addr=8 fc=0x03
BURST tid=30 addr=9 fc=0x03
BURST tid=31 addr=0 fc=0x03
BURST tid=32 addr=1 fc=0x03
BURST tid=33 addr=2 fc=0x03
BURST tid=34 addr=3 fc=0x03
BURST tid=35 addr=4 fc=0x03
BURST tid=36 addr=5 fc=0x03
BURST tid=37 addr=6 fc=0x03
BURST tid=38 addr=7 fc=0x03
BURST tid=39 addr=8 fc=0x03
BURST tid=40 addr=9 fc=0x03
NORMAL tid=41 addr=0 fc=0x03
NORMAL tid=42 addr=1 fc=0x03
NORMAL tid=43 addr=2 fc=0x03
NORMAL tid=44 addr=3 fc=0x03
NORMAL tid=45 addr=4 fc=0x03
NORMAL tid=46 addr=5 fc=0x03
NORMAL tid=47 addr=6 fc=0x03
NORMAL tid=48 addr=7 fc=0x03
NORMAL tid=49 addr=8 fc=0x03
NORMAL tid=50 addr=9 fc=0x03
NORMAL tid=51 addr=0 fc=0x03
NORMAL tid=52 addr=1 fc=0x03
NORMAL tid=53 addr=2 fc=0x03
NORMAL tid=54 addr=3 fc=0x03
NORMAL tid=55 addr=4 fc=0x03
NORMAL tid=56 addr=5 fc=0x03
NORMAL tid=57 addr=6 fc=0x03
NORMAL tid=58 addr=7 fc=0x03
NORMAL tid=59 addr=8 fc=0x03
NORMAL tid=60 addr=9 fc=0x03
REQUESTS_SUCCESSFUL=60
REQUESTS_MISSED=0

RAW PCAP:
99bdcef4e3ec6313099a277dfc6d2ac8a09e284af9e462e4db4acea0af7aa614  /home/chand/otshield-bench/evidence/v06/20260922T021855Z/trial-4/delay40_jitter10/raw.pcap
NORMALIZED_RECORDS= 60

CONDITION COMPLETE:
trial=4 condition=delay40_jitter10

----------------------------------------------
TRIAL=4
CONDITION=delay60_jitter10
DELAY=60ms
JITTER=10ms
LOSS=0%
----------------------------------------------
Predeclared: openplc-v06-20260922T021855Z-t04-delay60_jitter10
Normal: 40
Anomaly: 20
4760c0eea91a1d891a302826896780295c35f2b316a4f7e6a3b5f80d3b9ffdd8  /home/chand/otshield-bench/evidence/v06/20260922T021855Z/trial-4/delay60_jitter10/protocol.json
NETEM:
qdisc netem 80c2: root refcnt 13 limit 1000 delay 60ms  10ms seed 3552723253865923768
NORMAL tid=01 addr=0 fc=0x03
NORMAL tid=02 addr=1 fc=0x03
NORMAL tid=03 addr=2 fc=0x03
NORMAL tid=04 addr=3 fc=0x03
NORMAL tid=05 addr=4 fc=0x03
NORMAL tid=06 addr=5 fc=0x03
NORMAL tid=07 addr=6 fc=0x03
NORMAL tid=08 addr=7 fc=0x03
NORMAL tid=09 addr=8 fc=0x03
NORMAL tid=10 addr=9 fc=0x03
NORMAL tid=11 addr=0 fc=0x03
NORMAL tid=12 addr=1 fc=0x03
NORMAL tid=13 addr=2 fc=0x03
NORMAL tid=14 addr=3 fc=0x03
NORMAL tid=15 addr=4 fc=0x03
NORMAL tid=16 addr=5 fc=0x03
NORMAL tid=17 addr=6 fc=0x03
NORMAL tid=18 addr=7 fc=0x03
NORMAL tid=19 addr=8 fc=0x03
NORMAL tid=20 addr=9 fc=0x03
BURST tid=21 addr=0 fc=0x03
BURST tid=22 addr=1 fc=0x03
BURST tid=23 addr=2 fc=0x03
BURST tid=24 addr=3 fc=0x03
BURST tid=25 addr=4 fc=0x03
BURST tid=26 addr=5 fc=0x03
BURST tid=27 addr=6 fc=0x03
BURST tid=28 addr=7 fc=0x03
BURST tid=29 addr=8 fc=0x03
BURST tid=30 addr=9 fc=0x03
BURST tid=31 addr=0 fc=0x03
BURST tid=32 addr=1 fc=0x03
BURST tid=33 addr=2 fc=0x03
BURST tid=34 addr=3 fc=0x03
BURST tid=35 addr=4 fc=0x03
BURST tid=36 addr=5 fc=0x03
BURST tid=37 addr=6 fc=0x03
BURST tid=38 addr=7 fc=0x03
BURST tid=39 addr=8 fc=0x03
BURST tid=40 addr=9 fc=0x03
NORMAL tid=41 addr=0 fc=0x03
NORMAL tid=42 addr=1 fc=0x03
NORMAL tid=43 addr=2 fc=0x03
NORMAL tid=44 addr=3 fc=0x03
NORMAL tid=45 addr=4 fc=0x03
NORMAL tid=46 addr=5 fc=0x03
NORMAL tid=47 addr=6 fc=0x03
NORMAL tid=48 addr=7 fc=0x03
NORMAL tid=49 addr=8 fc=0x03
NORMAL tid=50 addr=9 fc=0x03
NORMAL tid=51 addr=0 fc=0x03
NORMAL tid=52 addr=1 fc=0x03
NORMAL tid=53 addr=2 fc=0x03
NORMAL tid=54 addr=3 fc=0x03
NORMAL tid=55 addr=4 fc=0x03
NORMAL tid=56 addr=5 fc=0x03
NORMAL tid=57 addr=6 fc=0x03
NORMAL tid=58 addr=7 fc=0x03
NORMAL tid=59 addr=8 fc=0x03
NORMAL tid=60 addr=9 fc=0x03
REQUESTS_SUCCESSFUL=60
REQUESTS_MISSED=0

RAW PCAP:
6e160fd8b90c27bcdf90d295d60bd594b70211364da37bf274c52aaaae3d95ca  /home/chand/otshield-bench/evidence/v06/20260922T021855Z/trial-4/delay60_jitter10/raw.pcap
NORMALIZED_RECORDS= 60

CONDITION COMPLETE:
trial=4 condition=delay60_jitter10

----------------------------------------------
TRIAL=4
CONDITION=clean
DELAY=0ms
JITTER=0ms
LOSS=0%
----------------------------------------------
Predeclared: openplc-v06-20260922T021855Z-t04-clean
Normal: 40
Anomaly: 20
ad6891700a87e2b01c1fc8597732c5569d7c713e1e6f0bd4abf49d202b6821d0  /home/chand/otshield-bench/evidence/v06/20260922T021855Z/trial-4/clean/protocol.json
NETEM: clean
NORMAL tid=01 addr=0 fc=0x03
NORMAL tid=02 addr=1 fc=0x03
NORMAL tid=03 addr=2 fc=0x03
NORMAL tid=04 addr=3 fc=0x03
NORMAL tid=05 addr=4 fc=0x03
NORMAL tid=06 addr=5 fc=0x03
NORMAL tid=07 addr=6 fc=0x03
NORMAL tid=08 addr=7 fc=0x03
NORMAL tid=09 addr=8 fc=0x03
NORMAL tid=10 addr=9 fc=0x03
NORMAL tid=11 addr=0 fc=0x03
NORMAL tid=12 addr=1 fc=0x03
NORMAL tid=13 addr=2 fc=0x03
NORMAL tid=14 addr=3 fc=0x03
NORMAL tid=15 addr=4 fc=0x03
NORMAL tid=16 addr=5 fc=0x03
NORMAL tid=17 addr=6 fc=0x03
NORMAL tid=18 addr=7 fc=0x03
NORMAL tid=19 addr=8 fc=0x03
NORMAL tid=20 addr=9 fc=0x03
BURST tid=21 addr=0 fc=0x03
BURST tid=22 addr=1 fc=0x03
BURST tid=23 addr=2 fc=0x03
BURST tid=24 addr=3 fc=0x03
BURST tid=25 addr=4 fc=0x03
BURST tid=26 addr=5 fc=0x03
BURST tid=27 addr=6 fc=0x03
BURST tid=28 addr=7 fc=0x03
BURST tid=29 addr=8 fc=0x03
BURST tid=30 addr=9 fc=0x03
BURST tid=31 addr=0 fc=0x03
BURST tid=32 addr=1 fc=0x03
BURST tid=33 addr=2 fc=0x03
BURST tid=34 addr=3 fc=0x03
BURST tid=35 addr=4 fc=0x03
BURST tid=36 addr=5 fc=0x03
BURST tid=37 addr=6 fc=0x03
BURST tid=38 addr=7 fc=0x03
BURST tid=39 addr=8 fc=0x03
BURST tid=40 addr=9 fc=0x03
NORMAL tid=41 addr=0 fc=0x03
NORMAL tid=42 addr=1 fc=0x03
NORMAL tid=43 addr=2 fc=0x03
NORMAL tid=44 addr=3 fc=0x03
NORMAL tid=45 addr=4 fc=0x03
NORMAL tid=46 addr=5 fc=0x03
NORMAL tid=47 addr=6 fc=0x03
NORMAL tid=48 addr=7 fc=0x03
NORMAL tid=49 addr=8 fc=0x03
NORMAL tid=50 addr=9 fc=0x03
NORMAL tid=51 addr=0 fc=0x03
NORMAL tid=52 addr=1 fc=0x03
NORMAL tid=53 addr=2 fc=0x03
NORMAL tid=54 addr=3 fc=0x03
NORMAL tid=55 addr=4 fc=0x03
NORMAL tid=56 addr=5 fc=0x03
NORMAL tid=57 addr=6 fc=0x03
NORMAL tid=58 addr=7 fc=0x03
NORMAL tid=59 addr=8 fc=0x03
NORMAL tid=60 addr=9 fc=0x03
REQUESTS_SUCCESSFUL=60
REQUESTS_MISSED=0

RAW PCAP:
859a938d2aafd53f1cc89a39a240c65a1b178a642d1fd46af45660064b36e725  /home/chand/otshield-bench/evidence/v06/20260922T021855Z/trial-4/clean/raw.pcap
NORMALIZED_RECORDS= 60

CONDITION COMPLETE:
trial=4 condition=clean

----------------------------------------------
TRIAL=4
CONDITION=delay20
DELAY=20ms
JITTER=0ms
LOSS=0%
----------------------------------------------
Predeclared: openplc-v06-20260922T021855Z-t04-delay20
Normal: 40
Anomaly: 20
03778f18a113e3b69bf691a598d69f42b463f469863def4d607490b3e5e65362  /home/chand/otshield-bench/evidence/v06/20260922T021855Z/trial-4/delay20/protocol.json
NETEM:
qdisc netem 80c3: root refcnt 13 limit 1000 delay 20ms seed 14838363064333701965
NORMAL tid=01 addr=0 fc=0x03
NORMAL tid=02 addr=1 fc=0x03
NORMAL tid=03 addr=2 fc=0x03
NORMAL tid=04 addr=3 fc=0x03
NORMAL tid=05 addr=4 fc=0x03
NORMAL tid=06 addr=5 fc=0x03
NORMAL tid=07 addr=6 fc=0x03
NORMAL tid=08 addr=7 fc=0x03
NORMAL tid=09 addr=8 fc=0x03
NORMAL tid=10 addr=9 fc=0x03
NORMAL tid=11 addr=0 fc=0x03
NORMAL tid=12 addr=1 fc=0x03
NORMAL tid=13 addr=2 fc=0x03
NORMAL tid=14 addr=3 fc=0x03
NORMAL tid=15 addr=4 fc=0x03
NORMAL tid=16 addr=5 fc=0x03
NORMAL tid=17 addr=6 fc=0x03
NORMAL tid=18 addr=7 fc=0x03
NORMAL tid=19 addr=8 fc=0x03
NORMAL tid=20 addr=9 fc=0x03
BURST tid=21 addr=0 fc=0x03
BURST tid=22 addr=1 fc=0x03
BURST tid=23 addr=2 fc=0x03
BURST tid=24 addr=3 fc=0x03
BURST tid=25 addr=4 fc=0x03
BURST tid=26 addr=5 fc=0x03
BURST tid=27 addr=6 fc=0x03
BURST tid=28 addr=7 fc=0x03
BURST tid=29 addr=8 fc=0x03
BURST tid=30 addr=9 fc=0x03
BURST tid=31 addr=0 fc=0x03
BURST tid=32 addr=1 fc=0x03
BURST tid=33 addr=2 fc=0x03
BURST tid=34 addr=3 fc=0x03
BURST tid=35 addr=4 fc=0x03
BURST tid=36 addr=5 fc=0x03
BURST tid=37 addr=6 fc=0x03
BURST tid=38 addr=7 fc=0x03
BURST tid=39 addr=8 fc=0x03
BURST tid=40 addr=9 fc=0x03
NORMAL tid=41 addr=0 fc=0x03
NORMAL tid=42 addr=1 fc=0x03
NORMAL tid=43 addr=2 fc=0x03
NORMAL tid=44 addr=3 fc=0x03
NORMAL tid=45 addr=4 fc=0x03
NORMAL tid=46 addr=5 fc=0x03
NORMAL tid=47 addr=6 fc=0x03
NORMAL tid=48 addr=7 fc=0x03
NORMAL tid=49 addr=8 fc=0x03
NORMAL tid=50 addr=9 fc=0x03
NORMAL tid=51 addr=0 fc=0x03
NORMAL tid=52 addr=1 fc=0x03
NORMAL tid=53 addr=2 fc=0x03
NORMAL tid=54 addr=3 fc=0x03
NORMAL tid=55 addr=4 fc=0x03
NORMAL tid=56 addr=5 fc=0x03
NORMAL tid=57 addr=6 fc=0x03
NORMAL tid=58 addr=7 fc=0x03
NORMAL tid=59 addr=8 fc=0x03
NORMAL tid=60 addr=9 fc=0x03
REQUESTS_SUCCESSFUL=60
REQUESTS_MISSED=0

RAW PCAP:
96482060e34f5802d71d951f1116789b52b01b3184f4e33260044167251b031c  /home/chand/otshield-bench/evidence/v06/20260922T021855Z/trial-4/delay20/raw.pcap
NORMALIZED_RECORDS= 60

CONDITION COMPLETE:
trial=4 condition=delay20

----------------------------------------------
TRIAL=4
CONDITION=delay20_jitter5_loss5
DELAY=20ms
JITTER=5ms
LOSS=5%
----------------------------------------------
Predeclared: openplc-v06-20260922T021855Z-t04-delay20_jitter5_loss5
Normal: 40
Anomaly: 20
1d6071969ea994a6c68433040e223061348d10f8e0af38141ef910f0b68b3b28  /home/chand/otshield-bench/evidence/v06/20260922T021855Z/trial-4/delay20_jitter5_loss5/protocol.json
NETEM:
qdisc netem 80c4: root refcnt 13 limit 1000 delay 20ms  5ms loss 5% seed 231035970289260395
NORMAL tid=01 addr=0 fc=0x03
NORMAL tid=02 addr=1 fc=0x03
NORMAL tid=03 addr=2 fc=0x03
NORMAL tid=04 addr=3 fc=0x03
NORMAL tid=05 addr=4 fc=0x03
NORMAL tid=06 addr=5 fc=0x03
NORMAL tid=07 addr=6 fc=0x03
NORMAL tid=08 addr=7 fc=0x03
NORMAL tid=09 addr=8 fc=0x03
NORMAL tid=10 addr=9 fc=0x03
NORMAL tid=11 addr=0 fc=0x03
NORMAL tid=12 addr=1 fc=0x03
NORMAL tid=13 addr=2 fc=0x03
NORMAL tid=14 addr=3 fc=0x03
NORMAL tid=15 addr=4 fc=0x03
NORMAL tid=16 addr=5 fc=0x03
NORMAL tid=17 addr=6 fc=0x03
NORMAL tid=18 addr=7 fc=0x03
NORMAL tid=19 addr=8 fc=0x03
NORMAL tid=20 addr=9 fc=0x03
BURST tid=21 addr=0 fc=0x03
BURST tid=22 addr=1 fc=0x03
BURST tid=23 addr=2 fc=0x03
BURST tid=24 addr=3 fc=0x03
BURST tid=25 addr=4 fc=0x03
BURST tid=26 addr=5 fc=0x03
BURST tid=27 addr=6 fc=0x03
BURST tid=28 addr=7 fc=0x03
BURST tid=29 addr=8 fc=0x03
BURST tid=30 addr=9 fc=0x03
BURST tid=31 addr=0 fc=0x03
BURST tid=32 addr=1 fc=0x03
BURST tid=33 addr=2 fc=0x03
BURST tid=34 addr=3 fc=0x03
BURST tid=35 addr=4 fc=0x03
BURST tid=36 addr=5 fc=0x03
BURST tid=37 addr=6 fc=0x03
BURST tid=38 addr=7 fc=0x03
BURST tid=39 addr=8 fc=0x03
BURST tid=40 addr=9 fc=0x03
NORMAL tid=41 addr=0 fc=0x03
NORMAL tid=42 addr=1 fc=0x03
NORMAL tid=43 addr=2 fc=0x03
NORMAL tid=44 addr=3 fc=0x03
NORMAL tid=45 addr=4 fc=0x03
NORMAL tid=46 addr=5 fc=0x03
NORMAL tid=47 addr=6 fc=0x03
NORMAL tid=48 addr=7 fc=0x03
NORMAL tid=49 addr=8 fc=0x03
NORMAL tid=50 addr=9 fc=0x03
NORMAL tid=51 addr=0 fc=0x03
NORMAL tid=52 addr=1 fc=0x03
NORMAL tid=53 addr=2 fc=0x03
NORMAL tid=54 addr=3 fc=0x03
NORMAL tid=55 addr=4 fc=0x03
NORMAL tid=56 addr=5 fc=0x03
NORMAL tid=57 addr=6 fc=0x03
NORMAL tid=58 addr=7 fc=0x03
NORMAL tid=59 addr=8 fc=0x03
NORMAL tid=60 addr=9 fc=0x03
REQUESTS_SUCCESSFUL=60
REQUESTS_MISSED=0

RAW PCAP:
e910649f4119aa7c617f65372e498e2bd66a31da69270695db1743e29ef5f61f  /home/chand/otshield-bench/evidence/v06/20260922T021855Z/trial-4/delay20_jitter5_loss5/raw.pcap
NORMALIZED_RECORDS= 60

CONDITION COMPLETE:
trial=4 condition=delay20_jitter5_loss5

TRIAL 4 COMPLETE

##############################################
TRIAL 5 / 25
##############################################
 Network docker_otshield-ics-net Creating 
 Network docker_otshield-ics-net Creating 
 Network docker_otshield-ics-net Created 
 Network docker_otshield-ics-net Created 
 Container otshield-openplc Creating 
 Container otshield-openplc Created 
 Container otshield-openplc Starting 
 Container otshield-openplc Started 
OpenPLC: starting
OpenPLC: healthy
OPENPLC_EXPECTED_ID=1f48f1b634280736dfe0e01aabf6cf1a50f3437bc7523703114a54ccef783ec0
Network: docker_otshield-ics-net
Image: fortiphyd/grfics-plc:latest
Image ID: sha256:364461af6d7b56563fa6fdc6a296a2dfa6530caf07ea736bbc9a71701a360919

----------------------------------------------
TRIAL=5
CONDITION=delay60_jitter10
DELAY=60ms
JITTER=10ms
LOSS=0%
----------------------------------------------
Predeclared: openplc-v06-20260922T021855Z-t05-delay60_jitter10
Normal: 40
Anomaly: 20
961c107c7c71c02b671fc2f3449ecdcf97dc9205504e69ece20c4d25e1a60acc  /home/chand/otshield-bench/evidence/v06/20260922T021855Z/trial-5/delay60_jitter10/protocol.json
NETEM:
qdisc netem 80c5: root refcnt 13 limit 1000 delay 60ms  10ms seed 17904192638952828782
NORMAL tid=01 addr=0 fc=0x03
NORMAL tid=02 addr=1 fc=0x03
NORMAL tid=03 addr=2 fc=0x03
NORMAL tid=04 addr=3 fc=0x03
NORMAL tid=05 addr=4 fc=0x03
NORMAL tid=06 addr=5 fc=0x03
NORMAL tid=07 addr=6 fc=0x03
NORMAL tid=08 addr=7 fc=0x03
NORMAL tid=09 addr=8 fc=0x03
NORMAL tid=10 addr=9 fc=0x03
NORMAL tid=11 addr=0 fc=0x03
NORMAL tid=12 addr=1 fc=0x03
NORMAL tid=13 addr=2 fc=0x03
NORMAL tid=14 addr=3 fc=0x03
NORMAL tid=15 addr=4 fc=0x03
NORMAL tid=16 addr=5 fc=0x03
NORMAL tid=17 addr=6 fc=0x03
NORMAL tid=18 addr=7 fc=0x03
NORMAL tid=19 addr=8 fc=0x03
NORMAL tid=20 addr=9 fc=0x03
BURST tid=21 addr=0 fc=0x03
BURST tid=22 addr=1 fc=0x03
BURST tid=23 addr=2 fc=0x03
BURST tid=24 addr=3 fc=0x03
BURST tid=25 addr=4 fc=0x03
BURST tid=26 addr=5 fc=0x03
BURST tid=27 addr=6 fc=0x03
BURST tid=28 addr=7 fc=0x03
BURST tid=29 addr=8 fc=0x03
BURST tid=30 addr=9 fc=0x03
BURST tid=31 addr=0 fc=0x03
BURST tid=32 addr=1 fc=0x03
BURST tid=33 addr=2 fc=0x03
BURST tid=34 addr=3 fc=0x03
BURST tid=35 addr=4 fc=0x03
BURST tid=36 addr=5 fc=0x03
BURST tid=37 addr=6 fc=0x03
BURST tid=38 addr=7 fc=0x03
BURST tid=39 addr=8 fc=0x03
BURST tid=40 addr=9 fc=0x03
NORMAL tid=41 addr=0 fc=0x03
NORMAL tid=42 addr=1 fc=0x03
NORMAL tid=43 addr=2 fc=0x03
NORMAL tid=44 addr=3 fc=0x03
NORMAL tid=45 addr=4 fc=0x03
NORMAL tid=46 addr=5 fc=0x03
NORMAL tid=47 addr=6 fc=0x03
NORMAL tid=48 addr=7 fc=0x03
NORMAL tid=49 addr=8 fc=0x03
NORMAL tid=50 addr=9 fc=0x03
NORMAL tid=51 addr=0 fc=0x03
NORMAL tid=52 addr=1 fc=0x03
NORMAL tid=53 addr=2 fc=0x03
NORMAL tid=54 addr=3 fc=0x03
NORMAL tid=55 addr=4 fc=0x03
NORMAL tid=56 addr=5 fc=0x03
NORMAL tid=57 addr=6 fc=0x03
NORMAL tid=58 addr=7 fc=0x03
NORMAL tid=59 addr=8 fc=0x03
NORMAL tid=60 addr=9 fc=0x03
REQUESTS_SUCCESSFUL=60
REQUESTS_MISSED=0

RAW PCAP:
9afdd1a99d284b52d940906a373694fbaa8ca1051250e7f55bfea9028b84eb14  /home/chand/otshield-bench/evidence/v06/20260922T021855Z/trial-5/delay60_jitter10/raw.pcap
NORMALIZED_RECORDS= 60

CONDITION COMPLETE:
trial=5 condition=delay60_jitter10

----------------------------------------------
TRIAL=5
CONDITION=clean
DELAY=0ms
JITTER=0ms
LOSS=0%
----------------------------------------------
Predeclared: openplc-v06-20260922T021855Z-t05-clean
Normal: 40
Anomaly: 20
ea1ddc6b3ce273f5bc6c69affbd4cf9d49571830153ac29d5eec7c91706fc10c  /home/chand/otshield-bench/evidence/v06/20260922T021855Z/trial-5/clean/protocol.json
NETEM: clean
NORMAL tid=01 addr=0 fc=0x03
NORMAL tid=02 addr=1 fc=0x03
NORMAL tid=03 addr=2 fc=0x03
NORMAL tid=04 addr=3 fc=0x03
NORMAL tid=05 addr=4 fc=0x03
NORMAL tid=06 addr=5 fc=0x03
NORMAL tid=07 addr=6 fc=0x03
NORMAL tid=08 addr=7 fc=0x03
NORMAL tid=09 addr=8 fc=0x03
NORMAL tid=10 addr=9 fc=0x03
NORMAL tid=11 addr=0 fc=0x03
NORMAL tid=12 addr=1 fc=0x03
NORMAL tid=13 addr=2 fc=0x03
NORMAL tid=14 addr=3 fc=0x03
NORMAL tid=15 addr=4 fc=0x03
NORMAL tid=16 addr=5 fc=0x03
NORMAL tid=17 addr=6 fc=0x03
NORMAL tid=18 addr=7 fc=0x03
NORMAL tid=19 addr=8 fc=0x03
NORMAL tid=20 addr=9 fc=0x03
BURST tid=21 addr=0 fc=0x03
BURST tid=22 addr=1 fc=0x03
BURST tid=23 addr=2 fc=0x03
BURST tid=24 addr=3 fc=0x03
BURST tid=25 addr=4 fc=0x03
BURST tid=26 addr=5 fc=0x03
BURST tid=27 addr=6 fc=0x03
BURST tid=28 addr=7 fc=0x03
BURST tid=29 addr=8 fc=0x03
BURST tid=30 addr=9 fc=0x03
BURST tid=31 addr=0 fc=0x03
BURST tid=32 addr=1 fc=0x03
BURST tid=33 addr=2 fc=0x03
BURST tid=34 addr=3 fc=0x03
BURST tid=35 addr=4 fc=0x03
BURST tid=36 addr=5 fc=0x03
BURST tid=37 addr=6 fc=0x03
BURST tid=38 addr=7 fc=0x03
BURST tid=39 addr=8 fc=0x03
BURST tid=40 addr=9 fc=0x03
NORMAL tid=41 addr=0 fc=0x03
NORMAL tid=42 addr=1 fc=0x03
NORMAL tid=43 addr=2 fc=0x03
NORMAL tid=44 addr=3 fc=0x03
NORMAL tid=45 addr=4 fc=0x03
NORMAL tid=46 addr=5 fc=0x03
NORMAL tid=47 addr=6 fc=0x03
NORMAL tid=48 addr=7 fc=0x03
NORMAL tid=49 addr=8 fc=0x03
NORMAL tid=50 addr=9 fc=0x03
NORMAL tid=51 addr=0 fc=0x03
NORMAL tid=52 addr=1 fc=0x03
NORMAL tid=53 addr=2 fc=0x03
NORMAL tid=54 addr=3 fc=0x03
NORMAL tid=55 addr=4 fc=0x03
NORMAL tid=56 addr=5 fc=0x03
NORMAL tid=57 addr=6 fc=0x03
NORMAL tid=58 addr=7 fc=0x03
NORMAL tid=59 addr=8 fc=0x03
NORMAL tid=60 addr=9 fc=0x03
REQUESTS_SUCCESSFUL=60
REQUESTS_MISSED=0

RAW PCAP:
7f0fe4f75af04a69f1130977c34d989dfcfdd7000831ce74f4f002396d4d4d28  /home/chand/otshield-bench/evidence/v06/20260922T021855Z/trial-5/clean/raw.pcap
NORMALIZED_RECORDS= 60

CONDITION COMPLETE:
trial=5 condition=clean

----------------------------------------------
TRIAL=5
CONDITION=delay20
DELAY=20ms
JITTER=0ms
LOSS=0%
----------------------------------------------
Predeclared: openplc-v06-20260922T021855Z-t05-delay20
Normal: 40
Anomaly: 20
89dc280ba2ed7f6d87361c6840053678e02369919ce42af866f0d5f44ad2ca36  /home/chand/otshield-bench/evidence/v06/20260922T021855Z/trial-5/delay20/protocol.json
NETEM:
qdisc netem 80c6: root refcnt 13 limit 1000 delay 20ms seed 13740312640311249649
NORMAL tid=01 addr=0 fc=0x03
NORMAL tid=02 addr=1 fc=0x03
NORMAL tid=03 addr=2 fc=0x03
NORMAL tid=04 addr=3 fc=0x03
NORMAL tid=05 addr=4 fc=0x03
NORMAL tid=06 addr=5 fc=0x03
NORMAL tid=07 addr=6 fc=0x03
NORMAL tid=08 addr=7 fc=0x03
NORMAL tid=09 addr=8 fc=0x03
NORMAL tid=10 addr=9 fc=0x03
NORMAL tid=11 addr=0 fc=0x03
NORMAL tid=12 addr=1 fc=0x03
NORMAL tid=13 addr=2 fc=0x03
NORMAL tid=14 addr=3 fc=0x03
NORMAL tid=15 addr=4 fc=0x03
NORMAL tid=16 addr=5 fc=0x03
NORMAL tid=17 addr=6 fc=0x03
NORMAL tid=18 addr=7 fc=0x03
NORMAL tid=19 addr=8 fc=0x03
NORMAL tid=20 addr=9 fc=0x03
BURST tid=21 addr=0 fc=0x03
BURST tid=22 addr=1 fc=0x03
BURST tid=23 addr=2 fc=0x03
BURST tid=24 addr=3 fc=0x03
BURST tid=25 addr=4 fc=0x03
BURST tid=26 addr=5 fc=0x03
BURST tid=27 addr=6 fc=0x03
BURST tid=28 addr=7 fc=0x03
BURST tid=29 addr=8 fc=0x03
BURST tid=30 addr=9 fc=0x03
BURST tid=31 addr=0 fc=0x03
BURST tid=32 addr=1 fc=0x03
BURST tid=33 addr=2 fc=0x03
BURST tid=34 addr=3 fc=0x03
BURST tid=35 addr=4 fc=0x03
BURST tid=36 addr=5 fc=0x03
BURST tid=37 addr=6 fc=0x03
BURST tid=38 addr=7 fc=0x03
BURST tid=39 addr=8 fc=0x03
BURST tid=40 addr=9 fc=0x03
NORMAL tid=41 addr=0 fc=0x03
NORMAL tid=42 addr=1 fc=0x03
NORMAL tid=43 addr=2 fc=0x03
NORMAL tid=44 addr=3 fc=0x03
NORMAL tid=45 addr=4 fc=0x03
NORMAL tid=46 addr=5 fc=0x03
NORMAL tid=47 addr=6 fc=0x03
NORMAL tid=48 addr=7 fc=0x03
NORMAL tid=49 addr=8 fc=0x03
NORMAL tid=50 addr=9 fc=0x03
NORMAL tid=51 addr=0 fc=0x03
NORMAL tid=52 addr=1 fc=0x03
NORMAL tid=53 addr=2 fc=0x03
NORMAL tid=54 addr=3 fc=0x03
NORMAL tid=55 addr=4 fc=0x03
NORMAL tid=56 addr=5 fc=0x03
NORMAL tid=57 addr=6 fc=0x03
NORMAL tid=58 addr=7 fc=0x03
NORMAL tid=59 addr=8 fc=0x03
NORMAL tid=60 addr=9 fc=0x03
REQUESTS_SUCCESSFUL=60
REQUESTS_MISSED=0

RAW PCAP:
91875af53aa86381aa5436e48fa784fc5288cc3f18cec168b5163f3aec3ad70e  /home/chand/otshield-bench/evidence/v06/20260922T021855Z/trial-5/delay20/raw.pcap
NORMALIZED_RECORDS= 60

CONDITION COMPLETE:
trial=5 condition=delay20

----------------------------------------------
TRIAL=5
CONDITION=delay20_jitter5_loss5
DELAY=20ms
JITTER=5ms
LOSS=5%
----------------------------------------------
Predeclared: openplc-v06-20260922T021855Z-t05-delay20_jitter5_loss5
Normal: 40
Anomaly: 20
b0748b5ef33713ec101f2e4349d971dfa448fb427b68f6bceeb6628f59aa78db  /home/chand/otshield-bench/evidence/v06/20260922T021855Z/trial-5/delay20_jitter5_loss5/protocol.json
NETEM:
qdisc netem 80c7: root refcnt 13 limit 1000 delay 20ms  5ms loss 5% seed 12355044793616843724
NORMAL tid=01 addr=0 fc=0x03
NORMAL tid=02 addr=1 fc=0x03
NORMAL tid=03 addr=2 fc=0x03
NORMAL tid=04 addr=3 fc=0x03
NORMAL tid=05 addr=4 fc=0x03
NORMAL tid=06 addr=5 fc=0x03
NORMAL tid=07 addr=6 fc=0x03
NORMAL tid=08 addr=7 fc=0x03
NORMAL tid=09 addr=8 fc=0x03
NORMAL tid=10 addr=9 fc=0x03
NORMAL tid=11 addr=0 fc=0x03
NORMAL tid=12 addr=1 fc=0x03
NORMAL tid=13 addr=2 fc=0x03
NORMAL tid=14 addr=3 fc=0x03
NORMAL tid=15 addr=4 fc=0x03
NORMAL tid=16 addr=5 fc=0x03
NORMAL tid=17 addr=6 fc=0x03
NORMAL tid=18 addr=7 fc=0x03
NORMAL tid=19 addr=8 fc=0x03
NORMAL tid=20 addr=9 fc=0x03
BURST tid=21 addr=0 fc=0x03
BURST tid=22 addr=1 fc=0x03
BURST tid=23 addr=2 fc=0x03
BURST tid=24 addr=3 fc=0x03
BURST tid=25 addr=4 fc=0x03
BURST tid=26 addr=5 fc=0x03
BURST tid=27 addr=6 fc=0x03
BURST tid=28 addr=7 fc=0x03
BURST tid=29 addr=8 fc=0x03
BURST tid=30 addr=9 fc=0x03
BURST tid=31 addr=0 fc=0x03
BURST tid=32 addr=1 fc=0x03
BURST tid=33 addr=2 fc=0x03
BURST tid=34 addr=3 fc=0x03
BURST tid=35 addr=4 fc=0x03
BURST tid=36 addr=5 fc=0x03
BURST tid=37 addr=6 fc=0x03
BURST tid=38 addr=7 fc=0x03
BURST tid=39 addr=8 fc=0x03
BURST tid=40 addr=9 fc=0x03
NORMAL tid=41 addr=0 fc=0x03
NORMAL tid=42 addr=1 fc=0x03
NORMAL tid=43 addr=2 fc=0x03
NORMAL tid=44 addr=3 fc=0x03
NORMAL tid=45 addr=4 fc=0x03
NORMAL tid=46 addr=5 fc=0x03
NORMAL tid=47 addr=6 fc=0x03
NORMAL tid=48 addr=7 fc=0x03
NORMAL tid=49 addr=8 fc=0x03
NORMAL tid=50 addr=9 fc=0x03
NORMAL tid=51 addr=0 fc=0x03
NORMAL tid=52 addr=1 fc=0x03
NORMAL tid=53 addr=2 fc=0x03
NORMAL tid=54 addr=3 fc=0x03
NORMAL tid=55 addr=4 fc=0x03
NORMAL tid=56 addr=5 fc=0x03
NORMAL tid=57 addr=6 fc=0x03
NORMAL tid=58 addr=7 fc=0x03
NORMAL tid=59 addr=8 fc=0x03
NORMAL tid=60 addr=9 fc=0x03
REQUESTS_SUCCESSFUL=60
REQUESTS_MISSED=0

RAW PCAP:
c531a7f6e9e6d779d71d9a860f26baf067b54e08fb50d26cd86e1f77e51e61bf  /home/chand/otshield-bench/evidence/v06/20260922T021855Z/trial-5/delay20_jitter5_loss5/raw.pcap
NORMALIZED_RECORDS= 60

CONDITION COMPLETE:
trial=5 condition=delay20_jitter5_loss5

----------------------------------------------
TRIAL=5
CONDITION=delay40_jitter10
DELAY=40ms
JITTER=10ms
LOSS=0%
----------------------------------------------
Predeclared: openplc-v06-20260922T021855Z-t05-delay40_jitter10
Normal: 40
Anomaly: 20
87019dda2d7337baee03bf66ac59b3f137c3cf8fb169d457823a22d87de904a8  /home/chand/otshield-bench/evidence/v06/20260922T021855Z/trial-5/delay40_jitter10/protocol.json
NETEM:
qdisc netem 80c8: root refcnt 13 limit 1000 delay 40ms  10ms seed 17917105470039515647
NORMAL tid=01 addr=0 fc=0x03
NORMAL tid=02 addr=1 fc=0x03
NORMAL tid=03 addr=2 fc=0x03
NORMAL tid=04 addr=3 fc=0x03
NORMAL tid=05 addr=4 fc=0x03
NORMAL tid=06 addr=5 fc=0x03
NORMAL tid=07 addr=6 fc=0x03
NORMAL tid=08 addr=7 fc=0x03
NORMAL tid=09 addr=8 fc=0x03
NORMAL tid=10 addr=9 fc=0x03
NORMAL tid=11 addr=0 fc=0x03
NORMAL tid=12 addr=1 fc=0x03
NORMAL tid=13 addr=2 fc=0x03
NORMAL tid=14 addr=3 fc=0x03
NORMAL tid=15 addr=4 fc=0x03
NORMAL tid=16 addr=5 fc=0x03
NORMAL tid=17 addr=6 fc=0x03
NORMAL tid=18 addr=7 fc=0x03
NORMAL tid=19 addr=8 fc=0x03
NORMAL tid=20 addr=9 fc=0x03
BURST tid=21 addr=0 fc=0x03
BURST tid=22 addr=1 fc=0x03
BURST tid=23 addr=2 fc=0x03
BURST tid=24 addr=3 fc=0x03
BURST tid=25 addr=4 fc=0x03
BURST tid=26 addr=5 fc=0x03
BURST tid=27 addr=6 fc=0x03
BURST tid=28 addr=7 fc=0x03
BURST tid=29 addr=8 fc=0x03
BURST tid=30 addr=9 fc=0x03
BURST tid=31 addr=0 fc=0x03
BURST tid=32 addr=1 fc=0x03
BURST tid=33 addr=2 fc=0x03
BURST tid=34 addr=3 fc=0x03
BURST tid=35 addr=4 fc=0x03
BURST tid=36 addr=5 fc=0x03
BURST tid=37 addr=6 fc=0x03
BURST tid=38 addr=7 fc=0x03
BURST tid=39 addr=8 fc=0x03
BURST tid=40 addr=9 fc=0x03
NORMAL tid=41 addr=0 fc=0x03
NORMAL tid=42 addr=1 fc=0x03
NORMAL tid=43 addr=2 fc=0x03
NORMAL tid=44 addr=3 fc=0x03
NORMAL tid=45 addr=4 fc=0x03
NORMAL tid=46 addr=5 fc=0x03
NORMAL tid=47 addr=6 fc=0x03
NORMAL tid=48 addr=7 fc=0x03
NORMAL tid=49 addr=8 fc=0x03
NORMAL tid=50 addr=9 fc=0x03
NORMAL tid=51 addr=0 fc=0x03
NORMAL tid=52 addr=1 fc=0x03
NORMAL tid=53 addr=2 fc=0x03
NORMAL tid=54 addr=3 fc=0x03
NORMAL tid=55 addr=4 fc=0x03
NORMAL tid=56 addr=5 fc=0x03
NORMAL tid=57 addr=6 fc=0x03
NORMAL tid=58 addr=7 fc=0x03
NORMAL tid=59 addr=8 fc=0x03
NORMAL tid=60 addr=9 fc=0x03
REQUESTS_SUCCESSFUL=60
REQUESTS_MISSED=0

RAW PCAP:
173ec267deec5ece40ed67d7b32b19cd77e31cb428173cedc6e99d62e8918162  /home/chand/otshield-bench/evidence/v06/20260922T021855Z/trial-5/delay40_jitter10/raw.pcap
NORMALIZED_RECORDS= 60

CONDITION COMPLETE:
trial=5 condition=delay40_jitter10

TRIAL 5 COMPLETE

##############################################
TRIAL 6 / 25
##############################################
 Network docker_otshield-ics-net Creating 
 Network docker_otshield-ics-net Creating 
 Network docker_otshield-ics-net Created 
 Network docker_otshield-ics-net Created 
 Container otshield-openplc Creating 
 Container otshield-openplc Created 
 Container otshield-openplc Starting 
 Container otshield-openplc Started 
OpenPLC: starting
OpenPLC: healthy
OPENPLC_EXPECTED_ID=671e4bd867806d55abb82db723e7f591f2db4e0a7962e4021929161491601c9b
Network: docker_otshield-ics-net
Image: fortiphyd/grfics-plc:latest
Image ID: sha256:364461af6d7b56563fa6fdc6a296a2dfa6530caf07ea736bbc9a71701a360919

----------------------------------------------
TRIAL=6
CONDITION=clean
DELAY=0ms
JITTER=0ms
LOSS=0%
----------------------------------------------
Predeclared: openplc-v06-20260922T021855Z-t06-clean
Normal: 40
Anomaly: 20
a3b1aeb00eafc202b819f85e1d3508ebf565f3904a79fa4042e911cb888412e5  /home/chand/otshield-bench/evidence/v06/20260922T021855Z/trial-6/clean/protocol.json
NETEM: clean
NORMAL tid=01 addr=0 fc=0x03
NORMAL tid=02 addr=1 fc=0x03
NORMAL tid=03 addr=2 fc=0x03
NORMAL tid=04 addr=3 fc=0x03
NORMAL tid=05 addr=4 fc=0x03
NORMAL tid=06 addr=5 fc=0x03
NORMAL tid=07 addr=6 fc=0x03
NORMAL tid=08 addr=7 fc=0x03
NORMAL tid=09 addr=8 fc=0x03
NORMAL tid=10 addr=9 fc=0x03
NORMAL tid=11 addr=0 fc=0x03
NORMAL tid=12 addr=1 fc=0x03
NORMAL tid=13 addr=2 fc=0x03
NORMAL tid=14 addr=3 fc=0x03
NORMAL tid=15 addr=4 fc=0x03
NORMAL tid=16 addr=5 fc=0x03
NORMAL tid=17 addr=6 fc=0x03
NORMAL tid=18 addr=7 fc=0x03
NORMAL tid=19 addr=8 fc=0x03
NORMAL tid=20 addr=9 fc=0x03
BURST tid=21 addr=0 fc=0x03
BURST tid=22 addr=1 fc=0x03
BURST tid=23 addr=2 fc=0x03
BURST tid=24 addr=3 fc=0x03
BURST tid=25 addr=4 fc=0x03
BURST tid=26 addr=5 fc=0x03
BURST tid=27 addr=6 fc=0x03
BURST tid=28 addr=7 fc=0x03
BURST tid=29 addr=8 fc=0x03
BURST tid=30 addr=9 fc=0x03
BURST tid=31 addr=0 fc=0x03
BURST tid=32 addr=1 fc=0x03
BURST tid=33 addr=2 fc=0x03
BURST tid=34 addr=3 fc=0x03
BURST tid=35 addr=4 fc=0x03
BURST tid=36 addr=5 fc=0x03
BURST tid=37 addr=6 fc=0x03
BURST tid=38 addr=7 fc=0x03
BURST tid=39 addr=8 fc=0x03
BURST tid=40 addr=9 fc=0x03
NORMAL tid=41 addr=0 fc=0x03
NORMAL tid=42 addr=1 fc=0x03
NORMAL tid=43 addr=2 fc=0x03
NORMAL tid=44 addr=3 fc=0x03
NORMAL tid=45 addr=4 fc=0x03
NORMAL tid=46 addr=5 fc=0x03
NORMAL tid=47 addr=6 fc=0x03
NORMAL tid=48 addr=7 fc=0x03
NORMAL tid=49 addr=8 fc=0x03
NORMAL tid=50 addr=9 fc=0x03
NORMAL tid=51 addr=0 fc=0x03
NORMAL tid=52 addr=1 fc=0x03
NORMAL tid=53 addr=2 fc=0x03
NORMAL tid=54 addr=3 fc=0x03
NORMAL tid=55 addr=4 fc=0x03
NORMAL tid=56 addr=5 fc=0x03
NORMAL tid=57 addr=6 fc=0x03
NORMAL tid=58 addr=7 fc=0x03
NORMAL tid=59 addr=8 fc=0x03
NORMAL tid=60 addr=9 fc=0x03
REQUESTS_SUCCESSFUL=60
REQUESTS_MISSED=0

RAW PCAP:
d5a08cbfee98747bf7936878cba4e26894f01679a2658909438dda7c1b252216  /home/chand/otshield-bench/evidence/v06/20260922T021855Z/trial-6/clean/raw.pcap
NORMALIZED_RECORDS= 60

CONDITION COMPLETE:
trial=6 condition=clean

----------------------------------------------
TRIAL=6
CONDITION=delay20
DELAY=20ms
JITTER=0ms
LOSS=0%
----------------------------------------------
Predeclared: openplc-v06-20260922T021855Z-t06-delay20
Normal: 40
Anomaly: 20
8bb58aacfce7d9f8c08fadb1d7e63c79291c8531e25a17607cd6c9c6474253b4  /home/chand/otshield-bench/evidence/v06/20260922T021855Z/trial-6/delay20/protocol.json
NETEM:
qdisc netem 80c9: root refcnt 13 limit 1000 delay 20ms seed 5979106976555429481
NORMAL tid=01 addr=0 fc=0x03
NORMAL tid=02 addr=1 fc=0x03
NORMAL tid=03 addr=2 fc=0x03
NORMAL tid=04 addr=3 fc=0x03
NORMAL tid=05 addr=4 fc=0x03
NORMAL tid=06 addr=5 fc=0x03
NORMAL tid=07 addr=6 fc=0x03
NORMAL tid=08 addr=7 fc=0x03
NORMAL tid=09 addr=8 fc=0x03
NORMAL tid=10 addr=9 fc=0x03
NORMAL tid=11 addr=0 fc=0x03
NORMAL tid=12 addr=1 fc=0x03
NORMAL tid=13 addr=2 fc=0x03
NORMAL tid=14 addr=3 fc=0x03
NORMAL tid=15 addr=4 fc=0x03
NORMAL tid=16 addr=5 fc=0x03
NORMAL tid=17 addr=6 fc=0x03
NORMAL tid=18 addr=7 fc=0x03
NORMAL tid=19 addr=8 fc=0x03
NORMAL tid=20 addr=9 fc=0x03
BURST tid=21 addr=0 fc=0x03
BURST tid=22 addr=1 fc=0x03
BURST tid=23 addr=2 fc=0x03
BURST tid=24 addr=3 fc=0x03
BURST tid=25 addr=4 fc=0x03
BURST tid=26 addr=5 fc=0x03
BURST tid=27 addr=6 fc=0x03
BURST tid=28 addr=7 fc=0x03
BURST tid=29 addr=8 fc=0x03
BURST tid=30 addr=9 fc=0x03
BURST tid=31 addr=0 fc=0x03
BURST tid=32 addr=1 fc=0x03
BURST tid=33 addr=2 fc=0x03
BURST tid=34 addr=3 fc=0x03
BURST tid=35 addr=4 fc=0x03
BURST tid=36 addr=5 fc=0x03
BURST tid=37 addr=6 fc=0x03
BURST tid=38 addr=7 fc=0x03
BURST tid=39 addr=8 fc=0x03
BURST tid=40 addr=9 fc=0x03
NORMAL tid=41 addr=0 fc=0x03
NORMAL tid=42 addr=1 fc=0x03
NORMAL tid=43 addr=2 fc=0x03
NORMAL tid=44 addr=3 fc=0x03
NORMAL tid=45 addr=4 fc=0x03
NORMAL tid=46 addr=5 fc=0x03
NORMAL tid=47 addr=6 fc=0x03
NORMAL tid=48 addr=7 fc=0x03
NORMAL tid=49 addr=8 fc=0x03
NORMAL tid=50 addr=9 fc=0x03
NORMAL tid=51 addr=0 fc=0x03
NORMAL tid=52 addr=1 fc=0x03
NORMAL tid=53 addr=2 fc=0x03
NORMAL tid=54 addr=3 fc=0x03
NORMAL tid=55 addr=4 fc=0x03
NORMAL tid=56 addr=5 fc=0x03
NORMAL tid=57 addr=6 fc=0x03
NORMAL tid=58 addr=7 fc=0x03
NORMAL tid=59 addr=8 fc=0x03
NORMAL tid=60 addr=9 fc=0x03
REQUESTS_SUCCESSFUL=60
REQUESTS_MISSED=0

RAW PCAP:
f9b234aa579a48e2c163d7810c19669b1023c12a83fdb4f43376f081aeef1381  /home/chand/otshield-bench/evidence/v06/20260922T021855Z/trial-6/delay20/raw.pcap
NORMALIZED_RECORDS= 60

CONDITION COMPLETE:
trial=6 condition=delay20

----------------------------------------------
TRIAL=6
CONDITION=delay20_jitter5_loss5
DELAY=20ms
JITTER=5ms
LOSS=5%
----------------------------------------------
Predeclared: openplc-v06-20260922T021855Z-t06-delay20_jitter5_loss5
Normal: 40
Anomaly: 20
236a85bff796caa8020c75e6168cbaa8de1216ae59ba983de8d59d2afaf7bd11  /home/chand/otshield-bench/evidence/v06/20260922T021855Z/trial-6/delay20_jitter5_loss5/protocol.json
NETEM:
qdisc netem 80ca: root refcnt 13 limit 1000 delay 20ms  5ms loss 5% seed 1564209482883687353
NORMAL tid=01 addr=0 fc=0x03
NORMAL tid=02 addr=1 fc=0x03
NORMAL tid=03 addr=2 fc=0x03
NORMAL tid=04 addr=3 fc=0x03
NORMAL tid=05 addr=4 fc=0x03
NORMAL tid=06 addr=5 fc=0x03
NORMAL tid=07 addr=6 fc=0x03
NORMAL tid=08 addr=7 fc=0x03
NORMAL tid=09 addr=8 fc=0x03
NORMAL tid=10 addr=9 fc=0x03
NORMAL tid=11 addr=0 fc=0x03
NORMAL tid=12 addr=1 fc=0x03
NORMAL tid=13 addr=2 fc=0x03
NORMAL tid=14 addr=3 fc=0x03
NORMAL tid=15 addr=4 fc=0x03
NORMAL tid=16 addr=5 fc=0x03
NORMAL tid=17 addr=6 fc=0x03
NORMAL tid=18 addr=7 fc=0x03
NORMAL tid=19 addr=8 fc=0x03
NORMAL tid=20 addr=9 fc=0x03
BURST tid=21 addr=0 fc=0x03
BURST tid=22 addr=1 fc=0x03
BURST tid=23 addr=2 fc=0x03
BURST tid=24 addr=3 fc=0x03
BURST tid=25 addr=4 fc=0x03
BURST tid=26 addr=5 fc=0x03
BURST tid=27 addr=6 fc=0x03
BURST tid=28 addr=7 fc=0x03
BURST tid=29 addr=8 fc=0x03
BURST tid=30 addr=9 fc=0x03
BURST tid=31 addr=0 fc=0x03
BURST tid=32 addr=1 fc=0x03
BURST tid=33 addr=2 fc=0x03
BURST tid=34 addr=3 fc=0x03
BURST tid=35 addr=4 fc=0x03
BURST tid=36 addr=5 fc=0x03
BURST tid=37 addr=6 fc=0x03
BURST tid=38 addr=7 fc=0x03
BURST tid=39 addr=8 fc=0x03
BURST tid=40 addr=9 fc=0x03
NORMAL tid=41 addr=0 fc=0x03
NORMAL tid=42 addr=1 fc=0x03
NORMAL tid=43 addr=2 fc=0x03
NORMAL tid=44 addr=3 fc=0x03
NORMAL tid=45 addr=4 fc=0x03
NORMAL tid=46 addr=5 fc=0x03
NORMAL tid=47 addr=6 fc=0x03
NORMAL tid=48 addr=7 fc=0x03
NORMAL tid=49 addr=8 fc=0x03
NORMAL tid=50 addr=9 fc=0x03
NORMAL tid=51 addr=0 fc=0x03
NORMAL tid=52 addr=1 fc=0x03
NORMAL tid=53 addr=2 fc=0x03
NORMAL tid=54 addr=3 fc=0x03
NORMAL tid=55 addr=4 fc=0x03
NORMAL tid=56 addr=5 fc=0x03
NORMAL tid=57 addr=6 fc=0x03
NORMAL tid=58 addr=7 fc=0x03
NORMAL tid=59 addr=8 fc=0x03
NORMAL tid=60 addr=9 fc=0x03
REQUESTS_SUCCESSFUL=60
REQUESTS_MISSED=0

RAW PCAP:
fa1cc61f219c90069329beed47616a04003727ec9bb21cfa4a912dc4cc12e929  /home/chand/otshield-bench/evidence/v06/20260922T021855Z/trial-6/delay20_jitter5_loss5/raw.pcap
NORMALIZED_RECORDS= 60

CONDITION COMPLETE:
trial=6 condition=delay20_jitter5_loss5

----------------------------------------------
TRIAL=6
CONDITION=delay40_jitter10
DELAY=40ms
JITTER=10ms
LOSS=0%
----------------------------------------------
Predeclared: openplc-v06-20260922T021855Z-t06-delay40_jitter10
Normal: 40
Anomaly: 20
774eff301cb21a0769317b72a6a787698805d09fe288298032f74c5e8a1e6e20  /home/chand/otshield-bench/evidence/v06/20260922T021855Z/trial-6/delay40_jitter10/protocol.json
NETEM:
qdisc netem 80cb: root refcnt 13 limit 1000 delay 40ms  10ms seed 17738683494212409832
NORMAL tid=01 addr=0 fc=0x03
NORMAL tid=02 addr=1 fc=0x03
NORMAL tid=03 addr=2 fc=0x03
NORMAL tid=04 addr=3 fc=0x03
NORMAL tid=05 addr=4 fc=0x03
NORMAL tid=06 addr=5 fc=0x03
NORMAL tid=07 addr=6 fc=0x03
NORMAL tid=08 addr=7 fc=0x03
NORMAL tid=09 addr=8 fc=0x03
NORMAL tid=10 addr=9 fc=0x03
NORMAL tid=11 addr=0 fc=0x03
NORMAL tid=12 addr=1 fc=0x03
NORMAL tid=13 addr=2 fc=0x03
NORMAL tid=14 addr=3 fc=0x03
NORMAL tid=15 addr=4 fc=0x03
NORMAL tid=16 addr=5 fc=0x03
NORMAL tid=17 addr=6 fc=0x03
NORMAL tid=18 addr=7 fc=0x03
NORMAL tid=19 addr=8 fc=0x03
NORMAL tid=20 addr=9 fc=0x03
BURST tid=21 addr=0 fc=0x03
BURST tid=22 addr=1 fc=0x03
BURST tid=23 addr=2 fc=0x03
BURST tid=24 addr=3 fc=0x03
BURST tid=25 addr=4 fc=0x03
BURST tid=26 addr=5 fc=0x03
BURST tid=27 addr=6 fc=0x03
BURST tid=28 addr=7 fc=0x03
BURST tid=29 addr=8 fc=0x03
BURST tid=30 addr=9 fc=0x03
BURST tid=31 addr=0 fc=0x03
BURST tid=32 addr=1 fc=0x03
BURST tid=33 addr=2 fc=0x03
BURST tid=34 addr=3 fc=0x03
BURST tid=35 addr=4 fc=0x03
BURST tid=36 addr=5 fc=0x03
BURST tid=37 addr=6 fc=0x03
BURST tid=38 addr=7 fc=0x03
BURST tid=39 addr=8 fc=0x03
BURST tid=40 addr=9 fc=0x03
NORMAL tid=41 addr=0 fc=0x03
NORMAL tid=42 addr=1 fc=0x03
NORMAL tid=43 addr=2 fc=0x03
NORMAL tid=44 addr=3 fc=0x03
NORMAL tid=45 addr=4 fc=0x03
NORMAL tid=46 addr=5 fc=0x03
NORMAL tid=47 addr=6 fc=0x03
NORMAL tid=48 addr=7 fc=0x03
NORMAL tid=49 addr=8 fc=0x03
NORMAL tid=50 addr=9 fc=0x03
NORMAL tid=51 addr=0 fc=0x03
NORMAL tid=52 addr=1 fc=0x03
NORMAL tid=53 addr=2 fc=0x03
NORMAL tid=54 addr=3 fc=0x03
NORMAL tid=55 addr=4 fc=0x03
NORMAL tid=56 addr=5 fc=0x03
NORMAL tid=57 addr=6 fc=0x03
NORMAL tid=58 addr=7 fc=0x03
NORMAL tid=59 addr=8 fc=0x03
NORMAL tid=60 addr=9 fc=0x03
REQUESTS_SUCCESSFUL=60
REQUESTS_MISSED=0

RAW PCAP:
d689dd664a294c75516435f757428359ac90347cdc577142751b0ac4cb80c3bc  /home/chand/otshield-bench/evidence/v06/20260922T021855Z/trial-6/delay40_jitter10/raw.pcap
NORMALIZED_RECORDS= 60

CONDITION COMPLETE:
trial=6 condition=delay40_jitter10

----------------------------------------------
TRIAL=6
CONDITION=delay60_jitter10
DELAY=60ms
JITTER=10ms
LOSS=0%
----------------------------------------------
Predeclared: openplc-v06-20260922T021855Z-t06-delay60_jitter10
Normal: 40
Anomaly: 20
cf2e0bd0026d92b4b58a35bc2692071835c826bd67f55f6bdc1fdf9cc8e5255b  /home/chand/otshield-bench/evidence/v06/20260922T021855Z/trial-6/delay60_jitter10/protocol.json
NETEM:
qdisc netem 80cc: root refcnt 13 limit 1000 delay 60ms  10ms seed 6848249830496703371
NORMAL tid=01 addr=0 fc=0x03
NORMAL tid=02 addr=1 fc=0x03
NORMAL tid=03 addr=2 fc=0x03
NORMAL tid=04 addr=3 fc=0x03
NORMAL tid=05 addr=4 fc=0x03
NORMAL tid=06 addr=5 fc=0x03
NORMAL tid=07 addr=6 fc=0x03
NORMAL tid=08 addr=7 fc=0x03
NORMAL tid=09 addr=8 fc=0x03
NORMAL tid=10 addr=9 fc=0x03
NORMAL tid=11 addr=0 fc=0x03
NORMAL tid=12 addr=1 fc=0x03
NORMAL tid=13 addr=2 fc=0x03
NORMAL tid=14 addr=3 fc=0x03
NORMAL tid=15 addr=4 fc=0x03
NORMAL tid=16 addr=5 fc=0x03
NORMAL tid=17 addr=6 fc=0x03
NORMAL tid=18 addr=7 fc=0x03
NORMAL tid=19 addr=8 fc=0x03
NORMAL tid=20 addr=9 fc=0x03
BURST tid=21 addr=0 fc=0x03
BURST tid=22 addr=1 fc=0x03
BURST tid=23 addr=2 fc=0x03
BURST tid=24 addr=3 fc=0x03
BURST tid=25 addr=4 fc=0x03
BURST tid=26 addr=5 fc=0x03
BURST tid=27 addr=6 fc=0x03
BURST tid=28 addr=7 fc=0x03
BURST tid=29 addr=8 fc=0x03
BURST tid=30 addr=9 fc=0x03
BURST tid=31 addr=0 fc=0x03
BURST tid=32 addr=1 fc=0x03
BURST tid=33 addr=2 fc=0x03
BURST tid=34 addr=3 fc=0x03
BURST tid=35 addr=4 fc=0x03
BURST tid=36 addr=5 fc=0x03
BURST tid=37 addr=6 fc=0x03
BURST tid=38 addr=7 fc=0x03
BURST tid=39 addr=8 fc=0x03
BURST tid=40 addr=9 fc=0x03
NORMAL tid=41 addr=0 fc=0x03
NORMAL tid=42 addr=1 fc=0x03
NORMAL tid=43 addr=2 fc=0x03
NORMAL tid=44 addr=3 fc=0x03
NORMAL tid=45 addr=4 fc=0x03
NORMAL tid=46 addr=5 fc=0x03
NORMAL tid=47 addr=6 fc=0x03
NORMAL tid=48 addr=7 fc=0x03
NORMAL tid=49 addr=8 fc=0x03
NORMAL tid=50 addr=9 fc=0x03
NORMAL tid=51 addr=0 fc=0x03
NORMAL tid=52 addr=1 fc=0x03
NORMAL tid=53 addr=2 fc=0x03
NORMAL tid=54 addr=3 fc=0x03
NORMAL tid=55 addr=4 fc=0x03
NORMAL tid=56 addr=5 fc=0x03
NORMAL tid=57 addr=6 fc=0x03
NORMAL tid=58 addr=7 fc=0x03
NORMAL tid=59 addr=8 fc=0x03
NORMAL tid=60 addr=9 fc=0x03
REQUESTS_SUCCESSFUL=60
REQUESTS_MISSED=0

RAW PCAP:
7f798421d1def86540bb1ef2331275446b11d2fcb5a97fd7c9991d5d65b5ad4c  /home/chand/otshield-bench/evidence/v06/20260922T021855Z/trial-6/delay60_jitter10/raw.pcap
NORMALIZED_RECORDS= 60

CONDITION COMPLETE:
trial=6 condition=delay60_jitter10

TRIAL 6 COMPLETE

##############################################
TRIAL 7 / 25
##############################################
 Network docker_otshield-ics-net Creating 
 Network docker_otshield-ics-net Creating 
 Network docker_otshield-ics-net Created 
 Network docker_otshield-ics-net Created 
 Container otshield-openplc Creating 
 Container otshield-openplc Created 
 Container otshield-openplc Starting 
 Container otshield-openplc Started 
OpenPLC: starting
OpenPLC: healthy
OPENPLC_EXPECTED_ID=01bdaea7d5864ce30b373bd4fe1e4349e9881487b6ef2b81eac07214522d5cb4
Network: docker_otshield-ics-net
Image: fortiphyd/grfics-plc:latest
Image ID: sha256:364461af6d7b56563fa6fdc6a296a2dfa6530caf07ea736bbc9a71701a360919

----------------------------------------------
TRIAL=7
CONDITION=delay20
DELAY=20ms
JITTER=0ms
LOSS=0%
----------------------------------------------
Predeclared: openplc-v06-20260922T021855Z-t07-delay20
Normal: 40
Anomaly: 20
743783e76a2cd9407a9c76f864cb25f81d23d744f0d99284a06c72abdb3a1479  /home/chand/otshield-bench/evidence/v06/20260922T021855Z/trial-7/delay20/protocol.json
NETEM:
qdisc netem 80cd: root refcnt 13 limit 1000 delay 20ms seed 8220411728280832822
NORMAL tid=01 addr=0 fc=0x03
NORMAL tid=02 addr=1 fc=0x03
NORMAL tid=03 addr=2 fc=0x03
NORMAL tid=04 addr=3 fc=0x03
NORMAL tid=05 addr=4 fc=0x03
NORMAL tid=06 addr=5 fc=0x03
NORMAL tid=07 addr=6 fc=0x03
NORMAL tid=08 addr=7 fc=0x03
NORMAL tid=09 addr=8 fc=0x03
NORMAL tid=10 addr=9 fc=0x03
NORMAL tid=11 addr=0 fc=0x03
NORMAL tid=12 addr=1 fc=0x03
NORMAL tid=13 addr=2 fc=0x03
NORMAL tid=14 addr=3 fc=0x03
NORMAL tid=15 addr=4 fc=0x03
NORMAL tid=16 addr=5 fc=0x03
NORMAL tid=17 addr=6 fc=0x03
NORMAL tid=18 addr=7 fc=0x03
NORMAL tid=19 addr=8 fc=0x03
NORMAL tid=20 addr=9 fc=0x03
BURST tid=21 addr=0 fc=0x03
BURST tid=22 addr=1 fc=0x03
BURST tid=23 addr=2 fc=0x03
BURST tid=24 addr=3 fc=0x03
BURST tid=25 addr=4 fc=0x03
BURST tid=26 addr=5 fc=0x03
BURST tid=27 addr=6 fc=0x03
BURST tid=28 addr=7 fc=0x03
BURST tid=29 addr=8 fc=0x03
BURST tid=30 addr=9 fc=0x03
BURST tid=31 addr=0 fc=0x03
BURST tid=32 addr=1 fc=0x03
BURST tid=33 addr=2 fc=0x03
BURST tid=34 addr=3 fc=0x03
BURST tid=35 addr=4 fc=0x03
BURST tid=36 addr=5 fc=0x03
BURST tid=37 addr=6 fc=0x03
BURST tid=38 addr=7 fc=0x03
BURST tid=39 addr=8 fc=0x03
BURST tid=40 addr=9 fc=0x03
NORMAL tid=41 addr=0 fc=0x03
NORMAL tid=42 addr=1 fc=0x03
NORMAL tid=43 addr=2 fc=0x03
NORMAL tid=44 addr=3 fc=0x03
NORMAL tid=45 addr=4 fc=0x03
NORMAL tid=46 addr=5 fc=0x03
NORMAL tid=47 addr=6 fc=0x03
NORMAL tid=48 addr=7 fc=0x03
NORMAL tid=49 addr=8 fc=0x03
NORMAL tid=50 addr=9 fc=0x03
NORMAL tid=51 addr=0 fc=0x03
NORMAL tid=52 addr=1 fc=0x03
NORMAL tid=53 addr=2 fc=0x03
NORMAL tid=54 addr=3 fc=0x03
NORMAL tid=55 addr=4 fc=0x03
NORMAL tid=56 addr=5 fc=0x03
NORMAL tid=57 addr=6 fc=0x03
NORMAL tid=58 addr=7 fc=0x03
NORMAL tid=59 addr=8 fc=0x03
NORMAL tid=60 addr=9 fc=0x03
REQUESTS_SUCCESSFUL=60
REQUESTS_MISSED=0

RAW PCAP:
d8ef9b815532e01acb71422fbbf066a1b1b1040c1b9516ab8cb69dc4afa67ac0  /home/chand/otshield-bench/evidence/v06/20260922T021855Z/trial-7/delay20/raw.pcap
NORMALIZED_RECORDS= 60

CONDITION COMPLETE:
trial=7 condition=delay20

----------------------------------------------
TRIAL=7
CONDITION=delay20_jitter5_loss5
DELAY=20ms
JITTER=5ms
LOSS=5%
----------------------------------------------
Predeclared: openplc-v06-20260922T021855Z-t07-delay20_jitter5_loss5
Normal: 40
Anomaly: 20
8d51e78bc005b6bdac3e9e1972a0b98ef569150d567b49b78ba56b2e7f250239  /home/chand/otshield-bench/evidence/v06/20260922T021855Z/trial-7/delay20_jitter5_loss5/protocol.json
NETEM:
qdisc netem 80ce: root refcnt 13 limit 1000 delay 20ms  5ms loss 5% seed 1724242293091806563
NORMAL tid=01 addr=0 fc=0x03
NORMAL tid=02 addr=1 fc=0x03
NORMAL tid=03 addr=2 fc=0x03
NORMAL tid=04 addr=3 fc=0x03
NORMAL tid=05 addr=4 fc=0x03
NORMAL tid=06 addr=5 fc=0x03
NORMAL tid=07 addr=6 fc=0x03
NORMAL tid=08 addr=7 fc=0x03
NORMAL tid=09 addr=8 fc=0x03
NORMAL tid=10 addr=9 fc=0x03
NORMAL tid=11 addr=0 fc=0x03
NORMAL tid=12 addr=1 fc=0x03
NORMAL tid=13 addr=2 fc=0x03
NORMAL tid=14 addr=3 fc=0x03
NORMAL tid=15 addr=4 fc=0x03
NORMAL tid=16 addr=5 fc=0x03
NORMAL tid=17 addr=6 fc=0x03
NORMAL tid=18 addr=7 fc=0x03
NORMAL tid=19 addr=8 fc=0x03
NORMAL tid=20 addr=9 fc=0x03
BURST tid=21 addr=0 fc=0x03
BURST tid=22 addr=1 fc=0x03
BURST tid=23 addr=2 fc=0x03
BURST tid=24 addr=3 fc=0x03
BURST tid=25 addr=4 fc=0x03
BURST tid=26 addr=5 fc=0x03
BURST tid=27 addr=6 fc=0x03
BURST tid=28 addr=7 fc=0x03
BURST tid=29 addr=8 fc=0x03
BURST tid=30 addr=9 fc=0x03
BURST tid=31 addr=0 fc=0x03
BURST tid=32 addr=1 fc=0x03
BURST tid=33 addr=2 fc=0x03
BURST tid=34 addr=3 fc=0x03
BURST tid=35 addr=4 fc=0x03
BURST tid=36 addr=5 fc=0x03
BURST tid=37 addr=6 fc=0x03
BURST tid=38 addr=7 fc=0x03
BURST tid=39 addr=8 fc=0x03
BURST tid=40 addr=9 fc=0x03
NORMAL tid=41 addr=0 fc=0x03
NORMAL tid=42 addr=1 fc=0x03
NORMAL tid=43 addr=2 fc=0x03
NORMAL tid=44 addr=3 fc=0x03
NORMAL tid=45 addr=4 fc=0x03
NORMAL tid=46 addr=5 fc=0x03
NORMAL tid=47 addr=6 fc=0x03
NORMAL tid=48 addr=7 fc=0x03
NORMAL tid=49 addr=8 fc=0x03
NORMAL tid=50 addr=9 fc=0x03
NORMAL tid=51 addr=0 fc=0x03
NORMAL tid=52 addr=1 fc=0x03
NORMAL tid=53 addr=2 fc=0x03
NORMAL tid=54 addr=3 fc=0x03
NORMAL tid=55 addr=4 fc=0x03
NORMAL tid=56 addr=5 fc=0x03
NORMAL tid=57 addr=6 fc=0x03
NORMAL tid=58 addr=7 fc=0x03
NORMAL tid=59 addr=8 fc=0x03
NORMAL tid=60 addr=9 fc=0x03
REQUESTS_SUCCESSFUL=60
REQUESTS_MISSED=0

RAW PCAP:
58357039a280d15c4d68a4d0dc2e2bf4ac1983b4fb062854f09aee844c0badbd  /home/chand/otshield-bench/evidence/v06/20260922T021855Z/trial-7/delay20_jitter5_loss5/raw.pcap
NORMALIZED_RECORDS= 60

CONDITION COMPLETE:
trial=7 condition=delay20_jitter5_loss5

----------------------------------------------
TRIAL=7
CONDITION=delay40_jitter10
DELAY=40ms
JITTER=10ms
LOSS=0%
----------------------------------------------
Predeclared: openplc-v06-20260922T021855Z-t07-delay40_jitter10
Normal: 40
Anomaly: 20
3fb275087cfbb8ba292f56719318d9ff0b5c0bcb4f4d663db03b9e0965878320  /home/chand/otshield-bench/evidence/v06/20260922T021855Z/trial-7/delay40_jitter10/protocol.json
NETEM:
qdisc netem 80cf: root refcnt 13 limit 1000 delay 40ms  10ms seed 864572761151208105
NORMAL tid=01 addr=0 fc=0x03
NORMAL tid=02 addr=1 fc=0x03
NORMAL tid=03 addr=2 fc=0x03
NORMAL tid=04 addr=3 fc=0x03
NORMAL tid=05 addr=4 fc=0x03
NORMAL tid=06 addr=5 fc=0x03
NORMAL tid=07 addr=6 fc=0x03
NORMAL tid=08 addr=7 fc=0x03
NORMAL tid=09 addr=8 fc=0x03
NORMAL tid=10 addr=9 fc=0x03
NORMAL tid=11 addr=0 fc=0x03
NORMAL tid=12 addr=1 fc=0x03
NORMAL tid=13 addr=2 fc=0x03
NORMAL tid=14 addr=3 fc=0x03
NORMAL tid=15 addr=4 fc=0x03
NORMAL tid=16 addr=5 fc=0x03
NORMAL tid=17 addr=6 fc=0x03
NORMAL tid=18 addr=7 fc=0x03
NORMAL tid=19 addr=8 fc=0x03
NORMAL tid=20 addr=9 fc=0x03
BURST tid=21 addr=0 fc=0x03
BURST tid=22 addr=1 fc=0x03
BURST tid=23 addr=2 fc=0x03
BURST tid=24 addr=3 fc=0x03
BURST tid=25 addr=4 fc=0x03
BURST tid=26 addr=5 fc=0x03
BURST tid=27 addr=6 fc=0x03
BURST tid=28 addr=7 fc=0x03
BURST tid=29 addr=8 fc=0x03
BURST tid=30 addr=9 fc=0x03
BURST tid=31 addr=0 fc=0x03
BURST tid=32 addr=1 fc=0x03
BURST tid=33 addr=2 fc=0x03
BURST tid=34 addr=3 fc=0x03
BURST tid=35 addr=4 fc=0x03
BURST tid=36 addr=5 fc=0x03
BURST tid=37 addr=6 fc=0x03
BURST tid=38 addr=7 fc=0x03
BURST tid=39 addr=8 fc=0x03
BURST tid=40 addr=9 fc=0x03
NORMAL tid=41 addr=0 fc=0x03
NORMAL tid=42 addr=1 fc=0x03
NORMAL tid=43 addr=2 fc=0x03
NORMAL tid=44 addr=3 fc=0x03
NORMAL tid=45 addr=4 fc=0x03
NORMAL tid=46 addr=5 fc=0x03
NORMAL tid=47 addr=6 fc=0x03
NORMAL tid=48 addr=7 fc=0x03
NORMAL tid=49 addr=8 fc=0x03
NORMAL tid=50 addr=9 fc=0x03
NORMAL tid=51 addr=0 fc=0x03
NORMAL tid=52 addr=1 fc=0x03
NORMAL tid=53 addr=2 fc=0x03
NORMAL tid=54 addr=3 fc=0x03
NORMAL tid=55 addr=4 fc=0x03
NORMAL tid=56 addr=5 fc=0x03
NORMAL tid=57 addr=6 fc=0x03
NORMAL tid=58 addr=7 fc=0x03
NORMAL tid=59 addr=8 fc=0x03
NORMAL tid=60 addr=9 fc=0x03
REQUESTS_SUCCESSFUL=60
REQUESTS_MISSED=0

RAW PCAP:
11efed036dbcb87dc9f1a73e53c757f37e5f19b2de71f75f73fc5cf88ffa221d  /home/chand/otshield-bench/evidence/v06/20260922T021855Z/trial-7/delay40_jitter10/raw.pcap
NORMALIZED_RECORDS= 60

CONDITION COMPLETE:
trial=7 condition=delay40_jitter10

----------------------------------------------
TRIAL=7
CONDITION=delay60_jitter10
DELAY=60ms
JITTER=10ms
LOSS=0%
----------------------------------------------
Predeclared: openplc-v06-20260922T021855Z-t07-delay60_jitter10
Normal: 40
Anomaly: 20
5efebb8005f18d634aebf845baf94f368a7943adc96292104bf532ad9634b362  /home/chand/otshield-bench/evidence/v06/20260922T021855Z/trial-7/delay60_jitter10/protocol.json
NETEM:
qdisc netem 80d0: root refcnt 13 limit 1000 delay 60ms  10ms seed 10439535689338975930
NORMAL tid=01 addr=0 fc=0x03
NORMAL tid=02 addr=1 fc=0x03
NORMAL tid=03 addr=2 fc=0x03
NORMAL tid=04 addr=3 fc=0x03
NORMAL tid=05 addr=4 fc=0x03
NORMAL tid=06 addr=5 fc=0x03
NORMAL tid=07 addr=6 fc=0x03
NORMAL tid=08 addr=7 fc=0x03
NORMAL tid=09 addr=8 fc=0x03
NORMAL tid=10 addr=9 fc=0x03
NORMAL tid=11 addr=0 fc=0x03
NORMAL tid=12 addr=1 fc=0x03
NORMAL tid=13 addr=2 fc=0x03
NORMAL tid=14 addr=3 fc=0x03
NORMAL tid=15 addr=4 fc=0x03
NORMAL tid=16 addr=5 fc=0x03
NORMAL tid=17 addr=6 fc=0x03
NORMAL tid=18 addr=7 fc=0x03
NORMAL tid=19 addr=8 fc=0x03
NORMAL tid=20 addr=9 fc=0x03
BURST tid=21 addr=0 fc=0x03
BURST tid=22 addr=1 fc=0x03
BURST tid=23 addr=2 fc=0x03
BURST tid=24 addr=3 fc=0x03
BURST tid=25 addr=4 fc=0x03
BURST tid=26 addr=5 fc=0x03
BURST tid=27 addr=6 fc=0x03
BURST tid=28 addr=7 fc=0x03
BURST tid=29 addr=8 fc=0x03
BURST tid=30 addr=9 fc=0x03
BURST tid=31 addr=0 fc=0x03
BURST tid=32 addr=1 fc=0x03
BURST tid=33 addr=2 fc=0x03
BURST tid=34 addr=3 fc=0x03
BURST tid=35 addr=4 fc=0x03
BURST tid=36 addr=5 fc=0x03
BURST tid=37 addr=6 fc=0x03
BURST tid=38 addr=7 fc=0x03
BURST tid=39 addr=8 fc=0x03
BURST tid=40 addr=9 fc=0x03
NORMAL tid=41 addr=0 fc=0x03
NORMAL tid=42 addr=1 fc=0x03
NORMAL tid=43 addr=2 fc=0x03
NORMAL tid=44 addr=3 fc=0x03
NORMAL tid=45 addr=4 fc=0x03
NORMAL tid=46 addr=5 fc=0x03
NORMAL tid=47 addr=6 fc=0x03
NORMAL tid=48 addr=7 fc=0x03
NORMAL tid=49 addr=8 fc=0x03
NORMAL tid=50 addr=9 fc=0x03
NORMAL tid=51 addr=0 fc=0x03
NORMAL tid=52 addr=1 fc=0x03
NORMAL tid=53 addr=2 fc=0x03
NORMAL tid=54 addr=3 fc=0x03
NORMAL tid=55 addr=4 fc=0x03
NORMAL tid=56 addr=5 fc=0x03
NORMAL tid=57 addr=6 fc=0x03
NORMAL tid=58 addr=7 fc=0x03
NORMAL tid=59 addr=8 fc=0x03
NORMAL tid=60 addr=9 fc=0x03
REQUESTS_SUCCESSFUL=60
REQUESTS_MISSED=0

RAW PCAP:
35ff79f7493c9a93929c2da33744475d94045d60ed9a61ddadb5d5fb010c5127  /home/chand/otshield-bench/evidence/v06/20260922T021855Z/trial-7/delay60_jitter10/raw.pcap
NORMALIZED_RECORDS= 60

CONDITION COMPLETE:
trial=7 condition=delay60_jitter10

----------------------------------------------
TRIAL=7
CONDITION=clean
DELAY=0ms
JITTER=0ms
LOSS=0%
----------------------------------------------
Predeclared: openplc-v06-20260922T021855Z-t07-clean
Normal: 40
Anomaly: 20
35d1dac0439573258342b0897f86e05dbbe8aa5f9b13b8bb4c44df6d1cd59ed1  /home/chand/otshield-bench/evidence/v06/20260922T021855Z/trial-7/clean/protocol.json
NETEM: clean
NORMAL tid=01 addr=0 fc=0x03
NORMAL tid=02 addr=1 fc=0x03
NORMAL tid=03 addr=2 fc=0x03
NORMAL tid=04 addr=3 fc=0x03
NORMAL tid=05 addr=4 fc=0x03
NORMAL tid=06 addr=5 fc=0x03
NORMAL tid=07 addr=6 fc=0x03
NORMAL tid=08 addr=7 fc=0x03
NORMAL tid=09 addr=8 fc=0x03
NORMAL tid=10 addr=9 fc=0x03
NORMAL tid=11 addr=0 fc=0x03
NORMAL tid=12 addr=1 fc=0x03
NORMAL tid=13 addr=2 fc=0x03
NORMAL tid=14 addr=3 fc=0x03
NORMAL tid=15 addr=4 fc=0x03
NORMAL tid=16 addr=5 fc=0x03
NORMAL tid=17 addr=6 fc=0x03
NORMAL tid=18 addr=7 fc=0x03
NORMAL tid=19 addr=8 fc=0x03
NORMAL tid=20 addr=9 fc=0x03
BURST tid=21 addr=0 fc=0x03
BURST tid=22 addr=1 fc=0x03
BURST tid=23 addr=2 fc=0x03
BURST tid=24 addr=3 fc=0x03
BURST tid=25 addr=4 fc=0x03
BURST tid=26 addr=5 fc=0x03
BURST tid=27 addr=6 fc=0x03
BURST tid=28 addr=7 fc=0x03
BURST tid=29 addr=8 fc=0x03
BURST tid=30 addr=9 fc=0x03
BURST tid=31 addr=0 fc=0x03
BURST tid=32 addr=1 fc=0x03
BURST tid=33 addr=2 fc=0x03
BURST tid=34 addr=3 fc=0x03
BURST tid=35 addr=4 fc=0x03
BURST tid=36 addr=5 fc=0x03
BURST tid=37 addr=6 fc=0x03
BURST tid=38 addr=7 fc=0x03
BURST tid=39 addr=8 fc=0x03
BURST tid=40 addr=9 fc=0x03
NORMAL tid=41 addr=0 fc=0x03
NORMAL tid=42 addr=1 fc=0x03
NORMAL tid=43 addr=2 fc=0x03
NORMAL tid=44 addr=3 fc=0x03
NORMAL tid=45 addr=4 fc=0x03
NORMAL tid=46 addr=5 fc=0x03
NORMAL tid=47 addr=6 fc=0x03
NORMAL tid=48 addr=7 fc=0x03
NORMAL tid=49 addr=8 fc=0x03
NORMAL tid=50 addr=9 fc=0x03
NORMAL tid=51 addr=0 fc=0x03
NORMAL tid=52 addr=1 fc=0x03
NORMAL tid=53 addr=2 fc=0x03
NORMAL tid=54 addr=3 fc=0x03
NORMAL tid=55 addr=4 fc=0x03
NORMAL tid=56 addr=5 fc=0x03
NORMAL tid=57 addr=6 fc=0x03
NORMAL tid=58 addr=7 fc=0x03
NORMAL tid=59 addr=8 fc=0x03
NORMAL tid=60 addr=9 fc=0x03
REQUESTS_SUCCESSFUL=60
REQUESTS_MISSED=0

RAW PCAP:
bf8e01f32c466bca21ffa05bbef0e3800b6b57e91231e7715804609a7c169291  /home/chand/otshield-bench/evidence/v06/20260922T021855Z/trial-7/clean/raw.pcap
NORMALIZED_RECORDS= 60

CONDITION COMPLETE:
trial=7 condition=clean

TRIAL 7 COMPLETE

##############################################
TRIAL 8 / 25
##############################################
 Network docker_otshield-ics-net Creating 
 Network docker_otshield-ics-net Creating 
 Network docker_otshield-ics-net Created 
 Network docker_otshield-ics-net Created 
 Container otshield-openplc Creating 
 Container otshield-openplc Created 
 Container otshield-openplc Starting 
 Container otshield-openplc Started 
OpenPLC: starting
OpenPLC: healthy
OPENPLC_EXPECTED_ID=95af20df01207407b287b9468005b6290e8fc9af6851dbbbc1fb63a3ccdb8025
Network: docker_otshield-ics-net
Image: fortiphyd/grfics-plc:latest
Image ID: sha256:364461af6d7b56563fa6fdc6a296a2dfa6530caf07ea736bbc9a71701a360919

----------------------------------------------
TRIAL=8
CONDITION=delay20_jitter5_loss5
DELAY=20ms
JITTER=5ms
LOSS=5%
----------------------------------------------
Predeclared: openplc-v06-20260922T021855Z-t08-delay20_jitter5_loss5
Normal: 40
Anomaly: 20
f9bbca175072e88311a09ab04c0b6afd006dcc91da499ae7c3c1c6adf10ffd9c  /home/chand/otshield-bench/evidence/v06/20260922T021855Z/trial-8/delay20_jitter5_loss5/protocol.json
NETEM:
qdisc netem 80d1: root refcnt 13 limit 1000 delay 20ms  5ms loss 5% seed 3596086700668149524
NORMAL tid=01 addr=0 fc=0x03
NORMAL tid=02 addr=1 fc=0x03
NORMAL tid=03 addr=2 fc=0x03
NORMAL tid=04 addr=3 fc=0x03
NORMAL tid=05 addr=4 fc=0x03
NORMAL tid=06 addr=5 fc=0x03
NORMAL tid=07 addr=6 fc=0x03
NORMAL tid=08 addr=7 fc=0x03
NORMAL tid=09 addr=8 fc=0x03
NORMAL tid=10 addr=9 fc=0x03
NORMAL tid=11 addr=0 fc=0x03
NORMAL tid=12 addr=1 fc=0x03
NORMAL tid=13 addr=2 fc=0x03
NORMAL tid=14 addr=3 fc=0x03
NORMAL tid=15 addr=4 fc=0x03
NORMAL tid=16 addr=5 fc=0x03
NORMAL tid=17 addr=6 fc=0x03
NORMAL tid=18 addr=7 fc=0x03
NORMAL tid=19 addr=8 fc=0x03
NORMAL tid=20 addr=9 fc=0x03
BURST tid=21 addr=0 fc=0x03
BURST tid=22 addr=1 fc=0x03
BURST tid=23 addr=2 fc=0x03
BURST tid=24 addr=3 fc=0x03
BURST tid=25 addr=4 fc=0x03
BURST tid=26 addr=5 fc=0x03
BURST tid=27 addr=6 fc=0x03
BURST tid=28 addr=7 fc=0x03
BURST tid=29 addr=8 fc=0x03
BURST tid=30 addr=9 fc=0x03
BURST tid=31 addr=0 fc=0x03
BURST tid=32 addr=1 fc=0x03
BURST tid=33 addr=2 fc=0x03
BURST tid=34 addr=3 fc=0x03
BURST tid=35 addr=4 fc=0x03
BURST tid=36 addr=5 fc=0x03
BURST tid=37 addr=6 fc=0x03
BURST tid=38 addr=7 fc=0x03
BURST tid=39 addr=8 fc=0x03
BURST tid=40 addr=9 fc=0x03
NORMAL tid=41 addr=0 fc=0x03
NORMAL tid=42 addr=1 fc=0x03
NORMAL tid=43 addr=2 fc=0x03
NORMAL tid=44 addr=3 fc=0x03
NORMAL tid=45 addr=4 fc=0x03
NORMAL tid=46 addr=5 fc=0x03
NORMAL tid=47 addr=6 fc=0x03
NORMAL tid=48 addr=7 fc=0x03
NORMAL tid=49 addr=8 fc=0x03
NORMAL tid=50 addr=9 fc=0x03
NORMAL tid=51 addr=0 fc=0x03
NORMAL tid=52 addr=1 fc=0x03
NORMAL tid=53 addr=2 fc=0x03
NORMAL tid=54 addr=3 fc=0x03
NORMAL tid=55 addr=4 fc=0x03
NORMAL tid=56 addr=5 fc=0x03
NORMAL tid=57 addr=6 fc=0x03
NORMAL tid=58 addr=7 fc=0x03
NORMAL tid=59 addr=8 fc=0x03
NORMAL tid=60 addr=9 fc=0x03
REQUESTS_SUCCESSFUL=60
REQUESTS_MISSED=0

RAW PCAP:
f5d0c267733d57114797894b28e84abc86717dd5324fff8c8c8e0222076a3ea9  /home/chand/otshield-bench/evidence/v06/20260922T021855Z/trial-8/delay20_jitter5_loss5/raw.pcap
NORMALIZED_RECORDS= 60

CONDITION COMPLETE:
trial=8 condition=delay20_jitter5_loss5

----------------------------------------------
TRIAL=8
CONDITION=delay40_jitter10
DELAY=40ms
JITTER=10ms
LOSS=0%
----------------------------------------------
Predeclared: openplc-v06-20260922T021855Z-t08-delay40_jitter10
Normal: 40
Anomaly: 20
a8703ddf2c1f23a8114ebe543a0afb8382010a353a39336b4f786e5e725db6f2  /home/chand/otshield-bench/evidence/v06/20260922T021855Z/trial-8/delay40_jitter10/protocol.json
NETEM:
qdisc netem 80d2: root refcnt 13 limit 1000 delay 40ms  10ms seed 3636521347888227060
NORMAL tid=01 addr=0 fc=0x03
NORMAL tid=02 addr=1 fc=0x03
NORMAL tid=03 addr=2 fc=0x03
NORMAL tid=04 addr=3 fc=0x03
NORMAL tid=05 addr=4 fc=0x03
NORMAL tid=06 addr=5 fc=0x03
NORMAL tid=07 addr=6 fc=0x03
NORMAL tid=08 addr=7 fc=0x03
NORMAL tid=09 addr=8 fc=0x03
NORMAL tid=10 addr=9 fc=0x03
NORMAL tid=11 addr=0 fc=0x03
NORMAL tid=12 addr=1 fc=0x03
NORMAL tid=13 addr=2 fc=0x03
NORMAL tid=14 addr=3 fc=0x03
NORMAL tid=15 addr=4 fc=0x03
NORMAL tid=16 addr=5 fc=0x03
NORMAL tid=17 addr=6 fc=0x03
NORMAL tid=18 addr=7 fc=0x03
NORMAL tid=19 addr=8 fc=0x03
NORMAL tid=20 addr=9 fc=0x03
BURST tid=21 addr=0 fc=0x03
BURST tid=22 addr=1 fc=0x03
BURST tid=23 addr=2 fc=0x03
BURST tid=24 addr=3 fc=0x03
BURST tid=25 addr=4 fc=0x03
BURST tid=26 addr=5 fc=0x03
BURST tid=27 addr=6 fc=0x03
BURST tid=28 addr=7 fc=0x03
BURST tid=29 addr=8 fc=0x03
BURST tid=30 addr=9 fc=0x03
BURST tid=31 addr=0 fc=0x03
BURST tid=32 addr=1 fc=0x03
BURST tid=33 addr=2 fc=0x03
BURST tid=34 addr=3 fc=0x03
BURST tid=35 addr=4 fc=0x03
BURST tid=36 addr=5 fc=0x03
BURST tid=37 addr=6 fc=0x03
BURST tid=38 addr=7 fc=0x03
BURST tid=39 addr=8 fc=0x03
BURST tid=40 addr=9 fc=0x03
NORMAL tid=41 addr=0 fc=0x03
NORMAL tid=42 addr=1 fc=0x03
NORMAL tid=43 addr=2 fc=0x03
NORMAL tid=44 addr=3 fc=0x03
NORMAL tid=45 addr=4 fc=0x03
NORMAL tid=46 addr=5 fc=0x03
NORMAL tid=47 addr=6 fc=0x03
NORMAL tid=48 addr=7 fc=0x03
NORMAL tid=49 addr=8 fc=0x03
NORMAL tid=50 addr=9 fc=0x03
NORMAL tid=51 addr=0 fc=0x03
NORMAL tid=52 addr=1 fc=0x03
NORMAL tid=53 addr=2 fc=0x03
NORMAL tid=54 addr=3 fc=0x03
NORMAL tid=55 addr=4 fc=0x03
NORMAL tid=56 addr=5 fc=0x03
NORMAL tid=57 addr=6 fc=0x03
NORMAL tid=58 addr=7 fc=0x03
NORMAL tid=59 addr=8 fc=0x03
NORMAL tid=60 addr=9 fc=0x03
REQUESTS_SUCCESSFUL=60
REQUESTS_MISSED=0

RAW PCAP:
8b49e03f15ce5e22ea300df6f761d8ba7d064e6258bd33ec2a66c1bc750fa47a  /home/chand/otshield-bench/evidence/v06/20260922T021855Z/trial-8/delay40_jitter10/raw.pcap
NORMALIZED_RECORDS= 60

CONDITION COMPLETE:
trial=8 condition=delay40_jitter10

----------------------------------------------
TRIAL=8
CONDITION=delay60_jitter10
DELAY=60ms
JITTER=10ms
LOSS=0%
----------------------------------------------
Predeclared: openplc-v06-20260922T021855Z-t08-delay60_jitter10
Normal: 40
Anomaly: 20
4d8415f9a96ee5ccc11cef17a5dff2558b034bf958071da9724e0a37b4b90d25  /home/chand/otshield-bench/evidence/v06/20260922T021855Z/trial-8/delay60_jitter10/protocol.json
NETEM:
qdisc netem 80d3: root refcnt 13 limit 1000 delay 60ms  10ms seed 9884612158610573673
NORMAL tid=01 addr=0 fc=0x03
NORMAL tid=02 addr=1 fc=0x03
NORMAL tid=03 addr=2 fc=0x03
NORMAL tid=04 addr=3 fc=0x03
NORMAL tid=05 addr=4 fc=0x03
NORMAL tid=06 addr=5 fc=0x03
NORMAL tid=07 addr=6 fc=0x03
NORMAL tid=08 addr=7 fc=0x03
NORMAL tid=09 addr=8 fc=0x03
NORMAL tid=10 addr=9 fc=0x03
NORMAL tid=11 addr=0 fc=0x03
NORMAL tid=12 addr=1 fc=0x03
NORMAL tid=13 addr=2 fc=0x03
NORMAL tid=14 addr=3 fc=0x03
NORMAL tid=15 addr=4 fc=0x03
NORMAL tid=16 addr=5 fc=0x03
NORMAL tid=17 addr=6 fc=0x03
NORMAL tid=18 addr=7 fc=0x03
NORMAL tid=19 addr=8 fc=0x03
NORMAL tid=20 addr=9 fc=0x03
BURST tid=21 addr=0 fc=0x03
BURST tid=22 addr=1 fc=0x03
BURST tid=23 addr=2 fc=0x03
BURST tid=24 addr=3 fc=0x03
BURST tid=25 addr=4 fc=0x03
BURST tid=26 addr=5 fc=0x03
BURST tid=27 addr=6 fc=0x03
BURST tid=28 addr=7 fc=0x03
BURST tid=29 addr=8 fc=0x03
BURST tid=30 addr=9 fc=0x03
BURST tid=31 addr=0 fc=0x03
BURST tid=32 addr=1 fc=0x03
BURST tid=33 addr=2 fc=0x03
BURST tid=34 addr=3 fc=0x03
BURST tid=35 addr=4 fc=0x03
BURST tid=36 addr=5 fc=0x03
BURST tid=37 addr=6 fc=0x03
BURST tid=38 addr=7 fc=0x03
BURST tid=39 addr=8 fc=0x03
BURST tid=40 addr=9 fc=0x03
NORMAL tid=41 addr=0 fc=0x03
NORMAL tid=42 addr=1 fc=0x03
NORMAL tid=43 addr=2 fc=0x03
NORMAL tid=44 addr=3 fc=0x03
NORMAL tid=45 addr=4 fc=0x03
NORMAL tid=46 addr=5 fc=0x03
NORMAL tid=47 addr=6 fc=0x03
NORMAL tid=48 addr=7 fc=0x03
NORMAL tid=49 addr=8 fc=0x03
NORMAL tid=50 addr=9 fc=0x03
NORMAL tid=51 addr=0 fc=0x03
NORMAL tid=52 addr=1 fc=0x03
NORMAL tid=53 addr=2 fc=0x03
NORMAL tid=54 addr=3 fc=0x03
NORMAL tid=55 addr=4 fc=0x03
NORMAL tid=56 addr=5 fc=0x03
NORMAL tid=57 addr=6 fc=0x03
NORMAL tid=58 addr=7 fc=0x03
NORMAL tid=59 addr=8 fc=0x03
NORMAL tid=60 addr=9 fc=0x03
REQUESTS_SUCCESSFUL=60
REQUESTS_MISSED=0

RAW PCAP:
8cdb313089e334ff51123ea63e2c19f34110f154c958e6e394ccc56f02b81d44  /home/chand/otshield-bench/evidence/v06/20260922T021855Z/trial-8/delay60_jitter10/raw.pcap
NORMALIZED_RECORDS= 60

CONDITION COMPLETE:
trial=8 condition=delay60_jitter10

----------------------------------------------
TRIAL=8
CONDITION=clean
DELAY=0ms
JITTER=0ms
LOSS=0%
----------------------------------------------
Predeclared: openplc-v06-20260922T021855Z-t08-clean
Normal: 40
Anomaly: 20
3b5901f9f7c245489bd75ebdbd44d7844bc0e0285ab478dddd634e1dfc3634c6  /home/chand/otshield-bench/evidence/v06/20260922T021855Z/trial-8/clean/protocol.json
NETEM: clean
NORMAL tid=01 addr=0 fc=0x03
NORMAL tid=02 addr=1 fc=0x03
NORMAL tid=03 addr=2 fc=0x03
NORMAL tid=04 addr=3 fc=0x03
NORMAL tid=05 addr=4 fc=0x03
NORMAL tid=06 addr=5 fc=0x03
NORMAL tid=07 addr=6 fc=0x03
NORMAL tid=08 addr=7 fc=0x03
NORMAL tid=09 addr=8 fc=0x03
NORMAL tid=10 addr=9 fc=0x03
NORMAL tid=11 addr=0 fc=0x03
NORMAL tid=12 addr=1 fc=0x03
NORMAL tid=13 addr=2 fc=0x03
NORMAL tid=14 addr=3 fc=0x03
NORMAL tid=15 addr=4 fc=0x03
NORMAL tid=16 addr=5 fc=0x03
NORMAL tid=17 addr=6 fc=0x03
NORMAL tid=18 addr=7 fc=0x03
NORMAL tid=19 addr=8 fc=0x03
NORMAL tid=20 addr=9 fc=0x03
BURST tid=21 addr=0 fc=0x03
BURST tid=22 addr=1 fc=0x03
BURST tid=23 addr=2 fc=0x03
BURST tid=24 addr=3 fc=0x03
BURST tid=25 addr=4 fc=0x03
BURST tid=26 addr=5 fc=0x03
BURST tid=27 addr=6 fc=0x03
BURST tid=28 addr=7 fc=0x03
BURST tid=29 addr=8 fc=0x03
BURST tid=30 addr=9 fc=0x03
BURST tid=31 addr=0 fc=0x03
BURST tid=32 addr=1 fc=0x03
BURST tid=33 addr=2 fc=0x03
BURST tid=34 addr=3 fc=0x03
BURST tid=35 addr=4 fc=0x03
BURST tid=36 addr=5 fc=0x03
BURST tid=37 addr=6 fc=0x03
BURST tid=38 addr=7 fc=0x03
BURST tid=39 addr=8 fc=0x03
BURST tid=40 addr=9 fc=0x03
NORMAL tid=41 addr=0 fc=0x03
NORMAL tid=42 addr=1 fc=0x03
NORMAL tid=43 addr=2 fc=0x03
NORMAL tid=44 addr=3 fc=0x03
NORMAL tid=45 addr=4 fc=0x03
NORMAL tid=46 addr=5 fc=0x03
NORMAL tid=47 addr=6 fc=0x03
NORMAL tid=48 addr=7 fc=0x03
NORMAL tid=49 addr=8 fc=0x03
NORMAL tid=50 addr=9 fc=0x03
NORMAL tid=51 addr=0 fc=0x03
NORMAL tid=52 addr=1 fc=0x03
NORMAL tid=53 addr=2 fc=0x03
NORMAL tid=54 addr=3 fc=0x03
NORMAL tid=55 addr=4 fc=0x03
NORMAL tid=56 addr=5 fc=0x03
NORMAL tid=57 addr=6 fc=0x03
NORMAL tid=58 addr=7 fc=0x03
NORMAL tid=59 addr=8 fc=0x03
NORMAL tid=60 addr=9 fc=0x03
REQUESTS_SUCCESSFUL=60
REQUESTS_MISSED=0

RAW PCAP:
6d4ecd3bccdcf8b41b20b6d53a4dc522740b1dfe68eaa1d4d2e4abaa508b9938  /home/chand/otshield-bench/evidence/v06/20260922T021855Z/trial-8/clean/raw.pcap
NORMALIZED_RECORDS= 60

CONDITION COMPLETE:
trial=8 condition=clean

----------------------------------------------
TRIAL=8
CONDITION=delay20
DELAY=20ms
JITTER=0ms
LOSS=0%
----------------------------------------------
Predeclared: openplc-v06-20260922T021855Z-t08-delay20
Normal: 40
Anomaly: 20
5d415b1be77d2e193165f18ef2683221e1881925dd18c0d1a2d427b8f5b1ece7  /home/chand/otshield-bench/evidence/v06/20260922T021855Z/trial-8/delay20/protocol.json
NETEM:
qdisc netem 80d4: root refcnt 13 limit 1000 delay 20ms seed 15976361235664725101
NORMAL tid=01 addr=0 fc=0x03
NORMAL tid=02 addr=1 fc=0x03
NORMAL tid=03 addr=2 fc=0x03
NORMAL tid=04 addr=3 fc=0x03
NORMAL tid=05 addr=4 fc=0x03
NORMAL tid=06 addr=5 fc=0x03
NORMAL tid=07 addr=6 fc=0x03
NORMAL tid=08 addr=7 fc=0x03
NORMAL tid=09 addr=8 fc=0x03
NORMAL tid=10 addr=9 fc=0x03
NORMAL tid=11 addr=0 fc=0x03
NORMAL tid=12 addr=1 fc=0x03
NORMAL tid=13 addr=2 fc=0x03
NORMAL tid=14 addr=3 fc=0x03
NORMAL tid=15 addr=4 fc=0x03
NORMAL tid=16 addr=5 fc=0x03
NORMAL tid=17 addr=6 fc=0x03
NORMAL tid=18 addr=7 fc=0x03
NORMAL tid=19 addr=8 fc=0x03
NORMAL tid=20 addr=9 fc=0x03
BURST tid=21 addr=0 fc=0x03
BURST tid=22 addr=1 fc=0x03
BURST tid=23 addr=2 fc=0x03
BURST tid=24 addr=3 fc=0x03
BURST tid=25 addr=4 fc=0x03
BURST tid=26 addr=5 fc=0x03
BURST tid=27 addr=6 fc=0x03
BURST tid=28 addr=7 fc=0x03
BURST tid=29 addr=8 fc=0x03
BURST tid=30 addr=9 fc=0x03
BURST tid=31 addr=0 fc=0x03
BURST tid=32 addr=1 fc=0x03
BURST tid=33 addr=2 fc=0x03
BURST tid=34 addr=3 fc=0x03
BURST tid=35 addr=4 fc=0x03
BURST tid=36 addr=5 fc=0x03
BURST tid=37 addr=6 fc=0x03
BURST tid=38 addr=7 fc=0x03
BURST tid=39 addr=8 fc=0x03
BURST tid=40 addr=9 fc=0x03
NORMAL tid=41 addr=0 fc=0x03
NORMAL tid=42 addr=1 fc=0x03
NORMAL tid=43 addr=2 fc=0x03
NORMAL tid=44 addr=3 fc=0x03
NORMAL tid=45 addr=4 fc=0x03
NORMAL tid=46 addr=5 fc=0x03
NORMAL tid=47 addr=6 fc=0x03
NORMAL tid=48 addr=7 fc=0x03
NORMAL tid=49 addr=8 fc=0x03
NORMAL tid=50 addr=9 fc=0x03
NORMAL tid=51 addr=0 fc=0x03
NORMAL tid=52 addr=1 fc=0x03
NORMAL tid=53 addr=2 fc=0x03
NORMAL tid=54 addr=3 fc=0x03
NORMAL tid=55 addr=4 fc=0x03
NORMAL tid=56 addr=5 fc=0x03
NORMAL tid=57 addr=6 fc=0x03
NORMAL tid=58 addr=7 fc=0x03
NORMAL tid=59 addr=8 fc=0x03
NORMAL tid=60 addr=9 fc=0x03
REQUESTS_SUCCESSFUL=60
REQUESTS_MISSED=0

RAW PCAP:
cba63588bda94111a125b0baffd4d390ea87f5b7b1eabeb27f39f0455f7e9835  /home/chand/otshield-bench/evidence/v06/20260922T021855Z/trial-8/delay20/raw.pcap
NORMALIZED_RECORDS= 60

CONDITION COMPLETE:
trial=8 condition=delay20

TRIAL 8 COMPLETE

##############################################
TRIAL 9 / 25
##############################################
 Network docker_otshield-ics-net Creating 
 Network docker_otshield-ics-net Creating 
 Network docker_otshield-ics-net Created 
 Network docker_otshield-ics-net Created 
 Container otshield-openplc Creating 
 Container otshield-openplc Created 
 Container otshield-openplc Starting 
 Container otshield-openplc Started 
OpenPLC: starting
OpenPLC: healthy
OPENPLC_EXPECTED_ID=1b4f9a370817404c0917c979c5cff6dc1348fd9217d6f4d64a54cff5a6dff229
Network: docker_otshield-ics-net
Image: fortiphyd/grfics-plc:latest
Image ID: sha256:364461af6d7b56563fa6fdc6a296a2dfa6530caf07ea736bbc9a71701a360919

----------------------------------------------
TRIAL=9
CONDITION=delay40_jitter10
DELAY=40ms
JITTER=10ms
LOSS=0%
----------------------------------------------
Predeclared: openplc-v06-20260922T021855Z-t09-delay40_jitter10
Normal: 40
Anomaly: 20
46c737740d2de010ca7d85b3daff0b1caf3f697963effbf22ed7f17c3da881dc  /home/chand/otshield-bench/evidence/v06/20260922T021855Z/trial-9/delay40_jitter10/protocol.json
NETEM:
qdisc netem 80d5: root refcnt 13 limit 1000 delay 40ms  10ms seed 15043822204126498428
NORMAL tid=01 addr=0 fc=0x03
NORMAL tid=02 addr=1 fc=0x03
NORMAL tid=03 addr=2 fc=0x03
NORMAL tid=04 addr=3 fc=0x03
NORMAL tid=05 addr=4 fc=0x03
NORMAL tid=06 addr=5 fc=0x03
NORMAL tid=07 addr=6 fc=0x03
NORMAL tid=08 addr=7 fc=0x03
NORMAL tid=09 addr=8 fc=0x03
NORMAL tid=10 addr=9 fc=0x03
NORMAL tid=11 addr=0 fc=0x03
NORMAL tid=12 addr=1 fc=0x03
NORMAL tid=13 addr=2 fc=0x03
NORMAL tid=14 addr=3 fc=0x03
NORMAL tid=15 addr=4 fc=0x03
NORMAL tid=16 addr=5 fc=0x03
NORMAL tid=17 addr=6 fc=0x03
NORMAL tid=18 addr=7 fc=0x03
NORMAL tid=19 addr=8 fc=0x03
NORMAL tid=20 addr=9 fc=0x03
BURST tid=21 addr=0 fc=0x03
BURST tid=22 addr=1 fc=0x03
BURST tid=23 addr=2 fc=0x03
BURST tid=24 addr=3 fc=0x03
BURST tid=25 addr=4 fc=0x03
BURST tid=26 addr=5 fc=0x03
BURST tid=27 addr=6 fc=0x03
BURST tid=28 addr=7 fc=0x03
BURST tid=29 addr=8 fc=0x03
BURST tid=30 addr=9 fc=0x03
BURST tid=31 addr=0 fc=0x03
BURST tid=32 addr=1 fc=0x03
BURST tid=33 addr=2 fc=0x03
BURST tid=34 addr=3 fc=0x03
BURST tid=35 addr=4 fc=0x03
BURST tid=36 addr=5 fc=0x03
BURST tid=37 addr=6 fc=0x03
BURST tid=38 addr=7 fc=0x03
BURST tid=39 addr=8 fc=0x03
BURST tid=40 addr=9 fc=0x03
NORMAL tid=41 addr=0 fc=0x03
NORMAL tid=42 addr=1 fc=0x03
NORMAL tid=43 addr=2 fc=0x03
NORMAL tid=44 addr=3 fc=0x03
NORMAL tid=45 addr=4 fc=0x03
NORMAL tid=46 addr=5 fc=0x03
NORMAL tid=47 addr=6 fc=0x03
NORMAL tid=48 addr=7 fc=0x03
NORMAL tid=49 addr=8 fc=0x03
NORMAL tid=50 addr=9 fc=0x03
NORMAL tid=51 addr=0 fc=0x03
NORMAL tid=52 addr=1 fc=0x03
NORMAL tid=53 addr=2 fc=0x03
NORMAL tid=54 addr=3 fc=0x03
NORMAL tid=55 addr=4 fc=0x03
NORMAL tid=56 addr=5 fc=0x03
NORMAL tid=57 addr=6 fc=0x03
NORMAL tid=58 addr=7 fc=0x03
NORMAL tid=59 addr=8 fc=0x03
NORMAL tid=60 addr=9 fc=0x03
REQUESTS_SUCCESSFUL=60
REQUESTS_MISSED=0

RAW PCAP:
eeddb1311ef0ddf8105989c2a860b5ae46703e0db718d63725fe7ddc65e8c29d  /home/chand/otshield-bench/evidence/v06/20260922T021855Z/trial-9/delay40_jitter10/raw.pcap
NORMALIZED_RECORDS= 60

CONDITION COMPLETE:
trial=9 condition=delay40_jitter10

----------------------------------------------
TRIAL=9
CONDITION=delay60_jitter10
DELAY=60ms
JITTER=10ms
LOSS=0%
----------------------------------------------
Predeclared: openplc-v06-20260922T021855Z-t09-delay60_jitter10
Normal: 40
Anomaly: 20
57dff3d46bd169232106477f8aa955141da05c7e7c8c9ea2156f10486bf47839  /home/chand/otshield-bench/evidence/v06/20260922T021855Z/trial-9/delay60_jitter10/protocol.json
NETEM:
qdisc netem 80d6: root refcnt 13 limit 1000 delay 60ms  10ms seed 17850901515517633546
NORMAL tid=01 addr=0 fc=0x03
NORMAL tid=02 addr=1 fc=0x03
NORMAL tid=03 addr=2 fc=0x03
NORMAL tid=04 addr=3 fc=0x03
NORMAL tid=05 addr=4 fc=0x03
NORMAL tid=06 addr=5 fc=0x03
NORMAL tid=07 addr=6 fc=0x03
NORMAL tid=08 addr=7 fc=0x03
NORMAL tid=09 addr=8 fc=0x03
NORMAL tid=10 addr=9 fc=0x03
NORMAL tid=11 addr=0 fc=0x03
NORMAL tid=12 addr=1 fc=0x03
NORMAL tid=13 addr=2 fc=0x03
NORMAL tid=14 addr=3 fc=0x03
NORMAL tid=15 addr=4 fc=0x03
NORMAL tid=16 addr=5 fc=0x03
NORMAL tid=17 addr=6 fc=0x03
NORMAL tid=18 addr=7 fc=0x03
NORMAL tid=19 addr=8 fc=0x03
NORMAL tid=20 addr=9 fc=0x03
BURST tid=21 addr=0 fc=0x03
BURST tid=22 addr=1 fc=0x03
BURST tid=23 addr=2 fc=0x03
BURST tid=24 addr=3 fc=0x03
BURST tid=25 addr=4 fc=0x03
BURST tid=26 addr=5 fc=0x03
BURST tid=27 addr=6 fc=0x03
BURST tid=28 addr=7 fc=0x03
BURST tid=29 addr=8 fc=0x03
BURST tid=30 addr=9 fc=0x03
BURST tid=31 addr=0 fc=0x03
BURST tid=32 addr=1 fc=0x03
BURST tid=33 addr=2 fc=0x03
BURST tid=34 addr=3 fc=0x03
BURST tid=35 addr=4 fc=0x03
BURST tid=36 addr=5 fc=0x03
BURST tid=37 addr=6 fc=0x03
BURST tid=38 addr=7 fc=0x03
BURST tid=39 addr=8 fc=0x03
BURST tid=40 addr=9 fc=0x03
NORMAL tid=41 addr=0 fc=0x03
NORMAL tid=42 addr=1 fc=0x03
NORMAL tid=43 addr=2 fc=0x03
NORMAL tid=44 addr=3 fc=0x03
NORMAL tid=45 addr=4 fc=0x03
NORMAL tid=46 addr=5 fc=0x03
NORMAL tid=47 addr=6 fc=0x03
NORMAL tid=48 addr=7 fc=0x03
NORMAL tid=49 addr=8 fc=0x03
NORMAL tid=50 addr=9 fc=0x03
NORMAL tid=51 addr=0 fc=0x03
NORMAL tid=52 addr=1 fc=0x03
NORMAL tid=53 addr=2 fc=0x03
NORMAL tid=54 addr=3 fc=0x03
NORMAL tid=55 addr=4 fc=0x03
NORMAL tid=56 addr=5 fc=0x03
NORMAL tid=57 addr=6 fc=0x03
NORMAL tid=58 addr=7 fc=0x03
NORMAL tid=59 addr=8 fc=0x03
NORMAL tid=60 addr=9 fc=0x03
REQUESTS_SUCCESSFUL=60
REQUESTS_MISSED=0

RAW PCAP:
f6e62866c3190c634ac89db94dad23c3ccd85d3c44d74d8bebf6bc39e7cbd5e7  /home/chand/otshield-bench/evidence/v06/20260922T021855Z/trial-9/delay60_jitter10/raw.pcap
NORMALIZED_RECORDS= 60

CONDITION COMPLETE:
trial=9 condition=delay60_jitter10

----------------------------------------------
TRIAL=9
CONDITION=clean
DELAY=0ms
JITTER=0ms
LOSS=0%
----------------------------------------------
Predeclared: openplc-v06-20260922T021855Z-t09-clean
Normal: 40
Anomaly: 20
9300015034a343ae9894654805c86796d5afac833bd40230cdb38b417ab31707  /home/chand/otshield-bench/evidence/v06/20260922T021855Z/trial-9/clean/protocol.json
NETEM: clean
NORMAL tid=01 addr=0 fc=0x03
NORMAL tid=02 addr=1 fc=0x03
NORMAL tid=03 addr=2 fc=0x03
NORMAL tid=04 addr=3 fc=0x03
NORMAL tid=05 addr=4 fc=0x03
NORMAL tid=06 addr=5 fc=0x03
NORMAL tid=07 addr=6 fc=0x03
NORMAL tid=08 addr=7 fc=0x03
NORMAL tid=09 addr=8 fc=0x03
NORMAL tid=10 addr=9 fc=0x03
NORMAL tid=11 addr=0 fc=0x03
NORMAL tid=12 addr=1 fc=0x03
NORMAL tid=13 addr=2 fc=0x03
NORMAL tid=14 addr=3 fc=0x03
NORMAL tid=15 addr=4 fc=0x03
NORMAL tid=16 addr=5 fc=0x03
NORMAL tid=17 addr=6 fc=0x03
NORMAL tid=18 addr=7 fc=0x03
NORMAL tid=19 addr=8 fc=0x03
NORMAL tid=20 addr=9 fc=0x03
BURST tid=21 addr=0 fc=0x03
BURST tid=22 addr=1 fc=0x03
BURST tid=23 addr=2 fc=0x03
BURST tid=24 addr=3 fc=0x03
BURST tid=25 addr=4 fc=0x03
BURST tid=26 addr=5 fc=0x03
BURST tid=27 addr=6 fc=0x03
BURST tid=28 addr=7 fc=0x03
BURST tid=29 addr=8 fc=0x03
BURST tid=30 addr=9 fc=0x03
BURST tid=31 addr=0 fc=0x03
BURST tid=32 addr=1 fc=0x03
BURST tid=33 addr=2 fc=0x03
BURST tid=34 addr=3 fc=0x03
BURST tid=35 addr=4 fc=0x03
BURST tid=36 addr=5 fc=0x03
BURST tid=37 addr=6 fc=0x03
BURST tid=38 addr=7 fc=0x03
BURST tid=39 addr=8 fc=0x03
BURST tid=40 addr=9 fc=0x03
NORMAL tid=41 addr=0 fc=0x03
NORMAL tid=42 addr=1 fc=0x03
NORMAL tid=43 addr=2 fc=0x03
NORMAL tid=44 addr=3 fc=0x03
NORMAL tid=45 addr=4 fc=0x03
NORMAL tid=46 addr=5 fc=0x03
NORMAL tid=47 addr=6 fc=0x03
NORMAL tid=48 addr=7 fc=0x03
NORMAL tid=49 addr=8 fc=0x03
NORMAL tid=50 addr=9 fc=0x03
NORMAL tid=51 addr=0 fc=0x03
NORMAL tid=52 addr=1 fc=0x03
NORMAL tid=53 addr=2 fc=0x03
NORMAL tid=54 addr=3 fc=0x03
NORMAL tid=55 addr=4 fc=0x03
NORMAL tid=56 addr=5 fc=0x03
NORMAL tid=57 addr=6 fc=0x03
NORMAL tid=58 addr=7 fc=0x03
NORMAL tid=59 addr=8 fc=0x03
NORMAL tid=60 addr=9 fc=0x03
REQUESTS_SUCCESSFUL=60
REQUESTS_MISSED=0

RAW PCAP:
554e78f85e2e447a916a87ed47f50a50b34b2126772f9bbcd29c3cf96155a24a  /home/chand/otshield-bench/evidence/v06/20260922T021855Z/trial-9/clean/raw.pcap
NORMALIZED_RECORDS= 60

CONDITION COMPLETE:
trial=9 condition=clean

----------------------------------------------
TRIAL=9
CONDITION=delay20
DELAY=20ms
JITTER=0ms
LOSS=0%
----------------------------------------------
Predeclared: openplc-v06-20260922T021855Z-t09-delay20
Normal: 40
Anomaly: 20
9cbf0c169af42c2ed8ac586e46274119afbff0e0ec7ecc20abd349b5e80512e4  /home/chand/otshield-bench/evidence/v06/20260922T021855Z/trial-9/delay20/protocol.json
NETEM:
qdisc netem 80d7: root refcnt 13 limit 1000 delay 20ms seed 753823965380252065
NORMAL tid=01 addr=0 fc=0x03
NORMAL tid=02 addr=1 fc=0x03
NORMAL tid=03 addr=2 fc=0x03
NORMAL tid=04 addr=3 fc=0x03
NORMAL tid=05 addr=4 fc=0x03
NORMAL tid=06 addr=5 fc=0x03
NORMAL tid=07 addr=6 fc=0x03
NORMAL tid=08 addr=7 fc=0x03
NORMAL tid=09 addr=8 fc=0x03
NORMAL tid=10 addr=9 fc=0x03
NORMAL tid=11 addr=0 fc=0x03
NORMAL tid=12 addr=1 fc=0x03
NORMAL tid=13 addr=2 fc=0x03
NORMAL tid=14 addr=3 fc=0x03
NORMAL tid=15 addr=4 fc=0x03
NORMAL tid=16 addr=5 fc=0x03
NORMAL tid=17 addr=6 fc=0x03
NORMAL tid=18 addr=7 fc=0x03
NORMAL tid=19 addr=8 fc=0x03
NORMAL tid=20 addr=9 fc=0x03
BURST tid=21 addr=0 fc=0x03
BURST tid=22 addr=1 fc=0x03
BURST tid=23 addr=2 fc=0x03
BURST tid=24 addr=3 fc=0x03
BURST tid=25 addr=4 fc=0x03
BURST tid=26 addr=5 fc=0x03
BURST tid=27 addr=6 fc=0x03
BURST tid=28 addr=7 fc=0x03
BURST tid=29 addr=8 fc=0x03
BURST tid=30 addr=9 fc=0x03
BURST tid=31 addr=0 fc=0x03
BURST tid=32 addr=1 fc=0x03
BURST tid=33 addr=2 fc=0x03
BURST tid=34 addr=3 fc=0x03
BURST tid=35 addr=4 fc=0x03
BURST tid=36 addr=5 fc=0x03
BURST tid=37 addr=6 fc=0x03
BURST tid=38 addr=7 fc=0x03
BURST tid=39 addr=8 fc=0x03
BURST tid=40 addr=9 fc=0x03
NORMAL tid=41 addr=0 fc=0x03
NORMAL tid=42 addr=1 fc=0x03
NORMAL tid=43 addr=2 fc=0x03
NORMAL tid=44 addr=3 fc=0x03
NORMAL tid=45 addr=4 fc=0x03
NORMAL tid=46 addr=5 fc=0x03
NORMAL tid=47 addr=6 fc=0x03
NORMAL tid=48 addr=7 fc=0x03
NORMAL tid=49 addr=8 fc=0x03
NORMAL tid=50 addr=9 fc=0x03
NORMAL tid=51 addr=0 fc=0x03
NORMAL tid=52 addr=1 fc=0x03
NORMAL tid=53 addr=2 fc=0x03
NORMAL tid=54 addr=3 fc=0x03
NORMAL tid=55 addr=4 fc=0x03
NORMAL tid=56 addr=5 fc=0x03
NORMAL tid=57 addr=6 fc=0x03
NORMAL tid=58 addr=7 fc=0x03
NORMAL tid=59 addr=8 fc=0x03
NORMAL tid=60 addr=9 fc=0x03
REQUESTS_SUCCESSFUL=60
REQUESTS_MISSED=0

RAW PCAP:
dc54e30915d2f823cf242a68fa186f307028dba655f58f85b6850eb38abd3c1f  /home/chand/otshield-bench/evidence/v06/20260922T021855Z/trial-9/delay20/raw.pcap
NORMALIZED_RECORDS= 60

CONDITION COMPLETE:
trial=9 condition=delay20

----------------------------------------------
TRIAL=9
CONDITION=delay20_jitter5_loss5
DELAY=20ms
JITTER=5ms
LOSS=5%
----------------------------------------------
Predeclared: openplc-v06-20260922T021855Z-t09-delay20_jitter5_loss5
Normal: 40
Anomaly: 20
c515e95a49aec03307798228bd785153c81fc2feb59f784f192ecd7021a99e6d  /home/chand/otshield-bench/evidence/v06/20260922T021855Z/trial-9/delay20_jitter5_loss5/protocol.json
NETEM:
qdisc netem 80d8: root refcnt 13 limit 1000 delay 20ms  5ms loss 5% seed 16269171382339186764
NORMAL tid=01 addr=0 fc=0x03
NORMAL tid=02 addr=1 fc=0x03
NORMAL tid=03 addr=2 fc=0x03
NORMAL tid=04 addr=3 fc=0x03
NORMAL tid=05 addr=4 fc=0x03
NORMAL tid=06 addr=5 fc=0x03
NORMAL tid=07 addr=6 fc=0x03
NORMAL tid=08 addr=7 fc=0x03
NORMAL tid=09 addr=8 fc=0x03
NORMAL tid=10 addr=9 fc=0x03
NORMAL tid=11 addr=0 fc=0x03
NORMAL tid=12 addr=1 fc=0x03
NORMAL tid=13 addr=2 fc=0x03
NORMAL tid=14 addr=3 fc=0x03
NORMAL tid=15 addr=4 fc=0x03
NORMAL tid=16 addr=5 fc=0x03
NORMAL tid=17 addr=6 fc=0x03
NORMAL tid=18 addr=7 fc=0x03
NORMAL tid=19 addr=8 fc=0x03
NORMAL tid=20 addr=9 fc=0x03
BURST tid=21 addr=0 fc=0x03
BURST tid=22 addr=1 fc=0x03
BURST tid=23 addr=2 fc=0x03
BURST tid=24 addr=3 fc=0x03
BURST tid=25 addr=4 fc=0x03
BURST tid=26 addr=5 fc=0x03
BURST tid=27 addr=6 fc=0x03
BURST tid=28 addr=7 fc=0x03
BURST tid=29 addr=8 fc=0x03
BURST tid=30 addr=9 fc=0x03
BURST tid=31 addr=0 fc=0x03
BURST tid=32 addr=1 fc=0x03
BURST tid=33 addr=2 fc=0x03
BURST tid=34 addr=3 fc=0x03
BURST tid=35 addr=4 fc=0x03
BURST tid=36 addr=5 fc=0x03
BURST tid=37 addr=6 fc=0x03
BURST tid=38 addr=7 fc=0x03
BURST tid=39 addr=8 fc=0x03
BURST tid=40 addr=9 fc=0x03
NORMAL tid=41 addr=0 fc=0x03
NORMAL tid=42 addr=1 fc=0x03
NORMAL tid=43 addr=2 fc=0x03
NORMAL tid=44 addr=3 fc=0x03
NORMAL tid=45 addr=4 fc=0x03
NORMAL tid=46 addr=5 fc=0x03
NORMAL tid=47 addr=6 fc=0x03
NORMAL tid=48 addr=7 fc=0x03
NORMAL tid=49 addr=8 fc=0x03
NORMAL tid=50 addr=9 fc=0x03
NORMAL tid=51 addr=0 fc=0x03
NORMAL tid=52 addr=1 fc=0x03
NORMAL tid=53 addr=2 fc=0x03
NORMAL tid=54 addr=3 fc=0x03
NORMAL tid=55 addr=4 fc=0x03
NORMAL tid=56 addr=5 fc=0x03
NORMAL tid=57 addr=6 fc=0x03
NORMAL tid=58 addr=7 fc=0x03
NORMAL tid=59 addr=8 fc=0x03
NORMAL tid=60 addr=9 fc=0x03
REQUESTS_SUCCESSFUL=60
REQUESTS_MISSED=0

RAW PCAP:
b234777fb9b984d4bfe6958d112dd262141120b065b72aa561596807d4ebce23  /home/chand/otshield-bench/evidence/v06/20260922T021855Z/trial-9/delay20_jitter5_loss5/raw.pcap
NORMALIZED_RECORDS= 60

CONDITION COMPLETE:
trial=9 condition=delay20_jitter5_loss5

TRIAL 9 COMPLETE

##############################################
TRIAL 10 / 25
##############################################
 Network docker_otshield-ics-net Creating 
 Network docker_otshield-ics-net Creating 
 Network docker_otshield-ics-net Created 
 Network docker_otshield-ics-net Created 
 Container otshield-openplc Creating 
 Container otshield-openplc Created 
 Container otshield-openplc Starting 
 Container otshield-openplc Started 
OpenPLC: starting
OpenPLC: healthy
OPENPLC_EXPECTED_ID=ff98d010bc8b5b333c38dde12fe17f7083249280d7d92289361f5de005c80e10
Network: docker_otshield-ics-net
Image: fortiphyd/grfics-plc:latest
Image ID: sha256:364461af6d7b56563fa6fdc6a296a2dfa6530caf07ea736bbc9a71701a360919

----------------------------------------------
TRIAL=10
CONDITION=delay60_jitter10
DELAY=60ms
JITTER=10ms
LOSS=0%
----------------------------------------------
Predeclared: openplc-v06-20260922T021855Z-t10-delay60_jitter10
Normal: 40
Anomaly: 20
7f36ceb814542b649f16d9ba099de62a4b750117bdbc18581a4b05140a0c3d3d  /home/chand/otshield-bench/evidence/v06/20260922T021855Z/trial-10/delay60_jitter10/protocol.json
NETEM:
qdisc netem 80d9: root refcnt 13 limit 1000 delay 60ms  10ms seed 10571664048715830201
NORMAL tid=01 addr=0 fc=0x03
NORMAL tid=02 addr=1 fc=0x03
NORMAL tid=03 addr=2 fc=0x03
NORMAL tid=04 addr=3 fc=0x03
NORMAL tid=05 addr=4 fc=0x03
NORMAL tid=06 addr=5 fc=0x03
NORMAL tid=07 addr=6 fc=0x03
NORMAL tid=08 addr=7 fc=0x03
NORMAL tid=09 addr=8 fc=0x03
NORMAL tid=10 addr=9 fc=0x03
NORMAL tid=11 addr=0 fc=0x03
NORMAL tid=12 addr=1 fc=0x03
NORMAL tid=13 addr=2 fc=0x03
NORMAL tid=14 addr=3 fc=0x03
NORMAL tid=15 addr=4 fc=0x03
NORMAL tid=16 addr=5 fc=0x03
NORMAL tid=17 addr=6 fc=0x03
NORMAL tid=18 addr=7 fc=0x03
NORMAL tid=19 addr=8 fc=0x03
NORMAL tid=20 addr=9 fc=0x03
BURST tid=21 addr=0 fc=0x03
BURST tid=22 addr=1 fc=0x03
BURST tid=23 addr=2 fc=0x03
BURST tid=24 addr=3 fc=0x03
BURST tid=25 addr=4 fc=0x03
BURST tid=26 addr=5 fc=0x03
BURST tid=27 addr=6 fc=0x03
BURST tid=28 addr=7 fc=0x03
BURST tid=29 addr=8 fc=0x03
BURST tid=30 addr=9 fc=0x03
BURST tid=31 addr=0 fc=0x03
BURST tid=32 addr=1 fc=0x03
BURST tid=33 addr=2 fc=0x03
BURST tid=34 addr=3 fc=0x03
BURST tid=35 addr=4 fc=0x03
BURST tid=36 addr=5 fc=0x03
BURST tid=37 addr=6 fc=0x03
BURST tid=38 addr=7 fc=0x03
BURST tid=39 addr=8 fc=0x03
BURST tid=40 addr=9 fc=0x03
NORMAL tid=41 addr=0 fc=0x03
NORMAL tid=42 addr=1 fc=0x03
NORMAL tid=43 addr=2 fc=0x03
NORMAL tid=44 addr=3 fc=0x03
NORMAL tid=45 addr=4 fc=0x03
NORMAL tid=46 addr=5 fc=0x03
NORMAL tid=47 addr=6 fc=0x03
NORMAL tid=48 addr=7 fc=0x03
NORMAL tid=49 addr=8 fc=0x03
NORMAL tid=50 addr=9 fc=0x03
NORMAL tid=51 addr=0 fc=0x03
NORMAL tid=52 addr=1 fc=0x03
NORMAL tid=53 addr=2 fc=0x03
NORMAL tid=54 addr=3 fc=0x03
NORMAL tid=55 addr=4 fc=0x03
NORMAL tid=56 addr=5 fc=0x03
NORMAL tid=57 addr=6 fc=0x03
NORMAL tid=58 addr=7 fc=0x03
NORMAL tid=59 addr=8 fc=0x03
NORMAL tid=60 addr=9 fc=0x03
REQUESTS_SUCCESSFUL=60
REQUESTS_MISSED=0

RAW PCAP:
ebe983f8bc85f6dc45c887f4870b3edf1bb34ae12907b7bd61954d3eecdbe1ab  /home/chand/otshield-bench/evidence/v06/20260922T021855Z/trial-10/delay60_jitter10/raw.pcap
NORMALIZED_RECORDS= 60

CONDITION COMPLETE:
trial=10 condition=delay60_jitter10

----------------------------------------------
TRIAL=10
CONDITION=clean
DELAY=0ms
JITTER=0ms
LOSS=0%
----------------------------------------------
Predeclared: openplc-v06-20260922T021855Z-t10-clean
Normal: 40
Anomaly: 20
aa7b9a8dcb8895dd00d5fa32a78f4d4635ab2382aeb4768eba4a8d259b7a9225  /home/chand/otshield-bench/evidence/v06/20260922T021855Z/trial-10/clean/protocol.json
NETEM: clean
NORMAL tid=01 addr=0 fc=0x03
NORMAL tid=02 addr=1 fc=0x03
NORMAL tid=03 addr=2 fc=0x03
NORMAL tid=04 addr=3 fc=0x03
NORMAL tid=05 addr=4 fc=0x03
NORMAL tid=06 addr=5 fc=0x03
NORMAL tid=07 addr=6 fc=0x03
NORMAL tid=08 addr=7 fc=0x03
NORMAL tid=09 addr=8 fc=0x03
NORMAL tid=10 addr=9 fc=0x03
NORMAL tid=11 addr=0 fc=0x03
NORMAL tid=12 addr=1 fc=0x03
NORMAL tid=13 addr=2 fc=0x03
NORMAL tid=14 addr=3 fc=0x03
NORMAL tid=15 addr=4 fc=0x03
NORMAL tid=16 addr=5 fc=0x03
NORMAL tid=17 addr=6 fc=0x03
NORMAL tid=18 addr=7 fc=0x03
NORMAL tid=19 addr=8 fc=0x03
NORMAL tid=20 addr=9 fc=0x03
BURST tid=21 addr=0 fc=0x03
BURST tid=22 addr=1 fc=0x03
BURST tid=23 addr=2 fc=0x03
BURST tid=24 addr=3 fc=0x03
BURST tid=25 addr=4 fc=0x03
BURST tid=26 addr=5 fc=0x03
BURST tid=27 addr=6 fc=0x03
BURST tid=28 addr=7 fc=0x03
BURST tid=29 addr=8 fc=0x03
BURST tid=30 addr=9 fc=0x03
BURST tid=31 addr=0 fc=0x03
BURST tid=32 addr=1 fc=0x03
BURST tid=33 addr=2 fc=0x03
BURST tid=34 addr=3 fc=0x03
BURST tid=35 addr=4 fc=0x03
BURST tid=36 addr=5 fc=0x03
BURST tid=37 addr=6 fc=0x03
BURST tid=38 addr=7 fc=0x03
BURST tid=39 addr=8 fc=0x03
BURST tid=40 addr=9 fc=0x03
NORMAL tid=41 addr=0 fc=0x03
NORMAL tid=42 addr=1 fc=0x03
NORMAL tid=43 addr=2 fc=0x03
NORMAL tid=44 addr=3 fc=0x03
NORMAL tid=45 addr=4 fc=0x03
NORMAL tid=46 addr=5 fc=0x03
NORMAL tid=47 addr=6 fc=0x03
NORMAL tid=48 addr=7 fc=0x03
NORMAL tid=49 addr=8 fc=0x03
NORMAL tid=50 addr=9 fc=0x03
NORMAL tid=51 addr=0 fc=0x03
NORMAL tid=52 addr=1 fc=0x03
NORMAL tid=53 addr=2 fc=0x03
NORMAL tid=54 addr=3 fc=0x03
NORMAL tid=55 addr=4 fc=0x03
NORMAL tid=56 addr=5 fc=0x03
NORMAL tid=57 addr=6 fc=0x03
NORMAL tid=58 addr=7 fc=0x03
NORMAL tid=59 addr=8 fc=0x03
NORMAL tid=60 addr=9 fc=0x03
REQUESTS_SUCCESSFUL=60
REQUESTS_MISSED=0

RAW PCAP:
92949725bafd5d8ee431717dce973cb832514af5f9d1aa127fe195bfa285c5ae  /home/chand/otshield-bench/evidence/v06/20260922T021855Z/trial-10/clean/raw.pcap
NORMALIZED_RECORDS= 60

CONDITION COMPLETE:
trial=10 condition=clean

----------------------------------------------
TRIAL=10
CONDITION=delay20
DELAY=20ms
JITTER=0ms
LOSS=0%
----------------------------------------------
Predeclared: openplc-v06-20260922T021855Z-t10-delay20
Normal: 40
Anomaly: 20
f9452581141a1d846aa810ac7b5d989f8d6726cedd65625af074db500eed6e71  /home/chand/otshield-bench/evidence/v06/20260922T021855Z/trial-10/delay20/protocol.json
NETEM:
qdisc netem 80da: root refcnt 13 limit 1000 delay 20ms seed 4786434058622335441
NORMAL tid=01 addr=0 fc=0x03
NORMAL tid=02 addr=1 fc=0x03
NORMAL tid=03 addr=2 fc=0x03
NORMAL tid=04 addr=3 fc=0x03
NORMAL tid=05 addr=4 fc=0x03
NORMAL tid=06 addr=5 fc=0x03
NORMAL tid=07 addr=6 fc=0x03
NORMAL tid=08 addr=7 fc=0x03
NORMAL tid=09 addr=8 fc=0x03
NORMAL tid=10 addr=9 fc=0x03
NORMAL tid=11 addr=0 fc=0x03
NORMAL tid=12 addr=1 fc=0x03
NORMAL tid=13 addr=2 fc=0x03
NORMAL tid=14 addr=3 fc=0x03
NORMAL tid=15 addr=4 fc=0x03
NORMAL tid=16 addr=5 fc=0x03
NORMAL tid=17 addr=6 fc=0x03
NORMAL tid=18 addr=7 fc=0x03
NORMAL tid=19 addr=8 fc=0x03
NORMAL tid=20 addr=9 fc=0x03
BURST tid=21 addr=0 fc=0x03
BURST tid=22 addr=1 fc=0x03
BURST tid=23 addr=2 fc=0x03
BURST tid=24 addr=3 fc=0x03
BURST tid=25 addr=4 fc=0x03
BURST tid=26 addr=5 fc=0x03
BURST tid=27 addr=6 fc=0x03
BURST tid=28 addr=7 fc=0x03
BURST tid=29 addr=8 fc=0x03
BURST tid=30 addr=9 fc=0x03
BURST tid=31 addr=0 fc=0x03
BURST tid=32 addr=1 fc=0x03
BURST tid=33 addr=2 fc=0x03
BURST tid=34 addr=3 fc=0x03
BURST tid=35 addr=4 fc=0x03
BURST tid=36 addr=5 fc=0x03
BURST tid=37 addr=6 fc=0x03
BURST tid=38 addr=7 fc=0x03
BURST tid=39 addr=8 fc=0x03
BURST tid=40 addr=9 fc=0x03
NORMAL tid=41 addr=0 fc=0x03
NORMAL tid=42 addr=1 fc=0x03
NORMAL tid=43 addr=2 fc=0x03
NORMAL tid=44 addr=3 fc=0x03
NORMAL tid=45 addr=4 fc=0x03
NORMAL tid=46 addr=5 fc=0x03
NORMAL tid=47 addr=6 fc=0x03
NORMAL tid=48 addr=7 fc=0x03
NORMAL tid=49 addr=8 fc=0x03
NORMAL tid=50 addr=9 fc=0x03
NORMAL tid=51 addr=0 fc=0x03
NORMAL tid=52 addr=1 fc=0x03
NORMAL tid=53 addr=2 fc=0x03
NORMAL tid=54 addr=3 fc=0x03
NORMAL tid=55 addr=4 fc=0x03
NORMAL tid=56 addr=5 fc=0x03
NORMAL tid=57 addr=6 fc=0x03
NORMAL tid=58 addr=7 fc=0x03
NORMAL tid=59 addr=8 fc=0x03
NORMAL tid=60 addr=9 fc=0x03
REQUESTS_SUCCESSFUL=60
REQUESTS_MISSED=0

RAW PCAP:
1f2175426d855f72bb3c7a8b749e7e3710178791294257c43d2b0b2b042f5a03  /home/chand/otshield-bench/evidence/v06/20260922T021855Z/trial-10/delay20/raw.pcap
NORMALIZED_RECORDS= 60

CONDITION COMPLETE:
trial=10 condition=delay20

----------------------------------------------
TRIAL=10
CONDITION=delay20_jitter5_loss5
DELAY=20ms
JITTER=5ms
LOSS=5%
----------------------------------------------
Predeclared: openplc-v06-20260922T021855Z-t10-delay20_jitter5_loss5
Normal: 40
Anomaly: 20
becb9d54ec3147b43036f511085cc11342c9fa52967ecb7123ce0018ab891d76  /home/chand/otshield-bench/evidence/v06/20260922T021855Z/trial-10/delay20_jitter5_loss5/protocol.json
NETEM:
qdisc netem 80db: root refcnt 13 limit 1000 delay 20ms  5ms loss 5% seed 932979437624409910
NORMAL tid=01 addr=0 fc=0x03
NORMAL tid=02 addr=1 fc=0x03
NORMAL tid=03 addr=2 fc=0x03
NORMAL tid=04 addr=3 fc=0x03
NORMAL tid=05 addr=4 fc=0x03
NORMAL tid=06 addr=5 fc=0x03
NORMAL tid=07 addr=6 fc=0x03
NORMAL tid=08 addr=7 fc=0x03
NORMAL tid=09 addr=8 fc=0x03
NORMAL tid=10 addr=9 fc=0x03
NORMAL tid=11 addr=0 fc=0x03
NORMAL tid=12 addr=1 fc=0x03
NORMAL tid=13 addr=2 fc=0x03
NORMAL tid=14 addr=3 fc=0x03
NORMAL tid=15 addr=4 fc=0x03
NORMAL tid=16 addr=5 fc=0x03
NORMAL tid=17 addr=6 fc=0x03
NORMAL tid=18 addr=7 fc=0x03
NORMAL tid=19 addr=8 fc=0x03
NORMAL tid=20 addr=9 fc=0x03
BURST tid=21 addr=0 fc=0x03
BURST tid=22 addr=1 fc=0x03
BURST tid=23 addr=2 fc=0x03
BURST tid=24 addr=3 fc=0x03
BURST tid=25 addr=4 fc=0x03
BURST tid=26 addr=5 fc=0x03
BURST tid=27 addr=6 fc=0x03
BURST tid=28 addr=7 fc=0x03
BURST tid=29 addr=8 fc=0x03
BURST tid=30 addr=9 fc=0x03
BURST tid=31 addr=0 fc=0x03
BURST tid=32 addr=1 fc=0x03
BURST tid=33 addr=2 fc=0x03
BURST tid=34 addr=3 fc=0x03
BURST tid=35 addr=4 fc=0x03
BURST tid=36 addr=5 fc=0x03
BURST tid=37 addr=6 fc=0x03
BURST tid=38 addr=7 fc=0x03
BURST tid=39 addr=8 fc=0x03
BURST tid=40 addr=9 fc=0x03
NORMAL tid=41 addr=0 fc=0x03
NORMAL tid=42 addr=1 fc=0x03
NORMAL tid=43 addr=2 fc=0x03
NORMAL tid=44 addr=3 fc=0x03
NORMAL tid=45 addr=4 fc=0x03
NORMAL tid=46 addr=5 fc=0x03
NORMAL tid=47 addr=6 fc=0x03
NORMAL tid=48 addr=7 fc=0x03
NORMAL tid=49 addr=8 fc=0x03
NORMAL tid=50 addr=9 fc=0x03
NORMAL tid=51 addr=0 fc=0x03
NORMAL tid=52 addr=1 fc=0x03
NORMAL tid=53 addr=2 fc=0x03
NORMAL tid=54 addr=3 fc=0x03
NORMAL tid=55 addr=4 fc=0x03
NORMAL tid=56 addr=5 fc=0x03
NORMAL tid=57 addr=6 fc=0x03
NORMAL tid=58 addr=7 fc=0x03
NORMAL tid=59 addr=8 fc=0x03
NORMAL tid=60 addr=9 fc=0x03
REQUESTS_SUCCESSFUL=60
REQUESTS_MISSED=0

RAW PCAP:
d0c7f329a03915603502f29d982c26f1996843fb1d4cec505423a0c0c750a000  /home/chand/otshield-bench/evidence/v06/20260922T021855Z/trial-10/delay20_jitter5_loss5/raw.pcap
NORMALIZED_RECORDS= 60

CONDITION COMPLETE:
trial=10 condition=delay20_jitter5_loss5

----------------------------------------------
TRIAL=10
CONDITION=delay40_jitter10
DELAY=40ms
JITTER=10ms
LOSS=0%
----------------------------------------------
Predeclared: openplc-v06-20260922T021855Z-t10-delay40_jitter10
Normal: 40
Anomaly: 20
339adc08d28019c7da149b8f2fdc5de58ac1b27c03061ca580dbf7819584dd65  /home/chand/otshield-bench/evidence/v06/20260922T021855Z/trial-10/delay40_jitter10/protocol.json
NETEM:
qdisc netem 80dc: root refcnt 13 limit 1000 delay 40ms  10ms seed 15793192203126461036
NORMAL tid=01 addr=0 fc=0x03
NORMAL tid=02 addr=1 fc=0x03
NORMAL tid=03 addr=2 fc=0x03
NORMAL tid=04 addr=3 fc=0x03
NORMAL tid=05 addr=4 fc=0x03
NORMAL tid=06 addr=5 fc=0x03
NORMAL tid=07 addr=6 fc=0x03
NORMAL tid=08 addr=7 fc=0x03
NORMAL tid=09 addr=8 fc=0x03
NORMAL tid=10 addr=9 fc=0x03
NORMAL tid=11 addr=0 fc=0x03
NORMAL tid=12 addr=1 fc=0x03
NORMAL tid=13 addr=2 fc=0x03
NORMAL tid=14 addr=3 fc=0x03
NORMAL tid=15 addr=4 fc=0x03
NORMAL tid=16 addr=5 fc=0x03
NORMAL tid=17 addr=6 fc=0x03
NORMAL tid=18 addr=7 fc=0x03
NORMAL tid=19 addr=8 fc=0x03
NORMAL tid=20 addr=9 fc=0x03
BURST tid=21 addr=0 fc=0x03
BURST tid=22 addr=1 fc=0x03
BURST tid=23 addr=2 fc=0x03
BURST tid=24 addr=3 fc=0x03
BURST tid=25 addr=4 fc=0x03
BURST tid=26 addr=5 fc=0x03
BURST tid=27 addr=6 fc=0x03
BURST tid=28 addr=7 fc=0x03
BURST tid=29 addr=8 fc=0x03
BURST tid=30 addr=9 fc=0x03
BURST tid=31 addr=0 fc=0x03
BURST tid=32 addr=1 fc=0x03
BURST tid=33 addr=2 fc=0x03
BURST tid=34 addr=3 fc=0x03
BURST tid=35 addr=4 fc=0x03
BURST tid=36 addr=5 fc=0x03
BURST tid=37 addr=6 fc=0x03
BURST tid=38 addr=7 fc=0x03
BURST tid=39 addr=8 fc=0x03
BURST tid=40 addr=9 fc=0x03
NORMAL tid=41 addr=0 fc=0x03
NORMAL tid=42 addr=1 fc=0x03
NORMAL tid=43 addr=2 fc=0x03
NORMAL tid=44 addr=3 fc=0x03
NORMAL tid=45 addr=4 fc=0x03
NORMAL tid=46 addr=5 fc=0x03
NORMAL tid=47 addr=6 fc=0x03
NORMAL tid=48 addr=7 fc=0x03
NORMAL tid=49 addr=8 fc=0x03
NORMAL tid=50 addr=9 fc=0x03
NORMAL tid=51 addr=0 fc=0x03
NORMAL tid=52 addr=1 fc=0x03
NORMAL tid=53 addr=2 fc=0x03
NORMAL tid=54 addr=3 fc=0x03
NORMAL tid=55 addr=4 fc=0x03
NORMAL tid=56 addr=5 fc=0x03
NORMAL tid=57 addr=6 fc=0x03
NORMAL tid=58 addr=7 fc=0x03
NORMAL tid=59 addr=8 fc=0x03
NORMAL tid=60 addr=9 fc=0x03
REQUESTS_SUCCESSFUL=60
REQUESTS_MISSED=0

RAW PCAP:
42c990ad55dc1d43c5b23626f0f6c527bc9437fe88ad586bfdf037f3a75a0d88  /home/chand/otshield-bench/evidence/v06/20260922T021855Z/trial-10/delay40_jitter10/raw.pcap
NORMALIZED_RECORDS= 60

CONDITION COMPLETE:
trial=10 condition=delay40_jitter10

TRIAL 10 COMPLETE

##############################################
TRIAL 11 / 25
##############################################
 Network docker_otshield-ics-net Creating 
 Network docker_otshield-ics-net Creating 
 Network docker_otshield-ics-net Created 
 Network docker_otshield-ics-net Created 
 Container otshield-openplc Creating 
 Container otshield-openplc Created 
 Container otshield-openplc Starting 
 Container otshield-openplc Started 
OpenPLC: starting
OpenPLC: healthy
OPENPLC_EXPECTED_ID=f73037c6e0f8b7241d582de2cc2397680c8312ec1b1beb1ed5019feae708f855
Network: docker_otshield-ics-net
Image: fortiphyd/grfics-plc:latest
Image ID: sha256:364461af6d7b56563fa6fdc6a296a2dfa6530caf07ea736bbc9a71701a360919

----------------------------------------------
TRIAL=11
CONDITION=clean
DELAY=0ms
JITTER=0ms
LOSS=0%
----------------------------------------------
Predeclared: openplc-v06-20260922T021855Z-t11-clean
Normal: 40
Anomaly: 20
47194785bc89ab1b4c928846911be19c31df299c66af2f1018dbbe7ce758b463  /home/chand/otshield-bench/evidence/v06/20260922T021855Z/trial-11/clean/protocol.json
NETEM: clean
NORMAL tid=01 addr=0 fc=0x03
NORMAL tid=02 addr=1 fc=0x03
NORMAL tid=03 addr=2 fc=0x03
NORMAL tid=04 addr=3 fc=0x03
NORMAL tid=05 addr=4 fc=0x03
NORMAL tid=06 addr=5 fc=0x03
NORMAL tid=07 addr=6 fc=0x03
NORMAL tid=08 addr=7 fc=0x03
NORMAL tid=09 addr=8 fc=0x03
NORMAL tid=10 addr=9 fc=0x03
NORMAL tid=11 addr=0 fc=0x03
NORMAL tid=12 addr=1 fc=0x03
NORMAL tid=13 addr=2 fc=0x03
NORMAL tid=14 addr=3 fc=0x03
NORMAL tid=15 addr=4 fc=0x03
NORMAL tid=16 addr=5 fc=0x03
NORMAL tid=17 addr=6 fc=0x03
NORMAL tid=18 addr=7 fc=0x03
NORMAL tid=19 addr=8 fc=0x03
NORMAL tid=20 addr=9 fc=0x03
BURST tid=21 addr=0 fc=0x03
BURST tid=22 addr=1 fc=0x03
BURST tid=23 addr=2 fc=0x03
BURST tid=24 addr=3 fc=0x03
BURST tid=25 addr=4 fc=0x03
BURST tid=26 addr=5 fc=0x03
BURST tid=27 addr=6 fc=0x03
BURST tid=28 addr=7 fc=0x03
BURST tid=29 addr=8 fc=0x03
BURST tid=30 addr=9 fc=0x03
BURST tid=31 addr=0 fc=0x03
BURST tid=32 addr=1 fc=0x03
BURST tid=33 addr=2 fc=0x03
BURST tid=34 addr=3 fc=0x03
BURST tid=35 addr=4 fc=0x03
BURST tid=36 addr=5 fc=0x03
BURST tid=37 addr=6 fc=0x03
BURST tid=38 addr=7 fc=0x03
BURST tid=39 addr=8 fc=0x03
BURST tid=40 addr=9 fc=0x03
NORMAL tid=41 addr=0 fc=0x03
NORMAL tid=42 addr=1 fc=0x03
NORMAL tid=43 addr=2 fc=0x03
NORMAL tid=44 addr=3 fc=0x03
NORMAL tid=45 addr=4 fc=0x03
NORMAL tid=46 addr=5 fc=0x03
NORMAL tid=47 addr=6 fc=0x03
NORMAL tid=48 addr=7 fc=0x03
NORMAL tid=49 addr=8 fc=0x03
NORMAL tid=50 addr=9 fc=0x03
NORMAL tid=51 addr=0 fc=0x03
NORMAL tid=52 addr=1 fc=0x03
NORMAL tid=53 addr=2 fc=0x03
NORMAL tid=54 addr=3 fc=0x03
NORMAL tid=55 addr=4 fc=0x03
NORMAL tid=56 addr=5 fc=0x03
NORMAL tid=57 addr=6 fc=0x03
NORMAL tid=58 addr=7 fc=0x03
NORMAL tid=59 addr=8 fc=0x03
NORMAL tid=60 addr=9 fc=0x03
REQUESTS_SUCCESSFUL=60
REQUESTS_MISSED=0

RAW PCAP:
0bd3c2b6f6bc0b9468465ddb8cfdbaa21746a5bb5d2f001762a2c276f50bc747  /home/chand/otshield-bench/evidence/v06/20260922T021855Z/trial-11/clean/raw.pcap
NORMALIZED_RECORDS= 60

CONDITION COMPLETE:
trial=11 condition=clean

----------------------------------------------
TRIAL=11
CONDITION=delay20
DELAY=20ms
JITTER=0ms
LOSS=0%
----------------------------------------------
Predeclared: openplc-v06-20260922T021855Z-t11-delay20
Normal: 40
Anomaly: 20
94e11ca0826c976c8d74493c2333b5d63e178bf59e8c1bb2266b90a860e0036a  /home/chand/otshield-bench/evidence/v06/20260922T021855Z/trial-11/delay20/protocol.json
NETEM:
qdisc netem 80dd: root refcnt 13 limit 1000 delay 20ms seed 15594344630731879885
NORMAL tid=01 addr=0 fc=0x03
NORMAL tid=02 addr=1 fc=0x03
NORMAL tid=03 addr=2 fc=0x03
NORMAL tid=04 addr=3 fc=0x03
NORMAL tid=05 addr=4 fc=0x03
NORMAL tid=06 addr=5 fc=0x03
NORMAL tid=07 addr=6 fc=0x03
NORMAL tid=08 addr=7 fc=0x03
NORMAL tid=09 addr=8 fc=0x03
NORMAL tid=10 addr=9 fc=0x03
NORMAL tid=11 addr=0 fc=0x03
NORMAL tid=12 addr=1 fc=0x03
NORMAL tid=13 addr=2 fc=0x03
NORMAL tid=14 addr=3 fc=0x03
NORMAL tid=15 addr=4 fc=0x03
NORMAL tid=16 addr=5 fc=0x03
NORMAL tid=17 addr=6 fc=0x03
NORMAL tid=18 addr=7 fc=0x03
NORMAL tid=19 addr=8 fc=0x03
NORMAL tid=20 addr=9 fc=0x03
BURST tid=21 addr=0 fc=0x03
BURST tid=22 addr=1 fc=0x03
BURST tid=23 addr=2 fc=0x03
BURST tid=24 addr=3 fc=0x03
BURST tid=25 addr=4 fc=0x03
BURST tid=26 addr=5 fc=0x03
BURST tid=27 addr=6 fc=0x03
BURST tid=28 addr=7 fc=0x03
BURST tid=29 addr=8 fc=0x03
BURST tid=30 addr=9 fc=0x03
BURST tid=31 addr=0 fc=0x03
BURST tid=32 addr=1 fc=0x03
BURST tid=33 addr=2 fc=0x03
BURST tid=34 addr=3 fc=0x03
BURST tid=35 addr=4 fc=0x03
BURST tid=36 addr=5 fc=0x03
BURST tid=37 addr=6 fc=0x03
BURST tid=38 addr=7 fc=0x03
BURST tid=39 addr=8 fc=0x03
BURST tid=40 addr=9 fc=0x03
NORMAL tid=41 addr=0 fc=0x03
NORMAL tid=42 addr=1 fc=0x03
NORMAL tid=43 addr=2 fc=0x03
NORMAL tid=44 addr=3 fc=0x03
NORMAL tid=45 addr=4 fc=0x03
NORMAL tid=46 addr=5 fc=0x03
NORMAL tid=47 addr=6 fc=0x03
NORMAL tid=48 addr=7 fc=0x03
NORMAL tid=49 addr=8 fc=0x03
NORMAL tid=50 addr=9 fc=0x03
NORMAL tid=51 addr=0 fc=0x03
NORMAL tid=52 addr=1 fc=0x03
NORMAL tid=53 addr=2 fc=0x03
NORMAL tid=54 addr=3 fc=0x03
NORMAL tid=55 addr=4 fc=0x03
NORMAL tid=56 addr=5 fc=0x03
NORMAL tid=57 addr=6 fc=0x03
NORMAL tid=58 addr=7 fc=0x03
NORMAL tid=59 addr=8 fc=0x03
NORMAL tid=60 addr=9 fc=0x03
REQUESTS_SUCCESSFUL=60
REQUESTS_MISSED=0

RAW PCAP:
e908276d37ee5391e16dfeab0c153c2c8c439fa7e3fe844887056a747eeb4f8e  /home/chand/otshield-bench/evidence/v06/20260922T021855Z/trial-11/delay20/raw.pcap
NORMALIZED_RECORDS= 60

CONDITION COMPLETE:
trial=11 condition=delay20

----------------------------------------------
TRIAL=11
CONDITION=delay20_jitter5_loss5
DELAY=20ms
JITTER=5ms
LOSS=5%
----------------------------------------------
Predeclared: openplc-v06-20260922T021855Z-t11-delay20_jitter5_loss5
Normal: 40
Anomaly: 20
ff7eec5e0c30cc3579b4c0cc38f81b1b8b3706f060ab05df2338f1ee4807cef6  /home/chand/otshield-bench/evidence/v06/20260922T021855Z/trial-11/delay20_jitter5_loss5/protocol.json
NETEM:
qdisc netem 80de: root refcnt 13 limit 1000 delay 20ms  5ms loss 5% seed 14511626007021776869
NORMAL tid=01 addr=0 fc=0x03
NORMAL tid=02 addr=1 fc=0x03
NORMAL tid=03 addr=2 fc=0x03
NORMAL tid=04 addr=3 fc=0x03
NORMAL tid=05 addr=4 fc=0x03
NORMAL tid=06 addr=5 fc=0x03
NORMAL tid=07 addr=6 fc=0x03
NORMAL tid=08 addr=7 fc=0x03
NORMAL tid=09 addr=8 fc=0x03
NORMAL tid=10 addr=9 fc=0x03
NORMAL tid=11 addr=0 fc=0x03
NORMAL tid=12 addr=1 fc=0x03
NORMAL tid=13 addr=2 fc=0x03
NORMAL tid=14 addr=3 fc=0x03
NORMAL tid=15 addr=4 fc=0x03
NORMAL tid=16 addr=5 fc=0x03
NORMAL tid=17 addr=6 fc=0x03
NORMAL tid=18 addr=7 fc=0x03
NORMAL tid=19 addr=8 fc=0x03
NORMAL tid=20 addr=9 fc=0x03
BURST tid=21 addr=0 fc=0x03
BURST tid=22 addr=1 fc=0x03
BURST tid=23 addr=2 fc=0x03
BURST tid=24 addr=3 fc=0x03
BURST tid=25 addr=4 fc=0x03
BURST tid=26 addr=5 fc=0x03
BURST tid=27 addr=6 fc=0x03
BURST tid=28 addr=7 fc=0x03
BURST tid=29 addr=8 fc=0x03
BURST tid=30 addr=9 fc=0x03
BURST tid=31 addr=0 fc=0x03
BURST tid=32 addr=1 fc=0x03
BURST tid=33 addr=2 fc=0x03
BURST tid=34 addr=3 fc=0x03
BURST tid=35 addr=4 fc=0x03
BURST tid=36 addr=5 fc=0x03
BURST tid=37 addr=6 fc=0x03
BURST tid=38 addr=7 fc=0x03
BURST tid=39 addr=8 fc=0x03
BURST tid=40 addr=9 fc=0x03
NORMAL tid=41 addr=0 fc=0x03
NORMAL tid=42 addr=1 fc=0x03
NORMAL tid=43 addr=2 fc=0x03
NORMAL tid=44 addr=3 fc=0x03
NORMAL tid=45 addr=4 fc=0x03
NORMAL tid=46 addr=5 fc=0x03
NORMAL tid=47 addr=6 fc=0x03
NORMAL tid=48 addr=7 fc=0x03
NORMAL tid=49 addr=8 fc=0x03
NORMAL tid=50 addr=9 fc=0x03
NORMAL tid=51 addr=0 fc=0x03
NORMAL tid=52 addr=1 fc=0x03
NORMAL tid=53 addr=2 fc=0x03
NORMAL tid=54 addr=3 fc=0x03
NORMAL tid=55 addr=4 fc=0x03
NORMAL tid=56 addr=5 fc=0x03
NORMAL tid=57 addr=6 fc=0x03
NORMAL tid=58 addr=7 fc=0x03
NORMAL tid=59 addr=8 fc=0x03
NORMAL tid=60 addr=9 fc=0x03
REQUESTS_SUCCESSFUL=60
REQUESTS_MISSED=0

RAW PCAP:
a77681de666a1faffffe1f6913c2028e63be514542e84bf5466f8c4bbe0c8334  /home/chand/otshield-bench/evidence/v06/20260922T021855Z/trial-11/delay20_jitter5_loss5/raw.pcap
NORMALIZED_RECORDS= 60

CONDITION COMPLETE:
trial=11 condition=delay20_jitter5_loss5

----------------------------------------------
TRIAL=11
CONDITION=delay40_jitter10
DELAY=40ms
JITTER=10ms
LOSS=0%
----------------------------------------------
Predeclared: openplc-v06-20260922T021855Z-t11-delay40_jitter10
Normal: 40
Anomaly: 20
1aea26eb8663513c6fd58c6f1294f69910b54d9a97e3798ef66eec5ce2739c04  /home/chand/otshield-bench/evidence/v06/20260922T021855Z/trial-11/delay40_jitter10/protocol.json
NETEM:
qdisc netem 80df: root refcnt 13 limit 1000 delay 40ms  10ms seed 1452852477036578317
NORMAL tid=01 addr=0 fc=0x03
NORMAL tid=02 addr=1 fc=0x03
NORMAL tid=03 addr=2 fc=0x03
NORMAL tid=04 addr=3 fc=0x03
NORMAL tid=05 addr=4 fc=0x03
NORMAL tid=06 addr=5 fc=0x03
NORMAL tid=07 addr=6 fc=0x03
NORMAL tid=08 addr=7 fc=0x03
NORMAL tid=09 addr=8 fc=0x03
NORMAL tid=10 addr=9 fc=0x03
NORMAL tid=11 addr=0 fc=0x03
NORMAL tid=12 addr=1 fc=0x03
NORMAL tid=13 addr=2 fc=0x03
NORMAL tid=14 addr=3 fc=0x03
NORMAL tid=15 addr=4 fc=0x03
NORMAL tid=16 addr=5 fc=0x03
NORMAL tid=17 addr=6 fc=0x03
NORMAL tid=18 addr=7 fc=0x03
NORMAL tid=19 addr=8 fc=0x03
NORMAL tid=20 addr=9 fc=0x03
BURST tid=21 addr=0 fc=0x03
BURST tid=22 addr=1 fc=0x03
BURST tid=23 addr=2 fc=0x03
BURST tid=24 addr=3 fc=0x03
BURST tid=25 addr=4 fc=0x03
BURST tid=26 addr=5 fc=0x03
BURST tid=27 addr=6 fc=0x03
BURST tid=28 addr=7 fc=0x03
BURST tid=29 addr=8 fc=0x03
BURST tid=30 addr=9 fc=0x03
BURST tid=31 addr=0 fc=0x03
BURST tid=32 addr=1 fc=0x03
BURST tid=33 addr=2 fc=0x03
BURST tid=34 addr=3 fc=0x03
BURST tid=35 addr=4 fc=0x03
BURST tid=36 addr=5 fc=0x03
BURST tid=37 addr=6 fc=0x03
BURST tid=38 addr=7 fc=0x03
BURST tid=39 addr=8 fc=0x03
BURST tid=40 addr=9 fc=0x03
NORMAL tid=41 addr=0 fc=0x03
NORMAL tid=42 addr=1 fc=0x03
NORMAL tid=43 addr=2 fc=0x03
NORMAL tid=44 addr=3 fc=0x03
NORMAL tid=45 addr=4 fc=0x03
NORMAL tid=46 addr=5 fc=0x03
NORMAL tid=47 addr=6 fc=0x03
NORMAL tid=48 addr=7 fc=0x03
NORMAL tid=49 addr=8 fc=0x03
NORMAL tid=50 addr=9 fc=0x03
NORMAL tid=51 addr=0 fc=0x03
NORMAL tid=52 addr=1 fc=0x03
NORMAL tid=53 addr=2 fc=0x03
NORMAL tid=54 addr=3 fc=0x03
NORMAL tid=55 addr=4 fc=0x03
NORMAL tid=56 addr=5 fc=0x03
NORMAL tid=57 addr=6 fc=0x03
NORMAL tid=58 addr=7 fc=0x03
NORMAL tid=59 addr=8 fc=0x03
NORMAL tid=60 addr=9 fc=0x03
REQUESTS_SUCCESSFUL=60
REQUESTS_MISSED=0

RAW PCAP:
25fb785faa768ff1ef80dfbc369d4437a589be1c28485cf5c3479dacc5100932  /home/chand/otshield-bench/evidence/v06/20260922T021855Z/trial-11/delay40_jitter10/raw.pcap
NORMALIZED_RECORDS= 60

CONDITION COMPLETE:
trial=11 condition=delay40_jitter10

----------------------------------------------
TRIAL=11
CONDITION=delay60_jitter10
DELAY=60ms
JITTER=10ms
LOSS=0%
----------------------------------------------
Predeclared: openplc-v06-20260922T021855Z-t11-delay60_jitter10
Normal: 40
Anomaly: 20
2d400e58a5960e6bee3c9ac029d966a9a13e6daf3d04edc8cd82f4eaa5f818bb  /home/chand/otshield-bench/evidence/v06/20260922T021855Z/trial-11/delay60_jitter10/protocol.json
NETEM:
qdisc netem 80e0: root refcnt 13 limit 1000 delay 60ms  10ms seed 4413559568597513532
NORMAL tid=01 addr=0 fc=0x03
NORMAL tid=02 addr=1 fc=0x03
NORMAL tid=03 addr=2 fc=0x03
NORMAL tid=04 addr=3 fc=0x03
NORMAL tid=05 addr=4 fc=0x03
NORMAL tid=06 addr=5 fc=0x03
NORMAL tid=07 addr=6 fc=0x03
NORMAL tid=08 addr=7 fc=0x03
NORMAL tid=09 addr=8 fc=0x03
NORMAL tid=10 addr=9 fc=0x03
NORMAL tid=11 addr=0 fc=0x03
NORMAL tid=12 addr=1 fc=0x03
NORMAL tid=13 addr=2 fc=0x03
NORMAL tid=14 addr=3 fc=0x03
NORMAL tid=15 addr=4 fc=0x03
NORMAL tid=16 addr=5 fc=0x03
NORMAL tid=17 addr=6 fc=0x03
NORMAL tid=18 addr=7 fc=0x03
NORMAL tid=19 addr=8 fc=0x03
NORMAL tid=20 addr=9 fc=0x03
BURST tid=21 addr=0 fc=0x03
BURST tid=22 addr=1 fc=0x03
BURST tid=23 addr=2 fc=0x03
BURST tid=24 addr=3 fc=0x03
BURST tid=25 addr=4 fc=0x03
BURST tid=26 addr=5 fc=0x03
BURST tid=27 addr=6 fc=0x03
BURST tid=28 addr=7 fc=0x03
BURST tid=29 addr=8 fc=0x03
BURST tid=30 addr=9 fc=0x03
BURST tid=31 addr=0 fc=0x03
BURST tid=32 addr=1 fc=0x03
BURST tid=33 addr=2 fc=0x03
BURST tid=34 addr=3 fc=0x03
BURST tid=35 addr=4 fc=0x03
BURST tid=36 addr=5 fc=0x03
BURST tid=37 addr=6 fc=0x03
BURST tid=38 addr=7 fc=0x03
BURST tid=39 addr=8 fc=0x03
BURST tid=40 addr=9 fc=0x03
NORMAL tid=41 addr=0 fc=0x03
NORMAL tid=42 addr=1 fc=0x03
NORMAL tid=43 addr=2 fc=0x03
NORMAL tid=44 addr=3 fc=0x03
NORMAL tid=45 addr=4 fc=0x03
NORMAL tid=46 addr=5 fc=0x03
NORMAL tid=47 addr=6 fc=0x03
NORMAL tid=48 addr=7 fc=0x03
NORMAL tid=49 addr=8 fc=0x03
NORMAL tid=50 addr=9 fc=0x03
NORMAL tid=51 addr=0 fc=0x03
NORMAL tid=52 addr=1 fc=0x03
NORMAL tid=53 addr=2 fc=0x03
NORMAL tid=54 addr=3 fc=0x03
NORMAL tid=55 addr=4 fc=0x03
NORMAL tid=56 addr=5 fc=0x03
NORMAL tid=57 addr=6 fc=0x03
NORMAL tid=58 addr=7 fc=0x03
NORMAL tid=59 addr=8 fc=0x03
NORMAL tid=60 addr=9 fc=0x03
REQUESTS_SUCCESSFUL=60
REQUESTS_MISSED=0

RAW PCAP:
f5560d43271ee1edc3503a408566f7387ea91ef1a88398af16cec20c691d20f1  /home/chand/otshield-bench/evidence/v06/20260922T021855Z/trial-11/delay60_jitter10/raw.pcap
NORMALIZED_RECORDS= 60

CONDITION COMPLETE:
trial=11 condition=delay60_jitter10

TRIAL 11 COMPLETE

##############################################
TRIAL 12 / 25
##############################################
 Network docker_otshield-ics-net Creating 
 Network docker_otshield-ics-net Creating 
 Network docker_otshield-ics-net Created 
 Network docker_otshield-ics-net Created 
 Container otshield-openplc Creating 
 Container otshield-openplc Created 
 Container otshield-openplc Starting 
 Container otshield-openplc Started 
OpenPLC: starting
OpenPLC: healthy
OPENPLC_EXPECTED_ID=34274050c77897b82c6e8ac25adb809057101c0c9269e2bfe178b98e1688a318
Network: docker_otshield-ics-net
Image: fortiphyd/grfics-plc:latest
Image ID: sha256:364461af6d7b56563fa6fdc6a296a2dfa6530caf07ea736bbc9a71701a360919

----------------------------------------------
TRIAL=12
CONDITION=delay20
DELAY=20ms
JITTER=0ms
LOSS=0%
----------------------------------------------
Predeclared: openplc-v06-20260922T021855Z-t12-delay20
Normal: 40
Anomaly: 20
dccba84af30e95d15234fa567daa2165961682a6569a3a1b708fdfba53bea2d4  /home/chand/otshield-bench/evidence/v06/20260922T021855Z/trial-12/delay20/protocol.json
NETEM:
qdisc netem 80e1: root refcnt 13 limit 1000 delay 20ms seed 9789558120505430005
NORMAL tid=01 addr=0 fc=0x03
NORMAL tid=02 addr=1 fc=0x03
NORMAL tid=03 addr=2 fc=0x03
NORMAL tid=04 addr=3 fc=0x03
NORMAL tid=05 addr=4 fc=0x03
NORMAL tid=06 addr=5 fc=0x03
NORMAL tid=07 addr=6 fc=0x03
NORMAL tid=08 addr=7 fc=0x03
NORMAL tid=09 addr=8 fc=0x03
NORMAL tid=10 addr=9 fc=0x03
NORMAL tid=11 addr=0 fc=0x03
NORMAL tid=12 addr=1 fc=0x03
NORMAL tid=13 addr=2 fc=0x03
NORMAL tid=14 addr=3 fc=0x03
NORMAL tid=15 addr=4 fc=0x03
NORMAL tid=16 addr=5 fc=0x03
NORMAL tid=17 addr=6 fc=0x03
NORMAL tid=18 addr=7 fc=0x03
NORMAL tid=19 addr=8 fc=0x03
NORMAL tid=20 addr=9 fc=0x03
BURST tid=21 addr=0 fc=0x03
BURST tid=22 addr=1 fc=0x03
BURST tid=23 addr=2 fc=0x03
BURST tid=24 addr=3 fc=0x03
BURST tid=25 addr=4 fc=0x03
BURST tid=26 addr=5 fc=0x03
BURST tid=27 addr=6 fc=0x03
BURST tid=28 addr=7 fc=0x03
BURST tid=29 addr=8 fc=0x03
BURST tid=30 addr=9 fc=0x03
BURST tid=31 addr=0 fc=0x03
BURST tid=32 addr=1 fc=0x03
BURST tid=33 addr=2 fc=0x03
BURST tid=34 addr=3 fc=0x03
BURST tid=35 addr=4 fc=0x03
BURST tid=36 addr=5 fc=0x03
BURST tid=37 addr=6 fc=0x03
BURST tid=38 addr=7 fc=0x03
BURST tid=39 addr=8 fc=0x03
BURST tid=40 addr=9 fc=0x03
NORMAL tid=41 addr=0 fc=0x03
NORMAL tid=42 addr=1 fc=0x03
NORMAL tid=43 addr=2 fc=0x03
NORMAL tid=44 addr=3 fc=0x03
NORMAL tid=45 addr=4 fc=0x03
NORMAL tid=46 addr=5 fc=0x03
NORMAL tid=47 addr=6 fc=0x03
NORMAL tid=48 addr=7 fc=0x03
NORMAL tid=49 addr=8 fc=0x03
NORMAL tid=50 addr=9 fc=0x03
NORMAL tid=51 addr=0 fc=0x03
NORMAL tid=52 addr=1 fc=0x03
NORMAL tid=53 addr=2 fc=0x03
NORMAL tid=54 addr=3 fc=0x03
NORMAL tid=55 addr=4 fc=0x03
NORMAL tid=56 addr=5 fc=0x03
NORMAL tid=57 addr=6 fc=0x03
NORMAL tid=58 addr=7 fc=0x03
NORMAL tid=59 addr=8 fc=0x03
NORMAL tid=60 addr=9 fc=0x03
REQUESTS_SUCCESSFUL=60
REQUESTS_MISSED=0

RAW PCAP:
202569b56c8aeae88187f861edf58631f239c1a3662411103ce37a951f37dfbe  /home/chand/otshield-bench/evidence/v06/20260922T021855Z/trial-12/delay20/raw.pcap
NORMALIZED_RECORDS= 60

CONDITION COMPLETE:
trial=12 condition=delay20

----------------------------------------------
TRIAL=12
CONDITION=delay20_jitter5_loss5
DELAY=20ms
JITTER=5ms
LOSS=5%
----------------------------------------------
Predeclared: openplc-v06-20260922T021855Z-t12-delay20_jitter5_loss5
Normal: 40
Anomaly: 20
56fe4acb052221d44d2517e39bccb9a144e5682d3e20db09c7249eb73cec08a3  /home/chand/otshield-bench/evidence/v06/20260922T021855Z/trial-12/delay20_jitter5_loss5/protocol.json
NETEM:
qdisc netem 80e2: root refcnt 13 limit 1000 delay 20ms  5ms loss 5% seed 5737300744733229942
NORMAL tid=01 addr=0 fc=0x03
NORMAL tid=02 addr=1 fc=0x03
NORMAL tid=03 addr=2 fc=0x03
NORMAL tid=04 addr=3 fc=0x03
NORMAL tid=05 addr=4 fc=0x03
NORMAL tid=06 addr=5 fc=0x03
NORMAL tid=07 addr=6 fc=0x03
NORMAL tid=08 addr=7 fc=0x03
NORMAL tid=09 addr=8 fc=0x03
NORMAL tid=10 addr=9 fc=0x03
NORMAL tid=11 addr=0 fc=0x03
NORMAL tid=12 addr=1 fc=0x03
NORMAL tid=13 addr=2 fc=0x03
NORMAL tid=14 addr=3 fc=0x03
NORMAL tid=15 addr=4 fc=0x03
NORMAL tid=16 addr=5 fc=0x03
NORMAL tid=17 addr=6 fc=0x03
NORMAL tid=18 addr=7 fc=0x03
NORMAL tid=19 addr=8 fc=0x03
NORMAL tid=20 addr=9 fc=0x03
BURST tid=21 addr=0 fc=0x03
BURST tid=22 addr=1 fc=0x03
BURST tid=23 addr=2 fc=0x03
BURST tid=24 addr=3 fc=0x03
BURST tid=25 addr=4 fc=0x03
BURST tid=26 addr=5 fc=0x03
BURST tid=27 addr=6 fc=0x03
BURST tid=28 addr=7 fc=0x03
BURST tid=29 addr=8 fc=0x03
BURST tid=30 addr=9 fc=0x03
BURST tid=31 addr=0 fc=0x03
BURST tid=32 addr=1 fc=0x03
BURST tid=33 addr=2 fc=0x03
BURST tid=34 addr=3 fc=0x03
BURST tid=35 addr=4 fc=0x03
BURST tid=36 addr=5 fc=0x03
BURST tid=37 addr=6 fc=0x03
BURST tid=38 addr=7 fc=0x03
BURST tid=39 addr=8 fc=0x03
BURST tid=40 addr=9 fc=0x03
NORMAL tid=41 addr=0 fc=0x03
NORMAL tid=42 addr=1 fc=0x03
NORMAL tid=43 addr=2 fc=0x03
NORMAL tid=44 addr=3 fc=0x03
NORMAL tid=45 addr=4 fc=0x03
NORMAL tid=46 addr=5 fc=0x03
NORMAL tid=47 addr=6 fc=0x03
NORMAL tid=48 addr=7 fc=0x03
NORMAL tid=49 addr=8 fc=0x03
NORMAL tid=50 addr=9 fc=0x03
NORMAL tid=51 addr=0 fc=0x03
NORMAL tid=52 addr=1 fc=0x03
NORMAL tid=53 addr=2 fc=0x03
NORMAL tid=54 addr=3 fc=0x03
NORMAL tid=55 addr=4 fc=0x03
NORMAL tid=56 addr=5 fc=0x03
NORMAL tid=57 addr=6 fc=0x03
NORMAL tid=58 addr=7 fc=0x03
NORMAL tid=59 addr=8 fc=0x03
NORMAL tid=60 addr=9 fc=0x03
REQUESTS_SUCCESSFUL=60
REQUESTS_MISSED=0

RAW PCAP:
2e4b736b6ae26bba1a99673c6e8841babcd521d2348bc6ae5fa6beec21a6c033  /home/chand/otshield-bench/evidence/v06/20260922T021855Z/trial-12/delay20_jitter5_loss5/raw.pcap
NORMALIZED_RECORDS= 60

CONDITION COMPLETE:
trial=12 condition=delay20_jitter5_loss5

----------------------------------------------
TRIAL=12
CONDITION=delay40_jitter10
DELAY=40ms
JITTER=10ms
LOSS=0%
----------------------------------------------
Predeclared: openplc-v06-20260922T021855Z-t12-delay40_jitter10
Normal: 40
Anomaly: 20
484b76c9f306e22532ddbec0b44814f13ec836210cb61a0bd1c51821cada4cfd  /home/chand/otshield-bench/evidence/v06/20260922T021855Z/trial-12/delay40_jitter10/protocol.json
NETEM:
qdisc netem 80e3: root refcnt 13 limit 1000 delay 40ms  10ms seed 16166384990053905660
NORMAL tid=01 addr=0 fc=0x03
NORMAL tid=02 addr=1 fc=0x03
NORMAL tid=03 addr=2 fc=0x03
NORMAL tid=04 addr=3 fc=0x03
NORMAL tid=05 addr=4 fc=0x03
NORMAL tid=06 addr=5 fc=0x03
NORMAL tid=07 addr=6 fc=0x03
NORMAL tid=08 addr=7 fc=0x03
NORMAL tid=09 addr=8 fc=0x03
NORMAL tid=10 addr=9 fc=0x03
NORMAL tid=11 addr=0 fc=0x03
NORMAL tid=12 addr=1 fc=0x03
NORMAL tid=13 addr=2 fc=0x03
NORMAL tid=14 addr=3 fc=0x03
NORMAL tid=15 addr=4 fc=0x03
NORMAL tid=16 addr=5 fc=0x03
NORMAL tid=17 addr=6 fc=0x03
NORMAL tid=18 addr=7 fc=0x03
NORMAL tid=19 addr=8 fc=0x03
NORMAL tid=20 addr=9 fc=0x03
BURST tid=21 addr=0 fc=0x03
BURST tid=22 addr=1 fc=0x03
BURST tid=23 addr=2 fc=0x03
BURST tid=24 addr=3 fc=0x03
BURST tid=25 addr=4 fc=0x03
BURST tid=26 addr=5 fc=0x03
BURST tid=27 addr=6 fc=0x03
BURST tid=28 addr=7 fc=0x03
BURST tid=29 addr=8 fc=0x03
BURST tid=30 addr=9 fc=0x03
BURST tid=31 addr=0 fc=0x03
BURST tid=32 addr=1 fc=0x03
BURST tid=33 addr=2 fc=0x03
BURST tid=34 addr=3 fc=0x03
BURST tid=35 addr=4 fc=0x03
BURST tid=36 addr=5 fc=0x03
BURST tid=37 addr=6 fc=0x03
BURST tid=38 addr=7 fc=0x03
BURST tid=39 addr=8 fc=0x03
BURST tid=40 addr=9 fc=0x03
NORMAL tid=41 addr=0 fc=0x03
NORMAL tid=42 addr=1 fc=0x03
NORMAL tid=43 addr=2 fc=0x03
NORMAL tid=44 addr=3 fc=0x03
NORMAL tid=45 addr=4 fc=0x03
NORMAL tid=46 addr=5 fc=0x03
NORMAL tid=47 addr=6 fc=0x03
NORMAL tid=48 addr=7 fc=0x03
NORMAL tid=49 addr=8 fc=0x03
NORMAL tid=50 addr=9 fc=0x03
NORMAL tid=51 addr=0 fc=0x03
NORMAL tid=52 addr=1 fc=0x03
NORMAL tid=53 addr=2 fc=0x03
NORMAL tid=54 addr=3 fc=0x03
NORMAL tid=55 addr=4 fc=0x03
NORMAL tid=56 addr=5 fc=0x03
NORMAL tid=57 addr=6 fc=0x03
NORMAL tid=58 addr=7 fc=0x03
NORMAL tid=59 addr=8 fc=0x03
NORMAL tid=60 addr=9 fc=0x03
REQUESTS_SUCCESSFUL=60
REQUESTS_MISSED=0

RAW PCAP:
5b496062c96fcac9889f6409df8df1055f3e0f8e633db7c275bc24e8134d95c3  /home/chand/otshield-bench/evidence/v06/20260922T021855Z/trial-12/delay40_jitter10/raw.pcap
NORMALIZED_RECORDS= 60

CONDITION COMPLETE:
trial=12 condition=delay40_jitter10

----------------------------------------------
TRIAL=12
CONDITION=delay60_jitter10
DELAY=60ms
JITTER=10ms
LOSS=0%
----------------------------------------------
Predeclared: openplc-v06-20260922T021855Z-t12-delay60_jitter10
Normal: 40
Anomaly: 20
c5b849dfd0d77143d0d41f7a2ca3b8b1c79c1a016cefe43329335d10023ed475  /home/chand/otshield-bench/evidence/v06/20260922T021855Z/trial-12/delay60_jitter10/protocol.json
NETEM:
qdisc netem 80e4: root refcnt 13 limit 1000 delay 60ms  10ms seed 12298024370761633038
NORMAL tid=01 addr=0 fc=0x03
NORMAL tid=02 addr=1 fc=0x03
NORMAL tid=03 addr=2 fc=0x03
NORMAL tid=04 addr=3 fc=0x03
NORMAL tid=05 addr=4 fc=0x03
NORMAL tid=06 addr=5 fc=0x03
NORMAL tid=07 addr=6 fc=0x03
NORMAL tid=08 addr=7 fc=0x03
NORMAL tid=09 addr=8 fc=0x03
NORMAL tid=10 addr=9 fc=0x03
NORMAL tid=11 addr=0 fc=0x03
NORMAL tid=12 addr=1 fc=0x03
NORMAL tid=13 addr=2 fc=0x03
NORMAL tid=14 addr=3 fc=0x03
NORMAL tid=15 addr=4 fc=0x03
NORMAL tid=16 addr=5 fc=0x03
NORMAL tid=17 addr=6 fc=0x03
NORMAL tid=18 addr=7 fc=0x03
NORMAL tid=19 addr=8 fc=0x03
NORMAL tid=20 addr=9 fc=0x03
BURST tid=21 addr=0 fc=0x03
BURST tid=22 addr=1 fc=0x03
BURST tid=23 addr=2 fc=0x03
BURST tid=24 addr=3 fc=0x03
BURST tid=25 addr=4 fc=0x03
BURST tid=26 addr=5 fc=0x03
BURST tid=27 addr=6 fc=0x03
BURST tid=28 addr=7 fc=0x03
BURST tid=29 addr=8 fc=0x03
BURST tid=30 addr=9 fc=0x03
BURST tid=31 addr=0 fc=0x03
BURST tid=32 addr=1 fc=0x03
BURST tid=33 addr=2 fc=0x03
BURST tid=34 addr=3 fc=0x03
BURST tid=35 addr=4 fc=0x03
BURST tid=36 addr=5 fc=0x03
BURST tid=37 addr=6 fc=0x03
BURST tid=38 addr=7 fc=0x03
BURST tid=39 addr=8 fc=0x03
BURST tid=40 addr=9 fc=0x03
NORMAL tid=41 addr=0 fc=0x03
NORMAL tid=42 addr=1 fc=0x03
NORMAL tid=43 addr=2 fc=0x03
NORMAL tid=44 addr=3 fc=0x03
NORMAL tid=45 addr=4 fc=0x03
NORMAL tid=46 addr=5 fc=0x03
NORMAL tid=47 addr=6 fc=0x03
NORMAL tid=48 addr=7 fc=0x03
NORMAL tid=49 addr=8 fc=0x03
NORMAL tid=50 addr=9 fc=0x03
NORMAL tid=51 addr=0 fc=0x03
NORMAL tid=52 addr=1 fc=0x03
NORMAL tid=53 addr=2 fc=0x03
NORMAL tid=54 addr=3 fc=0x03
NORMAL tid=55 addr=4 fc=0x03
NORMAL tid=56 addr=5 fc=0x03
NORMAL tid=57 addr=6 fc=0x03
NORMAL tid=58 addr=7 fc=0x03
NORMAL tid=59 addr=8 fc=0x03
NORMAL tid=60 addr=9 fc=0x03
REQUESTS_SUCCESSFUL=60
REQUESTS_MISSED=0

RAW PCAP:
88267142a5d58788816fbe92de1a4043e5b917b04b2b3e47efe34cc0f0960b2f  /home/chand/otshield-bench/evidence/v06/20260922T021855Z/trial-12/delay60_jitter10/raw.pcap
NORMALIZED_RECORDS= 60

CONDITION COMPLETE:
trial=12 condition=delay60_jitter10

----------------------------------------------
TRIAL=12
CONDITION=clean
DELAY=0ms
JITTER=0ms
LOSS=0%
----------------------------------------------
Predeclared: openplc-v06-20260922T021855Z-t12-clean
Normal: 40
Anomaly: 20
531259785d6e1deed4353067792888ef28bb68a3ad5085d11335c248f253111d  /home/chand/otshield-bench/evidence/v06/20260922T021855Z/trial-12/clean/protocol.json
NETEM: clean
NORMAL tid=01 addr=0 fc=0x03
NORMAL tid=02 addr=1 fc=0x03
NORMAL tid=03 addr=2 fc=0x03
NORMAL tid=04 addr=3 fc=0x03
NORMAL tid=05 addr=4 fc=0x03
NORMAL tid=06 addr=5 fc=0x03
NORMAL tid=07 addr=6 fc=0x03
NORMAL tid=08 addr=7 fc=0x03
NORMAL tid=09 addr=8 fc=0x03
NORMAL tid=10 addr=9 fc=0x03
NORMAL tid=11 addr=0 fc=0x03
NORMAL tid=12 addr=1 fc=0x03
NORMAL tid=13 addr=2 fc=0x03
NORMAL tid=14 addr=3 fc=0x03
NORMAL tid=15 addr=4 fc=0x03
NORMAL tid=16 addr=5 fc=0x03
NORMAL tid=17 addr=6 fc=0x03
NORMAL tid=18 addr=7 fc=0x03
NORMAL tid=19 addr=8 fc=0x03
NORMAL tid=20 addr=9 fc=0x03
BURST tid=21 addr=0 fc=0x03
BURST tid=22 addr=1 fc=0x03
BURST tid=23 addr=2 fc=0x03
BURST tid=24 addr=3 fc=0x03
BURST tid=25 addr=4 fc=0x03
BURST tid=26 addr=5 fc=0x03
BURST tid=27 addr=6 fc=0x03
BURST tid=28 addr=7 fc=0x03
BURST tid=29 addr=8 fc=0x03
BURST tid=30 addr=9 fc=0x03
BURST tid=31 addr=0 fc=0x03
BURST tid=32 addr=1 fc=0x03
BURST tid=33 addr=2 fc=0x03
BURST tid=34 addr=3 fc=0x03
BURST tid=35 addr=4 fc=0x03
BURST tid=36 addr=5 fc=0x03
BURST tid=37 addr=6 fc=0x03
BURST tid=38 addr=7 fc=0x03
BURST tid=39 addr=8 fc=0x03
BURST tid=40 addr=9 fc=0x03
NORMAL tid=41 addr=0 fc=0x03
NORMAL tid=42 addr=1 fc=0x03
NORMAL tid=43 addr=2 fc=0x03
NORMAL tid=44 addr=3 fc=0x03
NORMAL tid=45 addr=4 fc=0x03
NORMAL tid=46 addr=5 fc=0x03
NORMAL tid=47 addr=6 fc=0x03
NORMAL tid=48 addr=7 fc=0x03
NORMAL tid=49 addr=8 fc=0x03
NORMAL tid=50 addr=9 fc=0x03
NORMAL tid=51 addr=0 fc=0x03
NORMAL tid=52 addr=1 fc=0x03
NORMAL tid=53 addr=2 fc=0x03
NORMAL tid=54 addr=3 fc=0x03
NORMAL tid=55 addr=4 fc=0x03
NORMAL tid=56 addr=5 fc=0x03
NORMAL tid=57 addr=6 fc=0x03
NORMAL tid=58 addr=7 fc=0x03
NORMAL tid=59 addr=8 fc=0x03
NORMAL tid=60 addr=9 fc=0x03
REQUESTS_SUCCESSFUL=60
REQUESTS_MISSED=0

RAW PCAP:
011e8866a3c13ddad372412b579216b7d934c596031fbed7886d1d65cf3f13c3  /home/chand/otshield-bench/evidence/v06/20260922T021855Z/trial-12/clean/raw.pcap
NORMALIZED_RECORDS= 60

CONDITION COMPLETE:
trial=12 condition=clean

TRIAL 12 COMPLETE

##############################################
TRIAL 13 / 25
##############################################
 Network docker_otshield-ics-net Creating 
 Network docker_otshield-ics-net Creating 
 Network docker_otshield-ics-net Created 
 Network docker_otshield-ics-net Created 
 Container otshield-openplc Creating 
 Container otshield-openplc Created 
 Container otshield-openplc Starting 
 Container otshield-openplc Started 
OpenPLC: starting
OpenPLC: healthy
OPENPLC_EXPECTED_ID=01c7d9da350a4b3590b143c6f984c368713815605f16ad2dfc4a4f984446d7bc
Network: docker_otshield-ics-net
Image: fortiphyd/grfics-plc:latest
Image ID: sha256:364461af6d7b56563fa6fdc6a296a2dfa6530caf07ea736bbc9a71701a360919

----------------------------------------------
TRIAL=13
CONDITION=delay20_jitter5_loss5
DELAY=20ms
JITTER=5ms
LOSS=5%
----------------------------------------------
Predeclared: openplc-v06-20260922T021855Z-t13-delay20_jitter5_loss5
Normal: 40
Anomaly: 20
62606fce1387a253595e89cfadba1102dcafb0c466380082664bf9258f24da85  /home/chand/otshield-bench/evidence/v06/20260922T021855Z/trial-13/delay20_jitter5_loss5/protocol.json
NETEM:
qdisc netem 80e5: root refcnt 13 limit 1000 delay 20ms  5ms loss 5% seed 16009774797302475699
NORMAL tid=01 addr=0 fc=0x03
NORMAL tid=02 addr=1 fc=0x03
NORMAL tid=03 addr=2 fc=0x03
NORMAL tid=04 addr=3 fc=0x03
NORMAL tid=05 addr=4 fc=0x03
NORMAL tid=06 addr=5 fc=0x03
NORMAL tid=07 addr=6 fc=0x03
NORMAL tid=08 addr=7 fc=0x03
NORMAL tid=09 addr=8 fc=0x03
NORMAL tid=10 addr=9 fc=0x03
NORMAL tid=11 addr=0 fc=0x03
NORMAL tid=12 addr=1 fc=0x03
NORMAL tid=13 addr=2 fc=0x03
NORMAL tid=14 addr=3 fc=0x03
NORMAL tid=15 addr=4 fc=0x03
NORMAL tid=16 addr=5 fc=0x03
NORMAL tid=17 addr=6 fc=0x03
NORMAL tid=18 addr=7 fc=0x03
NORMAL tid=19 addr=8 fc=0x03
NORMAL tid=20 addr=9 fc=0x03
BURST tid=21 addr=0 fc=0x03
BURST tid=22 addr=1 fc=0x03
BURST tid=23 addr=2 fc=0x03
BURST tid=24 addr=3 fc=0x03
BURST tid=25 addr=4 fc=0x03
BURST tid=26 addr=5 fc=0x03
BURST tid=27 addr=6 fc=0x03
BURST tid=28 addr=7 fc=0x03
BURST tid=29 addr=8 fc=0x03
BURST tid=30 addr=9 fc=0x03
BURST tid=31 addr=0 fc=0x03
BURST tid=32 addr=1 fc=0x03
BURST tid=33 addr=2 fc=0x03
BURST tid=34 addr=3 fc=0x03
BURST tid=35 addr=4 fc=0x03
BURST tid=36 addr=5 fc=0x03
BURST tid=37 addr=6 fc=0x03
BURST tid=38 addr=7 fc=0x03
BURST tid=39 addr=8 fc=0x03
BURST tid=40 addr=9 fc=0x03
NORMAL tid=41 addr=0 fc=0x03
NORMAL tid=42 addr=1 fc=0x03
NORMAL tid=43 addr=2 fc=0x03
NORMAL tid=44 addr=3 fc=0x03
NORMAL tid=45 addr=4 fc=0x03
NORMAL tid=46 addr=5 fc=0x03
NORMAL tid=47 addr=6 fc=0x03
NORMAL tid=48 addr=7 fc=0x03
NORMAL tid=49 addr=8 fc=0x03
NORMAL tid=50 addr=9 fc=0x03
NORMAL tid=51 addr=0 fc=0x03
NORMAL tid=52 addr=1 fc=0x03
NORMAL tid=53 addr=2 fc=0x03
NORMAL tid=54 addr=3 fc=0x03
NORMAL tid=55 addr=4 fc=0x03
NORMAL tid=56 addr=5 fc=0x03
NORMAL tid=57 addr=6 fc=0x03
NORMAL tid=58 addr=7 fc=0x03
NORMAL tid=59 addr=8 fc=0x03
NORMAL tid=60 addr=9 fc=0x03
REQUESTS_SUCCESSFUL=60
REQUESTS_MISSED=0

RAW PCAP:
7f3e401fb821e23fe80a2d238f1a3b976fd930b05920e2614d95665014bf20f3  /home/chand/otshield-bench/evidence/v06/20260922T021855Z/trial-13/delay20_jitter5_loss5/raw.pcap
NORMALIZED_RECORDS= 60

CONDITION COMPLETE:
trial=13 condition=delay20_jitter5_loss5

----------------------------------------------
TRIAL=13
CONDITION=delay40_jitter10
DELAY=40ms
JITTER=10ms
LOSS=0%
----------------------------------------------
Predeclared: openplc-v06-20260922T021855Z-t13-delay40_jitter10
Normal: 40
Anomaly: 20
12cca7483f22776f602167838ccc306f1af38b4c3e71872b3983d58f68d185d3  /home/chand/otshield-bench/evidence/v06/20260922T021855Z/trial-13/delay40_jitter10/protocol.json
NETEM:
qdisc netem 80e6: root refcnt 13 limit 1000 delay 40ms  10ms seed 14832943393069346101
NORMAL tid=01 addr=0 fc=0x03
NORMAL tid=02 addr=1 fc=0x03
NORMAL tid=03 addr=2 fc=0x03
NORMAL tid=04 addr=3 fc=0x03
NORMAL tid=05 addr=4 fc=0x03
NORMAL tid=06 addr=5 fc=0x03
NORMAL tid=07 addr=6 fc=0x03
NORMAL tid=08 addr=7 fc=0x03
NORMAL tid=09 addr=8 fc=0x03
NORMAL tid=10 addr=9 fc=0x03
NORMAL tid=11 addr=0 fc=0x03
NORMAL tid=12 addr=1 fc=0x03
NORMAL tid=13 addr=2 fc=0x03
NORMAL tid=14 addr=3 fc=0x03
NORMAL tid=15 addr=4 fc=0x03
NORMAL tid=16 addr=5 fc=0x03
NORMAL tid=17 addr=6 fc=0x03
NORMAL tid=18 addr=7 fc=0x03
NORMAL tid=19 addr=8 fc=0x03
NORMAL tid=20 addr=9 fc=0x03
BURST tid=21 addr=0 fc=0x03
BURST tid=22 addr=1 fc=0x03
BURST tid=23 addr=2 fc=0x03
BURST tid=24 addr=3 fc=0x03
BURST tid=25 addr=4 fc=0x03
BURST tid=26 addr=5 fc=0x03
BURST tid=27 addr=6 fc=0x03
BURST tid=28 addr=7 fc=0x03
BURST tid=29 addr=8 fc=0x03
BURST tid=30 addr=9 fc=0x03
BURST tid=31 addr=0 fc=0x03
BURST tid=32 addr=1 fc=0x03
BURST tid=33 addr=2 fc=0x03
BURST tid=34 addr=3 fc=0x03
BURST tid=35 addr=4 fc=0x03
BURST tid=36 addr=5 fc=0x03
BURST tid=37 addr=6 fc=0x03
BURST tid=38 addr=7 fc=0x03
BURST tid=39 addr=8 fc=0x03
BURST tid=40 addr=9 fc=0x03
NORMAL tid=41 addr=0 fc=0x03
NORMAL tid=42 addr=1 fc=0x03
NORMAL tid=43 addr=2 fc=0x03
NORMAL tid=44 addr=3 fc=0x03
NORMAL tid=45 addr=4 fc=0x03
NORMAL tid=46 addr=5 fc=0x03
NORMAL tid=47 addr=6 fc=0x03
NORMAL tid=48 addr=7 fc=0x03
NORMAL tid=49 addr=8 fc=0x03
NORMAL tid=50 addr=9 fc=0x03
NORMAL tid=51 addr=0 fc=0x03
NORMAL tid=52 addr=1 fc=0x03
NORMAL tid=53 addr=2 fc=0x03
NORMAL tid=54 addr=3 fc=0x03
NORMAL tid=55 addr=4 fc=0x03
NORMAL tid=56 addr=5 fc=0x03
NORMAL tid=57 addr=6 fc=0x03
NORMAL tid=58 addr=7 fc=0x03
NORMAL tid=59 addr=8 fc=0x03
NORMAL tid=60 addr=9 fc=0x03
REQUESTS_SUCCESSFUL=60
REQUESTS_MISSED=0

RAW PCAP:
905458378c8c8deee3e05ebfda0cc4ff545ae506a486d8474ffa86d5fc795cf9  /home/chand/otshield-bench/evidence/v06/20260922T021855Z/trial-13/delay40_jitter10/raw.pcap
NORMALIZED_RECORDS= 60

CONDITION COMPLETE:
trial=13 condition=delay40_jitter10

----------------------------------------------
TRIAL=13
CONDITION=delay60_jitter10
DELAY=60ms
JITTER=10ms
LOSS=0%
----------------------------------------------
Predeclared: openplc-v06-20260922T021855Z-t13-delay60_jitter10
Normal: 40
Anomaly: 20
631ce685b0541f87b3708fd3fda75d3f33a2bc75ce61defbeeb33c795811afa9  /home/chand/otshield-bench/evidence/v06/20260922T021855Z/trial-13/delay60_jitter10/protocol.json
NETEM:
qdisc netem 80e7: root refcnt 13 limit 1000 delay 60ms  10ms seed 5879365078492731508
NORMAL tid=01 addr=0 fc=0x03
NORMAL tid=02 addr=1 fc=0x03
NORMAL tid=03 addr=2 fc=0x03
NORMAL tid=04 addr=3 fc=0x03
NORMAL tid=05 addr=4 fc=0x03
NORMAL tid=06 addr=5 fc=0x03
NORMAL tid=07 addr=6 fc=0x03
NORMAL tid=08 addr=7 fc=0x03
NORMAL tid=09 addr=8 fc=0x03
NORMAL tid=10 addr=9 fc=0x03
NORMAL tid=11 addr=0 fc=0x03
NORMAL tid=12 addr=1 fc=0x03
NORMAL tid=13 addr=2 fc=0x03
NORMAL tid=14 addr=3 fc=0x03
NORMAL tid=15 addr=4 fc=0x03
NORMAL tid=16 addr=5 fc=0x03
NORMAL tid=17 addr=6 fc=0x03
NORMAL tid=18 addr=7 fc=0x03
NORMAL tid=19 addr=8 fc=0x03
NORMAL tid=20 addr=9 fc=0x03
BURST tid=21 addr=0 fc=0x03
BURST tid=22 addr=1 fc=0x03
BURST tid=23 addr=2 fc=0x03
BURST tid=24 addr=3 fc=0x03
BURST tid=25 addr=4 fc=0x03
BURST tid=26 addr=5 fc=0x03
BURST tid=27 addr=6 fc=0x03
BURST tid=28 addr=7 fc=0x03
BURST tid=29 addr=8 fc=0x03
BURST tid=30 addr=9 fc=0x03
BURST tid=31 addr=0 fc=0x03
BURST tid=32 addr=1 fc=0x03
BURST tid=33 addr=2 fc=0x03
BURST tid=34 addr=3 fc=0x03
BURST tid=35 addr=4 fc=0x03
BURST tid=36 addr=5 fc=0x03
BURST tid=37 addr=6 fc=0x03
BURST tid=38 addr=7 fc=0x03
BURST tid=39 addr=8 fc=0x03
BURST tid=40 addr=9 fc=0x03
NORMAL tid=41 addr=0 fc=0x03
NORMAL tid=42 addr=1 fc=0x03
NORMAL tid=43 addr=2 fc=0x03
NORMAL tid=44 addr=3 fc=0x03
NORMAL tid=45 addr=4 fc=0x03
NORMAL tid=46 addr=5 fc=0x03
NORMAL tid=47 addr=6 fc=0x03
NORMAL tid=48 addr=7 fc=0x03
NORMAL tid=49 addr=8 fc=0x03
NORMAL tid=50 addr=9 fc=0x03
NORMAL tid=51 addr=0 fc=0x03
NORMAL tid=52 addr=1 fc=0x03
NORMAL tid=53 addr=2 fc=0x03
NORMAL tid=54 addr=3 fc=0x03
NORMAL tid=55 addr=4 fc=0x03
NORMAL tid=56 addr=5 fc=0x03
NORMAL tid=57 addr=6 fc=0x03
NORMAL tid=58 addr=7 fc=0x03
NORMAL tid=59 addr=8 fc=0x03
NORMAL tid=60 addr=9 fc=0x03
REQUESTS_SUCCESSFUL=60
REQUESTS_MISSED=0

RAW PCAP:
c8dbfe699ffe95dc14d7e5232638a1df2d49c2dba2b1be9711e9e87e4576d8a9  /home/chand/otshield-bench/evidence/v06/20260922T021855Z/trial-13/delay60_jitter10/raw.pcap
NORMALIZED_RECORDS= 60

CONDITION COMPLETE:
trial=13 condition=delay60_jitter10

----------------------------------------------
TRIAL=13
CONDITION=clean
DELAY=0ms
JITTER=0ms
LOSS=0%
----------------------------------------------
Predeclared: openplc-v06-20260922T021855Z-t13-clean
Normal: 40
Anomaly: 20
923acba7bcd963d9d1beda38d8489ae62a00c7ed96039141aa209bd68f4c56c6  /home/chand/otshield-bench/evidence/v06/20260922T021855Z/trial-13/clean/protocol.json
NETEM: clean
NORMAL tid=01 addr=0 fc=0x03
NORMAL tid=02 addr=1 fc=0x03
NORMAL tid=03 addr=2 fc=0x03
NORMAL tid=04 addr=3 fc=0x03
NORMAL tid=05 addr=4 fc=0x03
NORMAL tid=06 addr=5 fc=0x03
NORMAL tid=07 addr=6 fc=0x03
NORMAL tid=08 addr=7 fc=0x03
NORMAL tid=09 addr=8 fc=0x03
NORMAL tid=10 addr=9 fc=0x03
NORMAL tid=11 addr=0 fc=0x03
NORMAL tid=12 addr=1 fc=0x03
NORMAL tid=13 addr=2 fc=0x03
NORMAL tid=14 addr=3 fc=0x03
NORMAL tid=15 addr=4 fc=0x03
NORMAL tid=16 addr=5 fc=0x03
NORMAL tid=17 addr=6 fc=0x03
NORMAL tid=18 addr=7 fc=0x03
NORMAL tid=19 addr=8 fc=0x03
NORMAL tid=20 addr=9 fc=0x03
BURST tid=21 addr=0 fc=0x03
BURST tid=22 addr=1 fc=0x03
BURST tid=23 addr=2 fc=0x03
BURST tid=24 addr=3 fc=0x03
BURST tid=25 addr=4 fc=0x03
BURST tid=26 addr=5 fc=0x03
BURST tid=27 addr=6 fc=0x03
BURST tid=28 addr=7 fc=0x03
BURST tid=29 addr=8 fc=0x03
BURST tid=30 addr=9 fc=0x03
BURST tid=31 addr=0 fc=0x03
BURST tid=32 addr=1 fc=0x03
BURST tid=33 addr=2 fc=0x03
BURST tid=34 addr=3 fc=0x03
BURST tid=35 addr=4 fc=0x03
BURST tid=36 addr=5 fc=0x03
BURST tid=37 addr=6 fc=0x03
BURST tid=38 addr=7 fc=0x03
BURST tid=39 addr=8 fc=0x03
BURST tid=40 addr=9 fc=0x03
NORMAL tid=41 addr=0 fc=0x03
NORMAL tid=42 addr=1 fc=0x03
NORMAL tid=43 addr=2 fc=0x03
NORMAL tid=44 addr=3 fc=0x03
NORMAL tid=45 addr=4 fc=0x03
NORMAL tid=46 addr=5 fc=0x03
NORMAL tid=47 addr=6 fc=0x03
NORMAL tid=48 addr=7 fc=0x03
NORMAL tid=49 addr=8 fc=0x03
NORMAL tid=50 addr=9 fc=0x03
NORMAL tid=51 addr=0 fc=0x03
NORMAL tid=52 addr=1 fc=0x03
NORMAL tid=53 addr=2 fc=0x03
NORMAL tid=54 addr=3 fc=0x03
NORMAL tid=55 addr=4 fc=0x03
NORMAL tid=56 addr=5 fc=0x03
NORMAL tid=57 addr=6 fc=0x03
NORMAL tid=58 addr=7 fc=0x03
NORMAL tid=59 addr=8 fc=0x03
NORMAL tid=60 addr=9 fc=0x03
REQUESTS_SUCCESSFUL=60
REQUESTS_MISSED=0

RAW PCAP:
fe48074e2c497e2baf99baa61955468b0e3aca22624a57d415f4ce60a47fba05  /home/chand/otshield-bench/evidence/v06/20260922T021855Z/trial-13/clean/raw.pcap
NORMALIZED_RECORDS= 60

CONDITION COMPLETE:
trial=13 condition=clean

----------------------------------------------
TRIAL=13
CONDITION=delay20
DELAY=20ms
JITTER=0ms
LOSS=0%
----------------------------------------------
Predeclared: openplc-v06-20260922T021855Z-t13-delay20
Normal: 40
Anomaly: 20
f41f27ee6ae14e8178e4d0186ff32bbb8b063b5d51d7f2041f632923331314d5  /home/chand/otshield-bench/evidence/v06/20260922T021855Z/trial-13/delay20/protocol.json
NETEM:
qdisc netem 80e8: root refcnt 13 limit 1000 delay 20ms seed 2970981321751340222
NORMAL tid=01 addr=0 fc=0x03
NORMAL tid=02 addr=1 fc=0x03
NORMAL tid=03 addr=2 fc=0x03
NORMAL tid=04 addr=3 fc=0x03
NORMAL tid=05 addr=4 fc=0x03
NORMAL tid=06 addr=5 fc=0x03
NORMAL tid=07 addr=6 fc=0x03
NORMAL tid=08 addr=7 fc=0x03
NORMAL tid=09 addr=8 fc=0x03
NORMAL tid=10 addr=9 fc=0x03
NORMAL tid=11 addr=0 fc=0x03
NORMAL tid=12 addr=1 fc=0x03
NORMAL tid=13 addr=2 fc=0x03
NORMAL tid=14 addr=3 fc=0x03
NORMAL tid=15 addr=4 fc=0x03
NORMAL tid=16 addr=5 fc=0x03
NORMAL tid=17 addr=6 fc=0x03
NORMAL tid=18 addr=7 fc=0x03
NORMAL tid=19 addr=8 fc=0x03
NORMAL tid=20 addr=9 fc=0x03
BURST tid=21 addr=0 fc=0x03
BURST tid=22 addr=1 fc=0x03
BURST tid=23 addr=2 fc=0x03
BURST tid=24 addr=3 fc=0x03
BURST tid=25 addr=4 fc=0x03
BURST tid=26 addr=5 fc=0x03
BURST tid=27 addr=6 fc=0x03
BURST tid=28 addr=7 fc=0x03
BURST tid=29 addr=8 fc=0x03
BURST tid=30 addr=9 fc=0x03
BURST tid=31 addr=0 fc=0x03
BURST tid=32 addr=1 fc=0x03
BURST tid=33 addr=2 fc=0x03
BURST tid=34 addr=3 fc=0x03
BURST tid=35 addr=4 fc=0x03
BURST tid=36 addr=5 fc=0x03
BURST tid=37 addr=6 fc=0x03
BURST tid=38 addr=7 fc=0x03
BURST tid=39 addr=8 fc=0x03
BURST tid=40 addr=9 fc=0x03
NORMAL tid=41 addr=0 fc=0x03
NORMAL tid=42 addr=1 fc=0x03
NORMAL tid=43 addr=2 fc=0x03
NORMAL tid=44 addr=3 fc=0x03
NORMAL tid=45 addr=4 fc=0x03
NORMAL tid=46 addr=5 fc=0x03
NORMAL tid=47 addr=6 fc=0x03
NORMAL tid=48 addr=7 fc=0x03
NORMAL tid=49 addr=8 fc=0x03
NORMAL tid=50 addr=9 fc=0x03
NORMAL tid=51 addr=0 fc=0x03
NORMAL tid=52 addr=1 fc=0x03
NORMAL tid=53 addr=2 fc=0x03
NORMAL tid=54 addr=3 fc=0x03
NORMAL tid=55 addr=4 fc=0x03
NORMAL tid=56 addr=5 fc=0x03
NORMAL tid=57 addr=6 fc=0x03
NORMAL tid=58 addr=7 fc=0x03
NORMAL tid=59 addr=8 fc=0x03
NORMAL tid=60 addr=9 fc=0x03
REQUESTS_SUCCESSFUL=60
REQUESTS_MISSED=0

RAW PCAP:
e01f7e5cf9da4a71c1032f541369dd37b3d6a7903a03bda8c857f0c0cf804196  /home/chand/otshield-bench/evidence/v06/20260922T021855Z/trial-13/delay20/raw.pcap
NORMALIZED_RECORDS= 60

CONDITION COMPLETE:
trial=13 condition=delay20

TRIAL 13 COMPLETE

##############################################
TRIAL 14 / 25
##############################################
 Network docker_otshield-ics-net Creating 
 Network docker_otshield-ics-net Creating 
 Network docker_otshield-ics-net Created 
 Network docker_otshield-ics-net Created 
 Container otshield-openplc Creating 
 Container otshield-openplc Created 
 Container otshield-openplc Starting 
 Container otshield-openplc Started 
OpenPLC: starting
OpenPLC: healthy
OPENPLC_EXPECTED_ID=53bba65d2681a7bfdfd853278aa6cd0190288afb95aec7d9901aac3aeb553e3f
Network: docker_otshield-ics-net
Image: fortiphyd/grfics-plc:latest
Image ID: sha256:364461af6d7b56563fa6fdc6a296a2dfa6530caf07ea736bbc9a71701a360919

----------------------------------------------
TRIAL=14
CONDITION=delay40_jitter10
DELAY=40ms
JITTER=10ms
LOSS=0%
----------------------------------------------
Predeclared: openplc-v06-20260922T021855Z-t14-delay40_jitter10
Normal: 40
Anomaly: 20
f43a99d41573fd88793f12dbdb60ff01e10da8050164c490cf132b06c20e8de4  /home/chand/otshield-bench/evidence/v06/20260922T021855Z/trial-14/delay40_jitter10/protocol.json
NETEM:
qdisc netem 80e9: root refcnt 13 limit 1000 delay 40ms  10ms seed 17395498397840247368
NORMAL tid=01 addr=0 fc=0x03
NORMAL tid=02 addr=1 fc=0x03
NORMAL tid=03 addr=2 fc=0x03
NORMAL tid=04 addr=3 fc=0x03
NORMAL tid=05 addr=4 fc=0x03
NORMAL tid=06 addr=5 fc=0x03
NORMAL tid=07 addr=6 fc=0x03
NORMAL tid=08 addr=7 fc=0x03
NORMAL tid=09 addr=8 fc=0x03
NORMAL tid=10 addr=9 fc=0x03
NORMAL tid=11 addr=0 fc=0x03
NORMAL tid=12 addr=1 fc=0x03
NORMAL tid=13 addr=2 fc=0x03
NORMAL tid=14 addr=3 fc=0x03
NORMAL tid=15 addr=4 fc=0x03
NORMAL tid=16 addr=5 fc=0x03
NORMAL tid=17 addr=6 fc=0x03
NORMAL tid=18 addr=7 fc=0x03
NORMAL tid=19 addr=8 fc=0x03
NORMAL tid=20 addr=9 fc=0x03
BURST tid=21 addr=0 fc=0x03
BURST tid=22 addr=1 fc=0x03
BURST tid=23 addr=2 fc=0x03
BURST tid=24 addr=3 fc=0x03
BURST tid=25 addr=4 fc=0x03
BURST tid=26 addr=5 fc=0x03
BURST tid=27 addr=6 fc=0x03
BURST tid=28 addr=7 fc=0x03
BURST tid=29 addr=8 fc=0x03
BURST tid=30 addr=9 fc=0x03
BURST tid=31 addr=0 fc=0x03
BURST tid=32 addr=1 fc=0x03
BURST tid=33 addr=2 fc=0x03
BURST tid=34 addr=3 fc=0x03
BURST tid=35 addr=4 fc=0x03
BURST tid=36 addr=5 fc=0x03
BURST tid=37 addr=6 fc=0x03
BURST tid=38 addr=7 fc=0x03
BURST tid=39 addr=8 fc=0x03
BURST tid=40 addr=9 fc=0x03
NORMAL tid=41 addr=0 fc=0x03
NORMAL tid=42 addr=1 fc=0x03
NORMAL tid=43 addr=2 fc=0x03
NORMAL tid=44 addr=3 fc=0x03
NORMAL tid=45 addr=4 fc=0x03
NORMAL tid=46 addr=5 fc=0x03
NORMAL tid=47 addr=6 fc=0x03
NORMAL tid=48 addr=7 fc=0x03
NORMAL tid=49 addr=8 fc=0x03
NORMAL tid=50 addr=9 fc=0x03
NORMAL tid=51 addr=0 fc=0x03
NORMAL tid=52 addr=1 fc=0x03
NORMAL tid=53 addr=2 fc=0x03
NORMAL tid=54 addr=3 fc=0x03
NORMAL tid=55 addr=4 fc=0x03
NORMAL tid=56 addr=5 fc=0x03
NORMAL tid=57 addr=6 fc=0x03
NORMAL tid=58 addr=7 fc=0x03
NORMAL tid=59 addr=8 fc=0x03
NORMAL tid=60 addr=9 fc=0x03
REQUESTS_SUCCESSFUL=60
REQUESTS_MISSED=0

RAW PCAP:
daf955aaeb5df4b1e1a136acc6b3c77c39bd43c0680c42cc461d9909f30d199a  /home/chand/otshield-bench/evidence/v06/20260922T021855Z/trial-14/delay40_jitter10/raw.pcap
NORMALIZED_RECORDS= 60

CONDITION COMPLETE:
trial=14 condition=delay40_jitter10

----------------------------------------------
TRIAL=14
CONDITION=delay60_jitter10
DELAY=60ms
JITTER=10ms
LOSS=0%
----------------------------------------------
Predeclared: openplc-v06-20260922T021855Z-t14-delay60_jitter10
Normal: 40
Anomaly: 20
8524b65bf986f0e04582d7155bc15f46cc11245eb21d90359f27e2bda8fbc527  /home/chand/otshield-bench/evidence/v06/20260922T021855Z/trial-14/delay60_jitter10/protocol.json
NETEM:
qdisc netem 80ea: root refcnt 13 limit 1000 delay 60ms  10ms seed 8821145586408470569
NORMAL tid=01 addr=0 fc=0x03
NORMAL tid=02 addr=1 fc=0x03
NORMAL tid=03 addr=2 fc=0x03
NORMAL tid=04 addr=3 fc=0x03
NORMAL tid=05 addr=4 fc=0x03
NORMAL tid=06 addr=5 fc=0x03
NORMAL tid=07 addr=6 fc=0x03
NORMAL tid=08 addr=7 fc=0x03
NORMAL tid=09 addr=8 fc=0x03
NORMAL tid=10 addr=9 fc=0x03
NORMAL tid=11 addr=0 fc=0x03
NORMAL tid=12 addr=1 fc=0x03
NORMAL tid=13 addr=2 fc=0x03
NORMAL tid=14 addr=3 fc=0x03
NORMAL tid=15 addr=4 fc=0x03
NORMAL tid=16 addr=5 fc=0x03
NORMAL tid=17 addr=6 fc=0x03
NORMAL tid=18 addr=7 fc=0x03
NORMAL tid=19 addr=8 fc=0x03
NORMAL tid=20 addr=9 fc=0x03
BURST tid=21 addr=0 fc=0x03
BURST tid=22 addr=1 fc=0x03
BURST tid=23 addr=2 fc=0x03
BURST tid=24 addr=3 fc=0x03
BURST tid=25 addr=4 fc=0x03
BURST tid=26 addr=5 fc=0x03
BURST tid=27 addr=6 fc=0x03
BURST tid=28 addr=7 fc=0x03
BURST tid=29 addr=8 fc=0x03
BURST tid=30 addr=9 fc=0x03
BURST tid=31 addr=0 fc=0x03
BURST tid=32 addr=1 fc=0x03
BURST tid=33 addr=2 fc=0x03
BURST tid=34 addr=3 fc=0x03
BURST tid=35 addr=4 fc=0x03
BURST tid=36 addr=5 fc=0x03
BURST tid=37 addr=6 fc=0x03
BURST tid=38 addr=7 fc=0x03
BURST tid=39 addr=8 fc=0x03
BURST tid=40 addr=9 fc=0x03
NORMAL tid=41 addr=0 fc=0x03
NORMAL tid=42 addr=1 fc=0x03
NORMAL tid=43 addr=2 fc=0x03
NORMAL tid=44 addr=3 fc=0x03
NORMAL tid=45 addr=4 fc=0x03
NORMAL tid=46 addr=5 fc=0x03
NORMAL tid=47 addr=6 fc=0x03
NORMAL tid=48 addr=7 fc=0x03
NORMAL tid=49 addr=8 fc=0x03
NORMAL tid=50 addr=9 fc=0x03
NORMAL tid=51 addr=0 fc=0x03
NORMAL tid=52 addr=1 fc=0x03
NORMAL tid=53 addr=2 fc=0x03
NORMAL tid=54 addr=3 fc=0x03
NORMAL tid=55 addr=4 fc=0x03
NORMAL tid=56 addr=5 fc=0x03
NORMAL tid=57 addr=6 fc=0x03
NORMAL tid=58 addr=7 fc=0x03
NORMAL tid=59 addr=8 fc=0x03
NORMAL tid=60 addr=9 fc=0x03
REQUESTS_SUCCESSFUL=60
REQUESTS_MISSED=0

RAW PCAP:
129b155a39272dbd0e6f747800eeafd1f30c2ab0e5bbc3dd34ff4dbacd121d26  /home/chand/otshield-bench/evidence/v06/20260922T021855Z/trial-14/delay60_jitter10/raw.pcap
NORMALIZED_RECORDS= 60

CONDITION COMPLETE:
trial=14 condition=delay60_jitter10

----------------------------------------------
TRIAL=14
CONDITION=clean
DELAY=0ms
JITTER=0ms
LOSS=0%
----------------------------------------------
Predeclared: openplc-v06-20260922T021855Z-t14-clean
Normal: 40
Anomaly: 20
4e3db042f321a85d9f3f9365c43241526539b5f85ed2e7b4273b6d4e568abde8  /home/chand/otshield-bench/evidence/v06/20260922T021855Z/trial-14/clean/protocol.json
NETEM: clean
NORMAL tid=01 addr=0 fc=0x03
NORMAL tid=02 addr=1 fc=0x03
NORMAL tid=03 addr=2 fc=0x03
NORMAL tid=04 addr=3 fc=0x03
NORMAL tid=05 addr=4 fc=0x03
NORMAL tid=06 addr=5 fc=0x03
NORMAL tid=07 addr=6 fc=0x03
NORMAL tid=08 addr=7 fc=0x03
NORMAL tid=09 addr=8 fc=0x03
NORMAL tid=10 addr=9 fc=0x03
NORMAL tid=11 addr=0 fc=0x03
NORMAL tid=12 addr=1 fc=0x03
NORMAL tid=13 addr=2 fc=0x03
NORMAL tid=14 addr=3 fc=0x03
NORMAL tid=15 addr=4 fc=0x03
NORMAL tid=16 addr=5 fc=0x03
NORMAL tid=17 addr=6 fc=0x03
NORMAL tid=18 addr=7 fc=0x03
NORMAL tid=19 addr=8 fc=0x03
NORMAL tid=20 addr=9 fc=0x03
BURST tid=21 addr=0 fc=0x03
BURST tid=22 addr=1 fc=0x03
BURST tid=23 addr=2 fc=0x03
BURST tid=24 addr=3 fc=0x03
BURST tid=25 addr=4 fc=0x03
BURST tid=26 addr=5 fc=0x03
BURST tid=27 addr=6 fc=0x03
BURST tid=28 addr=7 fc=0x03
BURST tid=29 addr=8 fc=0x03
BURST tid=30 addr=9 fc=0x03
BURST tid=31 addr=0 fc=0x03
BURST tid=32 addr=1 fc=0x03
BURST tid=33 addr=2 fc=0x03
BURST tid=34 addr=3 fc=0x03
BURST tid=35 addr=4 fc=0x03
BURST tid=36 addr=5 fc=0x03
BURST tid=37 addr=6 fc=0x03
BURST tid=38 addr=7 fc=0x03
BURST tid=39 addr=8 fc=0x03
BURST tid=40 addr=9 fc=0x03
NORMAL tid=41 addr=0 fc=0x03
NORMAL tid=42 addr=1 fc=0x03
NORMAL tid=43 addr=2 fc=0x03
NORMAL tid=44 addr=3 fc=0x03
NORMAL tid=45 addr=4 fc=0x03
NORMAL tid=46 addr=5 fc=0x03
NORMAL tid=47 addr=6 fc=0x03
NORMAL tid=48 addr=7 fc=0x03
NORMAL tid=49 addr=8 fc=0x03
NORMAL tid=50 addr=9 fc=0x03
NORMAL tid=51 addr=0 fc=0x03
NORMAL tid=52 addr=1 fc=0x03
NORMAL tid=53 addr=2 fc=0x03
NORMAL tid=54 addr=3 fc=0x03
NORMAL tid=55 addr=4 fc=0x03
NORMAL tid=56 addr=5 fc=0x03
NORMAL tid=57 addr=6 fc=0x03
NORMAL tid=58 addr=7 fc=0x03
NORMAL tid=59 addr=8 fc=0x03
NORMAL tid=60 addr=9 fc=0x03
REQUESTS_SUCCESSFUL=60
REQUESTS_MISSED=0

RAW PCAP:
151f6242a68a6824c9a9e37a497cf60e2df40710deb9c3c54cc35c606058ac55  /home/chand/otshield-bench/evidence/v06/20260922T021855Z/trial-14/clean/raw.pcap
NORMALIZED_RECORDS= 60

CONDITION COMPLETE:
trial=14 condition=clean

----------------------------------------------
TRIAL=14
CONDITION=delay20
DELAY=20ms
JITTER=0ms
LOSS=0%
----------------------------------------------
Predeclared: openplc-v06-20260922T021855Z-t14-delay20
Normal: 40
Anomaly: 20
97210fb039229349cc80ff71c02a132a2712b1f4307c8278e726ceb712c68019  /home/chand/otshield-bench/evidence/v06/20260922T021855Z/trial-14/delay20/protocol.json
NETEM:
qdisc netem 80eb: root refcnt 13 limit 1000 delay 20ms seed 12787573086534097903
NORMAL tid=01 addr=0 fc=0x03
NORMAL tid=02 addr=1 fc=0x03
NORMAL tid=03 addr=2 fc=0x03
NORMAL tid=04 addr=3 fc=0x03
NORMAL tid=05 addr=4 fc=0x03
NORMAL tid=06 addr=5 fc=0x03
NORMAL tid=07 addr=6 fc=0x03
NORMAL tid=08 addr=7 fc=0x03
NORMAL tid=09 addr=8 fc=0x03
NORMAL tid=10 addr=9 fc=0x03
NORMAL tid=11 addr=0 fc=0x03
NORMAL tid=12 addr=1 fc=0x03
NORMAL tid=13 addr=2 fc=0x03
NORMAL tid=14 addr=3 fc=0x03
NORMAL tid=15 addr=4 fc=0x03
NORMAL tid=16 addr=5 fc=0x03
NORMAL tid=17 addr=6 fc=0x03
NORMAL tid=18 addr=7 fc=0x03
NORMAL tid=19 addr=8 fc=0x03
NORMAL tid=20 addr=9 fc=0x03
BURST tid=21 addr=0 fc=0x03
BURST tid=22 addr=1 fc=0x03
BURST tid=23 addr=2 fc=0x03
BURST tid=24 addr=3 fc=0x03
BURST tid=25 addr=4 fc=0x03
BURST tid=26 addr=5 fc=0x03
BURST tid=27 addr=6 fc=0x03
BURST tid=28 addr=7 fc=0x03
BURST tid=29 addr=8 fc=0x03
BURST tid=30 addr=9 fc=0x03
BURST tid=31 addr=0 fc=0x03
BURST tid=32 addr=1 fc=0x03
BURST tid=33 addr=2 fc=0x03
BURST tid=34 addr=3 fc=0x03
BURST tid=35 addr=4 fc=0x03
BURST tid=36 addr=5 fc=0x03
BURST tid=37 addr=6 fc=0x03
BURST tid=38 addr=7 fc=0x03
BURST tid=39 addr=8 fc=0x03
BURST tid=40 addr=9 fc=0x03
NORMAL tid=41 addr=0 fc=0x03
NORMAL tid=42 addr=1 fc=0x03
NORMAL tid=43 addr=2 fc=0x03
NORMAL tid=44 addr=3 fc=0x03
NORMAL tid=45 addr=4 fc=0x03
NORMAL tid=46 addr=5 fc=0x03
NORMAL tid=47 addr=6 fc=0x03
NORMAL tid=48 addr=7 fc=0x03
NORMAL tid=49 addr=8 fc=0x03
NORMAL tid=50 addr=9 fc=0x03
NORMAL tid=51 addr=0 fc=0x03
NORMAL tid=52 addr=1 fc=0x03
NORMAL tid=53 addr=2 fc=0x03
NORMAL tid=54 addr=3 fc=0x03
NORMAL tid=55 addr=4 fc=0x03
NORMAL tid=56 addr=5 fc=0x03
NORMAL tid=57 addr=6 fc=0x03
NORMAL tid=58 addr=7 fc=0x03
NORMAL tid=59 addr=8 fc=0x03
NORMAL tid=60 addr=9 fc=0x03
REQUESTS_SUCCESSFUL=60
REQUESTS_MISSED=0

RAW PCAP:
f56dc750e3ce06a8bfc3932a468cab5316f8a5bf971cb97abe7a205f787e0fbe  /home/chand/otshield-bench/evidence/v06/20260922T021855Z/trial-14/delay20/raw.pcap
NORMALIZED_RECORDS= 60

CONDITION COMPLETE:
trial=14 condition=delay20

----------------------------------------------
TRIAL=14
CONDITION=delay20_jitter5_loss5
DELAY=20ms
JITTER=5ms
LOSS=5%
----------------------------------------------
Predeclared: openplc-v06-20260922T021855Z-t14-delay20_jitter5_loss5
Normal: 40
Anomaly: 20
fb623615a6855068ababc57bb6d31fdbcc108ffdac80520053d7d776947a03ab  /home/chand/otshield-bench/evidence/v06/20260922T021855Z/trial-14/delay20_jitter5_loss5/protocol.json
NETEM:
qdisc netem 80ec: root refcnt 13 limit 1000 delay 20ms  5ms loss 5% seed 14244471933307785446
NORMAL tid=01 addr=0 fc=0x03
NORMAL tid=02 addr=1 fc=0x03
NORMAL tid=03 addr=2 fc=0x03
NORMAL tid=04 addr=3 fc=0x03
NORMAL tid=05 addr=4 fc=0x03
NORMAL tid=06 addr=5 fc=0x03
NORMAL tid=07 addr=6 fc=0x03
NORMAL tid=08 addr=7 fc=0x03
NORMAL tid=09 addr=8 fc=0x03
NORMAL tid=10 addr=9 fc=0x03
NORMAL tid=11 addr=0 fc=0x03
NORMAL tid=12 addr=1 fc=0x03
NORMAL tid=13 addr=2 fc=0x03
NORMAL tid=14 addr=3 fc=0x03
NORMAL tid=15 addr=4 fc=0x03
NORMAL tid=16 addr=5 fc=0x03
NORMAL tid=17 addr=6 fc=0x03
NORMAL tid=18 addr=7 fc=0x03
NORMAL tid=19 addr=8 fc=0x03
NORMAL tid=20 addr=9 fc=0x03
BURST tid=21 addr=0 fc=0x03
BURST tid=22 addr=1 fc=0x03
BURST tid=23 addr=2 fc=0x03
BURST tid=24 addr=3 fc=0x03
BURST tid=25 addr=4 fc=0x03
BURST tid=26 addr=5 fc=0x03
BURST tid=27 addr=6 fc=0x03
BURST tid=28 addr=7 fc=0x03
BURST tid=29 addr=8 fc=0x03
BURST tid=30 addr=9 fc=0x03
BURST tid=31 addr=0 fc=0x03
BURST tid=32 addr=1 fc=0x03
BURST tid=33 addr=2 fc=0x03
BURST tid=34 addr=3 fc=0x03
BURST tid=35 addr=4 fc=0x03
BURST tid=36 addr=5 fc=0x03
BURST tid=37 addr=6 fc=0x03
BURST tid=38 addr=7 fc=0x03
BURST tid=39 addr=8 fc=0x03
BURST tid=40 addr=9 fc=0x03
NORMAL tid=41 addr=0 fc=0x03
NORMAL tid=42 addr=1 fc=0x03
NORMAL tid=43 addr=2 fc=0x03
NORMAL tid=44 addr=3 fc=0x03
NORMAL tid=45 addr=4 fc=0x03
NORMAL tid=46 addr=5 fc=0x03
NORMAL tid=47 addr=6 fc=0x03
NORMAL tid=48 addr=7 fc=0x03
NORMAL tid=49 addr=8 fc=0x03
NORMAL tid=50 addr=9 fc=0x03
NORMAL tid=51 addr=0 fc=0x03
NORMAL tid=52 addr=1 fc=0x03
NORMAL tid=53 addr=2 fc=0x03
NORMAL tid=54 addr=3 fc=0x03
NORMAL tid=55 addr=4 fc=0x03
NORMAL tid=56 addr=5 fc=0x03
NORMAL tid=57 addr=6 fc=0x03
NORMAL tid=58 addr=7 fc=0x03
NORMAL tid=59 addr=8 fc=0x03
NORMAL tid=60 addr=9 fc=0x03
REQUESTS_SUCCESSFUL=60
REQUESTS_MISSED=0

RAW PCAP:
b81c54266ac7f0db67def5ffac12ab6455d5de903eed641b9a09ddfd90d7dda8  /home/chand/otshield-bench/evidence/v06/20260922T021855Z/trial-14/delay20_jitter5_loss5/raw.pcap
NORMALIZED_RECORDS= 60

CONDITION COMPLETE:
trial=14 condition=delay20_jitter5_loss5

TRIAL 14 COMPLETE

##############################################
TRIAL 15 / 25
##############################################
 Network docker_otshield-ics-net Creating 
 Network docker_otshield-ics-net Creating 
 Network docker_otshield-ics-net Created 
 Network docker_otshield-ics-net Created 
 Container otshield-openplc Creating 
 Container otshield-openplc Created 
 Container otshield-openplc Starting 
 Container otshield-openplc Started 
OpenPLC: starting
OpenPLC: healthy
OPENPLC_EXPECTED_ID=1a1cae207bf4c5198a2315aa3db67844bb576e8e633674decee14869d692676d
Network: docker_otshield-ics-net
Image: fortiphyd/grfics-plc:latest
Image ID: sha256:364461af6d7b56563fa6fdc6a296a2dfa6530caf07ea736bbc9a71701a360919

----------------------------------------------
TRIAL=15
CONDITION=delay60_jitter10
DELAY=60ms
JITTER=10ms
LOSS=0%
----------------------------------------------
Predeclared: openplc-v06-20260922T021855Z-t15-delay60_jitter10
Normal: 40
Anomaly: 20
9804e6516fcd356c4fec9fb92236c52695af0fbd57df58385d094cce02808c11  /home/chand/otshield-bench/evidence/v06/20260922T021855Z/trial-15/delay60_jitter10/protocol.json
NETEM:
qdisc netem 80ed: root refcnt 13 limit 1000 delay 60ms  10ms seed 7278144224002846498
NORMAL tid=01 addr=0 fc=0x03
NORMAL tid=02 addr=1 fc=0x03
NORMAL tid=03 addr=2 fc=0x03
NORMAL tid=04 addr=3 fc=0x03
NORMAL tid=05 addr=4 fc=0x03
NORMAL tid=06 addr=5 fc=0x03
NORMAL tid=07 addr=6 fc=0x03
NORMAL tid=08 addr=7 fc=0x03
NORMAL tid=09 addr=8 fc=0x03
NORMAL tid=10 addr=9 fc=0x03
NORMAL tid=11 addr=0 fc=0x03
NORMAL tid=12 addr=1 fc=0x03
NORMAL tid=13 addr=2 fc=0x03
NORMAL tid=14 addr=3 fc=0x03
NORMAL tid=15 addr=4 fc=0x03
NORMAL tid=16 addr=5 fc=0x03
NORMAL tid=17 addr=6 fc=0x03
NORMAL tid=18 addr=7 fc=0x03
NORMAL tid=19 addr=8 fc=0x03
NORMAL tid=20 addr=9 fc=0x03
BURST tid=21 addr=0 fc=0x03
BURST tid=22 addr=1 fc=0x03
BURST tid=23 addr=2 fc=0x03
BURST tid=24 addr=3 fc=0x03
BURST tid=25 addr=4 fc=0x03
BURST tid=26 addr=5 fc=0x03
BURST tid=27 addr=6 fc=0x03
BURST tid=28 addr=7 fc=0x03
BURST tid=29 addr=8 fc=0x03
BURST tid=30 addr=9 fc=0x03
BURST tid=31 addr=0 fc=0x03
BURST tid=32 addr=1 fc=0x03
BURST tid=33 addr=2 fc=0x03
BURST tid=34 addr=3 fc=0x03
BURST tid=35 addr=4 fc=0x03
BURST tid=36 addr=5 fc=0x03
BURST tid=37 addr=6 fc=0x03
BURST tid=38 addr=7 fc=0x03
BURST tid=39 addr=8 fc=0x03
BURST tid=40 addr=9 fc=0x03
NORMAL tid=41 addr=0 fc=0x03
NORMAL tid=42 addr=1 fc=0x03
NORMAL tid=43 addr=2 fc=0x03
NORMAL tid=44 addr=3 fc=0x03
NORMAL tid=45 addr=4 fc=0x03
NORMAL tid=46 addr=5 fc=0x03
NORMAL tid=47 addr=6 fc=0x03
NORMAL tid=48 addr=7 fc=0x03
NORMAL tid=49 addr=8 fc=0x03
NORMAL tid=50 addr=9 fc=0x03
NORMAL tid=51 addr=0 fc=0x03
NORMAL tid=52 addr=1 fc=0x03
NORMAL tid=53 addr=2 fc=0x03
NORMAL tid=54 addr=3 fc=0x03
NORMAL tid=55 addr=4 fc=0x03
NORMAL tid=56 addr=5 fc=0x03
NORMAL tid=57 addr=6 fc=0x03
NORMAL tid=58 addr=7 fc=0x03
NORMAL tid=59 addr=8 fc=0x03
NORMAL tid=60 addr=9 fc=0x03
REQUESTS_SUCCESSFUL=60
REQUESTS_MISSED=0

RAW PCAP:
6f730132ff8946aee85131ab64e1e369ec08fece4e1c0b76daac6d507c4e308e  /home/chand/otshield-bench/evidence/v06/20260922T021855Z/trial-15/delay60_jitter10/raw.pcap
NORMALIZED_RECORDS= 60

CONDITION COMPLETE:
trial=15 condition=delay60_jitter10

----------------------------------------------
TRIAL=15
CONDITION=clean
DELAY=0ms
JITTER=0ms
LOSS=0%
----------------------------------------------
Predeclared: openplc-v06-20260922T021855Z-t15-clean
Normal: 40
Anomaly: 20
1d5a436cdcdc075572850a30643da40c53bdb9e041e27a719b9616660177960b  /home/chand/otshield-bench/evidence/v06/20260922T021855Z/trial-15/clean/protocol.json
NETEM: clean
NORMAL tid=01 addr=0 fc=0x03
NORMAL tid=02 addr=1 fc=0x03
NORMAL tid=03 addr=2 fc=0x03
NORMAL tid=04 addr=3 fc=0x03
NORMAL tid=05 addr=4 fc=0x03
NORMAL tid=06 addr=5 fc=0x03
NORMAL tid=07 addr=6 fc=0x03
NORMAL tid=08 addr=7 fc=0x03
NORMAL tid=09 addr=8 fc=0x03
NORMAL tid=10 addr=9 fc=0x03
NORMAL tid=11 addr=0 fc=0x03
NORMAL tid=12 addr=1 fc=0x03
NORMAL tid=13 addr=2 fc=0x03
NORMAL tid=14 addr=3 fc=0x03
NORMAL tid=15 addr=4 fc=0x03
NORMAL tid=16 addr=5 fc=0x03
NORMAL tid=17 addr=6 fc=0x03
NORMAL tid=18 addr=7 fc=0x03
NORMAL tid=19 addr=8 fc=0x03
NORMAL tid=20 addr=9 fc=0x03
BURST tid=21 addr=0 fc=0x03
BURST tid=22 addr=1 fc=0x03
BURST tid=23 addr=2 fc=0x03
BURST tid=24 addr=3 fc=0x03
BURST tid=25 addr=4 fc=0x03
BURST tid=26 addr=5 fc=0x03
BURST tid=27 addr=6 fc=0x03
BURST tid=28 addr=7 fc=0x03
BURST tid=29 addr=8 fc=0x03
BURST tid=30 addr=9 fc=0x03
BURST tid=31 addr=0 fc=0x03
BURST tid=32 addr=1 fc=0x03
BURST tid=33 addr=2 fc=0x03
BURST tid=34 addr=3 fc=0x03
BURST tid=35 addr=4 fc=0x03
BURST tid=36 addr=5 fc=0x03
BURST tid=37 addr=6 fc=0x03
BURST tid=38 addr=7 fc=0x03
BURST tid=39 addr=8 fc=0x03
BURST tid=40 addr=9 fc=0x03
NORMAL tid=41 addr=0 fc=0x03
NORMAL tid=42 addr=1 fc=0x03
NORMAL tid=43 addr=2 fc=0x03
NORMAL tid=44 addr=3 fc=0x03
NORMAL tid=45 addr=4 fc=0x03
NORMAL tid=46 addr=5 fc=0x03
NORMAL tid=47 addr=6 fc=0x03
NORMAL tid=48 addr=7 fc=0x03
NORMAL tid=49 addr=8 fc=0x03
NORMAL tid=50 addr=9 fc=0x03
NORMAL tid=51 addr=0 fc=0x03
NORMAL tid=52 addr=1 fc=0x03
NORMAL tid=53 addr=2 fc=0x03
NORMAL tid=54 addr=3 fc=0x03
NORMAL tid=55 addr=4 fc=0x03
NORMAL tid=56 addr=5 fc=0x03
NORMAL tid=57 addr=6 fc=0x03
NORMAL tid=58 addr=7 fc=0x03
NORMAL tid=59 addr=8 fc=0x03
NORMAL tid=60 addr=9 fc=0x03
REQUESTS_SUCCESSFUL=60
REQUESTS_MISSED=0

RAW PCAP:
e4a4fa1e02a15dc7bd15c5b2b7319b77e2f32af83e4b059f73dcfe47761018f4  /home/chand/otshield-bench/evidence/v06/20260922T021855Z/trial-15/clean/raw.pcap
NORMALIZED_RECORDS= 60

CONDITION COMPLETE:
trial=15 condition=clean

----------------------------------------------
TRIAL=15
CONDITION=delay20
DELAY=20ms
JITTER=0ms
LOSS=0%
----------------------------------------------
Predeclared: openplc-v06-20260922T021855Z-t15-delay20
Normal: 40
Anomaly: 20
a82a1e274f76d90672eecd7059d540d8bf01390327f62b89be721e79526c4e52  /home/chand/otshield-bench/evidence/v06/20260922T021855Z/trial-15/delay20/protocol.json
NETEM:
qdisc netem 80ee: root refcnt 13 limit 1000 delay 20ms seed 12650294402056207768
NORMAL tid=01 addr=0 fc=0x03
NORMAL tid=02 addr=1 fc=0x03
NORMAL tid=03 addr=2 fc=0x03
NORMAL tid=04 addr=3 fc=0x03
NORMAL tid=05 addr=4 fc=0x03
NORMAL tid=06 addr=5 fc=0x03
NORMAL tid=07 addr=6 fc=0x03
NORMAL tid=08 addr=7 fc=0x03
NORMAL tid=09 addr=8 fc=0x03
NORMAL tid=10 addr=9 fc=0x03
NORMAL tid=11 addr=0 fc=0x03
NORMAL tid=12 addr=1 fc=0x03
NORMAL tid=13 addr=2 fc=0x03
NORMAL tid=14 addr=3 fc=0x03
NORMAL tid=15 addr=4 fc=0x03
NORMAL tid=16 addr=5 fc=0x03
NORMAL tid=17 addr=6 fc=0x03
NORMAL tid=18 addr=7 fc=0x03
NORMAL tid=19 addr=8 fc=0x03
NORMAL tid=20 addr=9 fc=0x03
BURST tid=21 addr=0 fc=0x03
BURST tid=22 addr=1 fc=0x03
BURST tid=23 addr=2 fc=0x03
BURST tid=24 addr=3 fc=0x03
BURST tid=25 addr=4 fc=0x03
BURST tid=26 addr=5 fc=0x03
BURST tid=27 addr=6 fc=0x03
BURST tid=28 addr=7 fc=0x03
BURST tid=29 addr=8 fc=0x03
BURST tid=30 addr=9 fc=0x03
BURST tid=31 addr=0 fc=0x03
BURST tid=32 addr=1 fc=0x03
BURST tid=33 addr=2 fc=0x03
BURST tid=34 addr=3 fc=0x03
BURST tid=35 addr=4 fc=0x03
BURST tid=36 addr=5 fc=0x03
BURST tid=37 addr=6 fc=0x03
BURST tid=38 addr=7 fc=0x03
BURST tid=39 addr=8 fc=0x03
BURST tid=40 addr=9 fc=0x03
NORMAL tid=41 addr=0 fc=0x03
NORMAL tid=42 addr=1 fc=0x03
NORMAL tid=43 addr=2 fc=0x03
NORMAL tid=44 addr=3 fc=0x03
NORMAL tid=45 addr=4 fc=0x03
NORMAL tid=46 addr=5 fc=0x03
NORMAL tid=47 addr=6 fc=0x03
NORMAL tid=48 addr=7 fc=0x03
NORMAL tid=49 addr=8 fc=0x03
NORMAL tid=50 addr=9 fc=0x03
NORMAL tid=51 addr=0 fc=0x03
NORMAL tid=52 addr=1 fc=0x03
NORMAL tid=53 addr=2 fc=0x03
NORMAL tid=54 addr=3 fc=0x03
NORMAL tid=55 addr=4 fc=0x03
NORMAL tid=56 addr=5 fc=0x03
NORMAL tid=57 addr=6 fc=0x03
NORMAL tid=58 addr=7 fc=0x03
NORMAL tid=59 addr=8 fc=0x03
NORMAL tid=60 addr=9 fc=0x03
REQUESTS_SUCCESSFUL=60
REQUESTS_MISSED=0

RAW PCAP:
02784056058116a4a78c21370b335a355299fb0ddb53af757c05e66ab2fe9340  /home/chand/otshield-bench/evidence/v06/20260922T021855Z/trial-15/delay20/raw.pcap
NORMALIZED_RECORDS= 60

CONDITION COMPLETE:
trial=15 condition=delay20

----------------------------------------------
TRIAL=15
CONDITION=delay20_jitter5_loss5
DELAY=20ms
JITTER=5ms
LOSS=5%
----------------------------------------------
Predeclared: openplc-v06-20260922T021855Z-t15-delay20_jitter5_loss5
Normal: 40
Anomaly: 20
1f6097f700bcd1d24bf5535f0a286286f20fa2d8cc1a7f2bb192b871218dd3b2  /home/chand/otshield-bench/evidence/v06/20260922T021855Z/trial-15/delay20_jitter5_loss5/protocol.json
NETEM:
qdisc netem 80ef: root refcnt 13 limit 1000 delay 20ms  5ms loss 5% seed 15012421115753806170
NORMAL tid=01 addr=0 fc=0x03
NORMAL tid=02 addr=1 fc=0x03
NORMAL tid=03 addr=2 fc=0x03
NORMAL tid=04 addr=3 fc=0x03
NORMAL tid=05 addr=4 fc=0x03
NORMAL tid=06 addr=5 fc=0x03
NORMAL tid=07 addr=6 fc=0x03
NORMAL tid=08 addr=7 fc=0x03
NORMAL tid=09 addr=8 fc=0x03
NORMAL tid=10 addr=9 fc=0x03
NORMAL tid=11 addr=0 fc=0x03
NORMAL tid=12 addr=1 fc=0x03
NORMAL tid=13 addr=2 fc=0x03
NORMAL tid=14 addr=3 fc=0x03
NORMAL tid=15 addr=4 fc=0x03
NORMAL tid=16 addr=5 fc=0x03
NORMAL tid=17 addr=6 fc=0x03
NORMAL tid=18 addr=7 fc=0x03
NORMAL tid=19 addr=8 fc=0x03
NORMAL tid=20 addr=9 fc=0x03
BURST tid=21 addr=0 fc=0x03
BURST tid=22 addr=1 fc=0x03
BURST tid=23 addr=2 fc=0x03
BURST tid=24 addr=3 fc=0x03
BURST tid=25 addr=4 fc=0x03
BURST tid=26 addr=5 fc=0x03
BURST tid=27 addr=6 fc=0x03
BURST tid=28 addr=7 fc=0x03
BURST tid=29 addr=8 fc=0x03
BURST tid=30 addr=9 fc=0x03
BURST tid=31 addr=0 fc=0x03
BURST tid=32 addr=1 fc=0x03
BURST tid=33 addr=2 fc=0x03
BURST tid=34 addr=3 fc=0x03
BURST tid=35 addr=4 fc=0x03
BURST tid=36 addr=5 fc=0x03
BURST tid=37 addr=6 fc=0x03
BURST tid=38 addr=7 fc=0x03
BURST tid=39 addr=8 fc=0x03
BURST tid=40 addr=9 fc=0x03
NORMAL tid=41 addr=0 fc=0x03
NORMAL tid=42 addr=1 fc=0x03
NORMAL tid=43 addr=2 fc=0x03
NORMAL tid=44 addr=3 fc=0x03
NORMAL tid=45 addr=4 fc=0x03
NORMAL tid=46 addr=5 fc=0x03
NORMAL tid=47 addr=6 fc=0x03
NORMAL tid=48 addr=7 fc=0x03
NORMAL tid=49 addr=8 fc=0x03
NORMAL tid=50 addr=9 fc=0x03
NORMAL tid=51 addr=0 fc=0x03
NORMAL tid=52 addr=1 fc=0x03
NORMAL tid=53 addr=2 fc=0x03
NORMAL tid=54 addr=3 fc=0x03
NORMAL tid=55 addr=4 fc=0x03
NORMAL tid=56 addr=5 fc=0x03
NORMAL tid=57 addr=6 fc=0x03
NORMAL tid=58 addr=7 fc=0x03
NORMAL tid=59 addr=8 fc=0x03
NORMAL tid=60 addr=9 fc=0x03
REQUESTS_SUCCESSFUL=60
REQUESTS_MISSED=0

RAW PCAP:
938176ba5fdf9587c2f7cbd1eab5faa55005b4027ffd3278480bcad35579b46c  /home/chand/otshield-bench/evidence/v06/20260922T021855Z/trial-15/delay20_jitter5_loss5/raw.pcap
NORMALIZED_RECORDS= 60

CONDITION COMPLETE:
trial=15 condition=delay20_jitter5_loss5

----------------------------------------------
TRIAL=15
CONDITION=delay40_jitter10
DELAY=40ms
JITTER=10ms
LOSS=0%
----------------------------------------------
Predeclared: openplc-v06-20260922T021855Z-t15-delay40_jitter10
Normal: 40
Anomaly: 20
9f24487dc281825478231a58f17a02772877ca09de92eb250ec03e05a2922280  /home/chand/otshield-bench/evidence/v06/20260922T021855Z/trial-15/delay40_jitter10/protocol.json
NETEM:
qdisc netem 80f0: root refcnt 13 limit 1000 delay 40ms  10ms seed 6562001207333803805
NORMAL tid=01 addr=0 fc=0x03
NORMAL tid=02 addr=1 fc=0x03
NORMAL tid=03 addr=2 fc=0x03
NORMAL tid=04 addr=3 fc=0x03
NORMAL tid=05 addr=4 fc=0x03
NORMAL tid=06 addr=5 fc=0x03
NORMAL tid=07 addr=6 fc=0x03
NORMAL tid=08 addr=7 fc=0x03
NORMAL tid=09 addr=8 fc=0x03
NORMAL tid=10 addr=9 fc=0x03
NORMAL tid=11 addr=0 fc=0x03
NORMAL tid=12 addr=1 fc=0x03
NORMAL tid=13 addr=2 fc=0x03
NORMAL tid=14 addr=3 fc=0x03
NORMAL tid=15 addr=4 fc=0x03
NORMAL tid=16 addr=5 fc=0x03
NORMAL tid=17 addr=6 fc=0x03
NORMAL tid=18 addr=7 fc=0x03
NORMAL tid=19 addr=8 fc=0x03
NORMAL tid=20 addr=9 fc=0x03
BURST tid=21 addr=0 fc=0x03
BURST tid=22 addr=1 fc=0x03
BURST tid=23 addr=2 fc=0x03
BURST tid=24 addr=3 fc=0x03
BURST tid=25 addr=4 fc=0x03
BURST tid=26 addr=5 fc=0x03
BURST tid=27 addr=6 fc=0x03
BURST tid=28 addr=7 fc=0x03
BURST tid=29 addr=8 fc=0x03
BURST tid=30 addr=9 fc=0x03
BURST tid=31 addr=0 fc=0x03
BURST tid=32 addr=1 fc=0x03
BURST tid=33 addr=2 fc=0x03
BURST tid=34 addr=3 fc=0x03
BURST tid=35 addr=4 fc=0x03
BURST tid=36 addr=5 fc=0x03
BURST tid=37 addr=6 fc=0x03
BURST tid=38 addr=7 fc=0x03
BURST tid=39 addr=8 fc=0x03
BURST tid=40 addr=9 fc=0x03
NORMAL tid=41 addr=0 fc=0x03
NORMAL tid=42 addr=1 fc=0x03
NORMAL tid=43 addr=2 fc=0x03
NORMAL tid=44 addr=3 fc=0x03
NORMAL tid=45 addr=4 fc=0x03
NORMAL tid=46 addr=5 fc=0x03
NORMAL tid=47 addr=6 fc=0x03
NORMAL tid=48 addr=7 fc=0x03
NORMAL tid=49 addr=8 fc=0x03
NORMAL tid=50 addr=9 fc=0x03
NORMAL tid=51 addr=0 fc=0x03
NORMAL tid=52 addr=1 fc=0x03
NORMAL tid=53 addr=2 fc=0x03
NORMAL tid=54 addr=3 fc=0x03
NORMAL tid=55 addr=4 fc=0x03
NORMAL tid=56 addr=5 fc=0x03
NORMAL tid=57 addr=6 fc=0x03
NORMAL tid=58 addr=7 fc=0x03
NORMAL tid=59 addr=8 fc=0x03
NORMAL tid=60 addr=9 fc=0x03
REQUESTS_SUCCESSFUL=60
REQUESTS_MISSED=0

RAW PCAP:
00ac79586baa600574a414ccb2f079dda7d16864a1d824a45022388ba0c8193f  /home/chand/otshield-bench/evidence/v06/20260922T021855Z/trial-15/delay40_jitter10/raw.pcap
NORMALIZED_RECORDS= 60

CONDITION COMPLETE:
trial=15 condition=delay40_jitter10

TRIAL 15 COMPLETE

##############################################
TRIAL 16 / 25
##############################################
 Network docker_otshield-ics-net Creating 
 Network docker_otshield-ics-net Creating 
 Network docker_otshield-ics-net Created 
 Network docker_otshield-ics-net Created 
 Container otshield-openplc Creating 
 Container otshield-openplc Created 
 Container otshield-openplc Starting 
 Container otshield-openplc Started 
OpenPLC: starting
OpenPLC: healthy
OPENPLC_EXPECTED_ID=da471bbb28ffcde8cd7e9122a1404b1f1bdf566d917db6d73aa532bfd7af437e
Network: docker_otshield-ics-net
Image: fortiphyd/grfics-plc:latest
Image ID: sha256:364461af6d7b56563fa6fdc6a296a2dfa6530caf07ea736bbc9a71701a360919

----------------------------------------------
TRIAL=16
CONDITION=clean
DELAY=0ms
JITTER=0ms
LOSS=0%
----------------------------------------------
Predeclared: openplc-v06-20260922T021855Z-t16-clean
Normal: 40
Anomaly: 20
ea60c1161e098b04a6eb100cda837ebb26e99cfb08739496610963260c8ebf68  /home/chand/otshield-bench/evidence/v06/20260922T021855Z/trial-16/clean/protocol.json
NETEM: clean
NORMAL tid=01 addr=0 fc=0x03
NORMAL tid=02 addr=1 fc=0x03
NORMAL tid=03 addr=2 fc=0x03
NORMAL tid=04 addr=3 fc=0x03
NORMAL tid=05 addr=4 fc=0x03
NORMAL tid=06 addr=5 fc=0x03
NORMAL tid=07 addr=6 fc=0x03
NORMAL tid=08 addr=7 fc=0x03
NORMAL tid=09 addr=8 fc=0x03
NORMAL tid=10 addr=9 fc=0x03
NORMAL tid=11 addr=0 fc=0x03
NORMAL tid=12 addr=1 fc=0x03
NORMAL tid=13 addr=2 fc=0x03
NORMAL tid=14 addr=3 fc=0x03
NORMAL tid=15 addr=4 fc=0x03
NORMAL tid=16 addr=5 fc=0x03
NORMAL tid=17 addr=6 fc=0x03
NORMAL tid=18 addr=7 fc=0x03
NORMAL tid=19 addr=8 fc=0x03
NORMAL tid=20 addr=9 fc=0x03
BURST tid=21 addr=0 fc=0x03
BURST tid=22 addr=1 fc=0x03
BURST tid=23 addr=2 fc=0x03
BURST tid=24 addr=3 fc=0x03
BURST tid=25 addr=4 fc=0x03
BURST tid=26 addr=5 fc=0x03
BURST tid=27 addr=6 fc=0x03
BURST tid=28 addr=7 fc=0x03
BURST tid=29 addr=8 fc=0x03
BURST tid=30 addr=9 fc=0x03
BURST tid=31 addr=0 fc=0x03
BURST tid=32 addr=1 fc=0x03
BURST tid=33 addr=2 fc=0x03
BURST tid=34 addr=3 fc=0x03
BURST tid=35 addr=4 fc=0x03
BURST tid=36 addr=5 fc=0x03
BURST tid=37 addr=6 fc=0x03
BURST tid=38 addr=7 fc=0x03
BURST tid=39 addr=8 fc=0x03
BURST tid=40 addr=9 fc=0x03
NORMAL tid=41 addr=0 fc=0x03
NORMAL tid=42 addr=1 fc=0x03
NORMAL tid=43 addr=2 fc=0x03
NORMAL tid=44 addr=3 fc=0x03
NORMAL tid=45 addr=4 fc=0x03
NORMAL tid=46 addr=5 fc=0x03
NORMAL tid=47 addr=6 fc=0x03
NORMAL tid=48 addr=7 fc=0x03
NORMAL tid=49 addr=8 fc=0x03
NORMAL tid=50 addr=9 fc=0x03
NORMAL tid=51 addr=0 fc=0x03
NORMAL tid=52 addr=1 fc=0x03
NORMAL tid=53 addr=2 fc=0x03
NORMAL tid=54 addr=3 fc=0x03
NORMAL tid=55 addr=4 fc=0x03
NORMAL tid=56 addr=5 fc=0x03
NORMAL tid=57 addr=6 fc=0x03
NORMAL tid=58 addr=7 fc=0x03
NORMAL tid=59 addr=8 fc=0x03
NORMAL tid=60 addr=9 fc=0x03
REQUESTS_SUCCESSFUL=60
REQUESTS_MISSED=0

RAW PCAP:
79eaf5749caa77faa32725b16caa06c09111866ced7d2a7d3d6c79164311be5b  /home/chand/otshield-bench/evidence/v06/20260922T021855Z/trial-16/clean/raw.pcap
NORMALIZED_RECORDS= 60

CONDITION COMPLETE:
trial=16 condition=clean

----------------------------------------------
TRIAL=16
CONDITION=delay20
DELAY=20ms
JITTER=0ms
LOSS=0%
----------------------------------------------
Predeclared: openplc-v06-20260922T021855Z-t16-delay20
Normal: 40
Anomaly: 20
2b4d66e424991b41365529908a07487aa26db47daef7780b41714fc0eb08e10b  /home/chand/otshield-bench/evidence/v06/20260922T021855Z/trial-16/delay20/protocol.json
NETEM:
qdisc netem 80f1: root refcnt 13 limit 1000 delay 20ms seed 9917725663885340061
NORMAL tid=01 addr=0 fc=0x03
NORMAL tid=02 addr=1 fc=0x03
NORMAL tid=03 addr=2 fc=0x03
NORMAL tid=04 addr=3 fc=0x03
NORMAL tid=05 addr=4 fc=0x03
NORMAL tid=06 addr=5 fc=0x03
NORMAL tid=07 addr=6 fc=0x03
NORMAL tid=08 addr=7 fc=0x03
NORMAL tid=09 addr=8 fc=0x03
NORMAL tid=10 addr=9 fc=0x03
NORMAL tid=11 addr=0 fc=0x03
NORMAL tid=12 addr=1 fc=0x03
NORMAL tid=13 addr=2 fc=0x03
NORMAL tid=14 addr=3 fc=0x03
NORMAL tid=15 addr=4 fc=0x03
NORMAL tid=16 addr=5 fc=0x03
NORMAL tid=17 addr=6 fc=0x03
NORMAL tid=18 addr=7 fc=0x03
NORMAL tid=19 addr=8 fc=0x03
NORMAL tid=20 addr=9 fc=0x03
BURST tid=21 addr=0 fc=0x03
BURST tid=22 addr=1 fc=0x03
BURST tid=23 addr=2 fc=0x03
BURST tid=24 addr=3 fc=0x03
BURST tid=25 addr=4 fc=0x03
BURST tid=26 addr=5 fc=0x03
BURST tid=27 addr=6 fc=0x03
BURST tid=28 addr=7 fc=0x03
BURST tid=29 addr=8 fc=0x03
BURST tid=30 addr=9 fc=0x03
BURST tid=31 addr=0 fc=0x03
BURST tid=32 addr=1 fc=0x03
BURST tid=33 addr=2 fc=0x03
BURST tid=34 addr=3 fc=0x03
BURST tid=35 addr=4 fc=0x03
BURST tid=36 addr=5 fc=0x03
BURST tid=37 addr=6 fc=0x03
BURST tid=38 addr=7 fc=0x03
BURST tid=39 addr=8 fc=0x03
BURST tid=40 addr=9 fc=0x03
NORMAL tid=41 addr=0 fc=0x03
NORMAL tid=42 addr=1 fc=0x03
NORMAL tid=43 addr=2 fc=0x03
NORMAL tid=44 addr=3 fc=0x03
NORMAL tid=45 addr=4 fc=0x03
NORMAL tid=46 addr=5 fc=0x03
NORMAL tid=47 addr=6 fc=0x03
NORMAL tid=48 addr=7 fc=0x03
NORMAL tid=49 addr=8 fc=0x03
NORMAL tid=50 addr=9 fc=0x03
NORMAL tid=51 addr=0 fc=0x03
NORMAL tid=52 addr=1 fc=0x03
NORMAL tid=53 addr=2 fc=0x03
NORMAL tid=54 addr=3 fc=0x03
NORMAL tid=55 addr=4 fc=0x03
NORMAL tid=56 addr=5 fc=0x03
NORMAL tid=57 addr=6 fc=0x03
NORMAL tid=58 addr=7 fc=0x03
NORMAL tid=59 addr=8 fc=0x03
NORMAL tid=60 addr=9 fc=0x03
REQUESTS_SUCCESSFUL=60
REQUESTS_MISSED=0

RAW PCAP:
d4a3827d0c8831fa44665e744f2c1058e42010149dfa4902b49dfdbe52bd468c  /home/chand/otshield-bench/evidence/v06/20260922T021855Z/trial-16/delay20/raw.pcap
NORMALIZED_RECORDS= 60

CONDITION COMPLETE:
trial=16 condition=delay20

----------------------------------------------
TRIAL=16
CONDITION=delay20_jitter5_loss5
DELAY=20ms
JITTER=5ms
LOSS=5%
----------------------------------------------
Predeclared: openplc-v06-20260922T021855Z-t16-delay20_jitter5_loss5
Normal: 40
Anomaly: 20
7258a9aa34c819f81c48d3207301cf37c36e892c1f3b5fc32c33d4cfef3394f6  /home/chand/otshield-bench/evidence/v06/20260922T021855Z/trial-16/delay20_jitter5_loss5/protocol.json
NETEM:
qdisc netem 80f2: root refcnt 13 limit 1000 delay 20ms  5ms loss 5% seed 10239116221192636872
NORMAL tid=01 addr=0 fc=0x03
NORMAL tid=02 addr=1 fc=0x03
NORMAL tid=03 addr=2 fc=0x03
NORMAL tid=04 addr=3 fc=0x03
NORMAL tid=05 addr=4 fc=0x03
NORMAL tid=06 addr=5 fc=0x03
NORMAL tid=07 addr=6 fc=0x03
NORMAL tid=08 addr=7 fc=0x03
NORMAL tid=09 addr=8 fc=0x03
NORMAL tid=10 addr=9 fc=0x03
NORMAL tid=11 addr=0 fc=0x03
NORMAL tid=12 addr=1 fc=0x03
NORMAL tid=13 addr=2 fc=0x03
NORMAL tid=14 addr=3 fc=0x03
NORMAL tid=15 addr=4 fc=0x03
NORMAL tid=16 addr=5 fc=0x03
NORMAL tid=17 addr=6 fc=0x03
NORMAL tid=18 addr=7 fc=0x03
NORMAL tid=19 addr=8 fc=0x03
NORMAL tid=20 addr=9 fc=0x03
BURST tid=21 addr=0 fc=0x03
BURST tid=22 addr=1 fc=0x03
BURST tid=23 addr=2 fc=0x03
BURST tid=24 addr=3 fc=0x03
BURST tid=25 addr=4 fc=0x03
BURST tid=26 addr=5 fc=0x03
BURST tid=27 addr=6 fc=0x03
BURST tid=28 addr=7 fc=0x03
BURST tid=29 addr=8 fc=0x03
BURST tid=30 addr=9 fc=0x03
BURST tid=31 addr=0 fc=0x03
BURST tid=32 addr=1 fc=0x03
BURST tid=33 addr=2 fc=0x03
BURST tid=34 addr=3 fc=0x03
BURST tid=35 addr=4 fc=0x03
BURST tid=36 addr=5 fc=0x03
BURST tid=37 addr=6 fc=0x03
BURST tid=38 addr=7 fc=0x03
BURST tid=39 addr=8 fc=0x03
BURST tid=40 addr=9 fc=0x03
NORMAL tid=41 addr=0 fc=0x03
NORMAL tid=42 addr=1 fc=0x03
NORMAL tid=43 addr=2 fc=0x03
NORMAL tid=44 addr=3 fc=0x03
NORMAL tid=45 addr=4 fc=0x03
NORMAL tid=46 addr=5 fc=0x03
NORMAL tid=47 addr=6 fc=0x03
NORMAL tid=48 addr=7 fc=0x03
NORMAL tid=49 addr=8 fc=0x03
NORMAL tid=50 addr=9 fc=0x03
NORMAL tid=51 addr=0 fc=0x03
NORMAL tid=52 addr=1 fc=0x03
NORMAL tid=53 addr=2 fc=0x03
NORMAL tid=54 addr=3 fc=0x03
NORMAL tid=55 addr=4 fc=0x03
NORMAL tid=56 addr=5 fc=0x03
NORMAL tid=57 addr=6 fc=0x03
NORMAL tid=58 addr=7 fc=0x03
NORMAL tid=59 addr=8 fc=0x03
NORMAL tid=60 addr=9 fc=0x03
REQUESTS_SUCCESSFUL=60
REQUESTS_MISSED=0

RAW PCAP:
d498974f38f1c45235e85bb08447c7e74b584dc65820405115e55c9a82e22f9a  /home/chand/otshield-bench/evidence/v06/20260922T021855Z/trial-16/delay20_jitter5_loss5/raw.pcap
NORMALIZED_RECORDS= 60

CONDITION COMPLETE:
trial=16 condition=delay20_jitter5_loss5

----------------------------------------------
TRIAL=16
CONDITION=delay40_jitter10
DELAY=40ms
JITTER=10ms
LOSS=0%
----------------------------------------------
Predeclared: openplc-v06-20260922T021855Z-t16-delay40_jitter10
Normal: 40
Anomaly: 20
0f5011629b94fb8d4d14e34be54649d8e80c343b45f621be40d82b67ef2cedc2  /home/chand/otshield-bench/evidence/v06/20260922T021855Z/trial-16/delay40_jitter10/protocol.json
NETEM:
qdisc netem 80f3: root refcnt 13 limit 1000 delay 40ms  10ms seed 8552343085287682018
NORMAL tid=01 addr=0 fc=0x03
NORMAL tid=02 addr=1 fc=0x03
NORMAL tid=03 addr=2 fc=0x03
NORMAL tid=04 addr=3 fc=0x03
NORMAL tid=05 addr=4 fc=0x03
NORMAL tid=06 addr=5 fc=0x03
NORMAL tid=07 addr=6 fc=0x03
NORMAL tid=08 addr=7 fc=0x03
NORMAL tid=09 addr=8 fc=0x03
NORMAL tid=10 addr=9 fc=0x03
NORMAL tid=11 addr=0 fc=0x03
NORMAL tid=12 addr=1 fc=0x03
NORMAL tid=13 addr=2 fc=0x03
NORMAL tid=14 addr=3 fc=0x03
NORMAL tid=15 addr=4 fc=0x03
NORMAL tid=16 addr=5 fc=0x03
NORMAL tid=17 addr=6 fc=0x03
NORMAL tid=18 addr=7 fc=0x03
NORMAL tid=19 addr=8 fc=0x03
NORMAL tid=20 addr=9 fc=0x03
BURST tid=21 addr=0 fc=0x03
BURST tid=22 addr=1 fc=0x03
BURST tid=23 addr=2 fc=0x03
BURST tid=24 addr=3 fc=0x03
BURST tid=25 addr=4 fc=0x03
BURST tid=26 addr=5 fc=0x03
BURST tid=27 addr=6 fc=0x03
BURST tid=28 addr=7 fc=0x03
BURST tid=29 addr=8 fc=0x03
BURST tid=30 addr=9 fc=0x03
BURST tid=31 addr=0 fc=0x03
BURST tid=32 addr=1 fc=0x03
BURST tid=33 addr=2 fc=0x03
BURST tid=34 addr=3 fc=0x03
BURST tid=35 addr=4 fc=0x03
BURST tid=36 addr=5 fc=0x03
BURST tid=37 addr=6 fc=0x03
BURST tid=38 addr=7 fc=0x03
BURST tid=39 addr=8 fc=0x03
BURST tid=40 addr=9 fc=0x03
NORMAL tid=41 addr=0 fc=0x03
NORMAL tid=42 addr=1 fc=0x03
NORMAL tid=43 addr=2 fc=0x03
NORMAL tid=44 addr=3 fc=0x03
NORMAL tid=45 addr=4 fc=0x03
NORMAL tid=46 addr=5 fc=0x03
NORMAL tid=47 addr=6 fc=0x03
NORMAL tid=48 addr=7 fc=0x03
NORMAL tid=49 addr=8 fc=0x03
NORMAL tid=50 addr=9 fc=0x03
NORMAL tid=51 addr=0 fc=0x03
NORMAL tid=52 addr=1 fc=0x03
NORMAL tid=53 addr=2 fc=0x03
NORMAL tid=54 addr=3 fc=0x03
NORMAL tid=55 addr=4 fc=0x03
NORMAL tid=56 addr=5 fc=0x03
NORMAL tid=57 addr=6 fc=0x03
NORMAL tid=58 addr=7 fc=0x03
NORMAL tid=59 addr=8 fc=0x03
NORMAL tid=60 addr=9 fc=0x03
REQUESTS_SUCCESSFUL=60
REQUESTS_MISSED=0

RAW PCAP:
bb4f66137de2ffb215f09b1dea7989435aacc459fba285c76082e329a987c09f  /home/chand/otshield-bench/evidence/v06/20260922T021855Z/trial-16/delay40_jitter10/raw.pcap
NORMALIZED_RECORDS= 60

CONDITION COMPLETE:
trial=16 condition=delay40_jitter10

----------------------------------------------
TRIAL=16
CONDITION=delay60_jitter10
DELAY=60ms
JITTER=10ms
LOSS=0%
----------------------------------------------
Predeclared: openplc-v06-20260922T021855Z-t16-delay60_jitter10
Normal: 40
Anomaly: 20
9491f2be37c08aec1966099f47e80e6c08e71ba517f42809a65ed2afb4038709  /home/chand/otshield-bench/evidence/v06/20260922T021855Z/trial-16/delay60_jitter10/protocol.json
NETEM:
qdisc netem 80f4: root refcnt 13 limit 1000 delay 60ms  10ms seed 17688648693470113932
NORMAL tid=01 addr=0 fc=0x03
NORMAL tid=02 addr=1 fc=0x03
NORMAL tid=03 addr=2 fc=0x03
NORMAL tid=04 addr=3 fc=0x03
NORMAL tid=05 addr=4 fc=0x03
NORMAL tid=06 addr=5 fc=0x03
NORMAL tid=07 addr=6 fc=0x03
NORMAL tid=08 addr=7 fc=0x03
NORMAL tid=09 addr=8 fc=0x03
NORMAL tid=10 addr=9 fc=0x03
NORMAL tid=11 addr=0 fc=0x03
NORMAL tid=12 addr=1 fc=0x03
NORMAL tid=13 addr=2 fc=0x03
NORMAL tid=14 addr=3 fc=0x03
NORMAL tid=15 addr=4 fc=0x03
NORMAL tid=16 addr=5 fc=0x03
NORMAL tid=17 addr=6 fc=0x03
NORMAL tid=18 addr=7 fc=0x03
NORMAL tid=19 addr=8 fc=0x03
NORMAL tid=20 addr=9 fc=0x03
BURST tid=21 addr=0 fc=0x03
BURST tid=22 addr=1 fc=0x03
BURST tid=23 addr=2 fc=0x03
BURST tid=24 addr=3 fc=0x03
BURST tid=25 addr=4 fc=0x03
BURST tid=26 addr=5 fc=0x03
BURST tid=27 addr=6 fc=0x03
BURST tid=28 addr=7 fc=0x03
BURST tid=29 addr=8 fc=0x03
BURST tid=30 addr=9 fc=0x03
BURST tid=31 addr=0 fc=0x03
BURST tid=32 addr=1 fc=0x03
BURST tid=33 addr=2 fc=0x03
BURST tid=34 addr=3 fc=0x03
BURST tid=35 addr=4 fc=0x03
BURST tid=36 addr=5 fc=0x03
BURST tid=37 addr=6 fc=0x03
BURST tid=38 addr=7 fc=0x03
BURST tid=39 addr=8 fc=0x03
BURST tid=40 addr=9 fc=0x03
NORMAL tid=41 addr=0 fc=0x03
NORMAL tid=42 addr=1 fc=0x03
NORMAL tid=43 addr=2 fc=0x03
NORMAL tid=44 addr=3 fc=0x03
NORMAL tid=45 addr=4 fc=0x03
NORMAL tid=46 addr=5 fc=0x03
NORMAL tid=47 addr=6 fc=0x03
NORMAL tid=48 addr=7 fc=0x03
NORMAL tid=49 addr=8 fc=0x03
NORMAL tid=50 addr=9 fc=0x03
NORMAL tid=51 addr=0 fc=0x03
NORMAL tid=52 addr=1 fc=0x03
NORMAL tid=53 addr=2 fc=0x03
NORMAL tid=54 addr=3 fc=0x03
NORMAL tid=55 addr=4 fc=0x03
NORMAL tid=56 addr=5 fc=0x03
NORMAL tid=57 addr=6 fc=0x03
NORMAL tid=58 addr=7 fc=0x03
NORMAL tid=59 addr=8 fc=0x03
NORMAL tid=60 addr=9 fc=0x03
REQUESTS_SUCCESSFUL=60
REQUESTS_MISSED=0

RAW PCAP:
a13ff5863c74d8296cee83103392db84886cf8f00d96d27747188991d8c3b0d7  /home/chand/otshield-bench/evidence/v06/20260922T021855Z/trial-16/delay60_jitter10/raw.pcap
NORMALIZED_RECORDS= 60

CONDITION COMPLETE:
trial=16 condition=delay60_jitter10

TRIAL 16 COMPLETE

##############################################
TRIAL 17 / 25
##############################################
 Network docker_otshield-ics-net Creating 
 Network docker_otshield-ics-net Creating 
 Network docker_otshield-ics-net Created 
 Network docker_otshield-ics-net Created 
 Container otshield-openplc Creating 
 Container otshield-openplc Created 
 Container otshield-openplc Starting 
 Container otshield-openplc Started 
OpenPLC: starting
OpenPLC: healthy
OPENPLC_EXPECTED_ID=bd9035fa8a2cea17ada7ac3fc87c1f6e6f97b5d20cda115a5ca8c2b0edd0d3bd
Network: docker_otshield-ics-net
Image: fortiphyd/grfics-plc:latest
Image ID: sha256:364461af6d7b56563fa6fdc6a296a2dfa6530caf07ea736bbc9a71701a360919

----------------------------------------------
TRIAL=17
CONDITION=delay20
DELAY=20ms
JITTER=0ms
LOSS=0%
----------------------------------------------
Predeclared: openplc-v06-20260922T021855Z-t17-delay20
Normal: 40
Anomaly: 20
7b8d2c4cc050c9c267a66e2c7233a7a06cabb829fc723e1d8c61874d07157f9d  /home/chand/otshield-bench/evidence/v06/20260922T021855Z/trial-17/delay20/protocol.json
NETEM:
qdisc netem 80f5: root refcnt 13 limit 1000 delay 20ms seed 16049966766110636323
NORMAL tid=01 addr=0 fc=0x03
NORMAL tid=02 addr=1 fc=0x03
NORMAL tid=03 addr=2 fc=0x03
NORMAL tid=04 addr=3 fc=0x03
NORMAL tid=05 addr=4 fc=0x03
NORMAL tid=06 addr=5 fc=0x03
NORMAL tid=07 addr=6 fc=0x03
NORMAL tid=08 addr=7 fc=0x03
NORMAL tid=09 addr=8 fc=0x03
NORMAL tid=10 addr=9 fc=0x03
NORMAL tid=11 addr=0 fc=0x03
NORMAL tid=12 addr=1 fc=0x03
NORMAL tid=13 addr=2 fc=0x03
NORMAL tid=14 addr=3 fc=0x03
NORMAL tid=15 addr=4 fc=0x03
NORMAL tid=16 addr=5 fc=0x03
NORMAL tid=17 addr=6 fc=0x03
NORMAL tid=18 addr=7 fc=0x03
NORMAL tid=19 addr=8 fc=0x03
NORMAL tid=20 addr=9 fc=0x03
BURST tid=21 addr=0 fc=0x03
BURST tid=22 addr=1 fc=0x03
BURST tid=23 addr=2 fc=0x03
BURST tid=24 addr=3 fc=0x03
BURST tid=25 addr=4 fc=0x03
BURST tid=26 addr=5 fc=0x03
BURST tid=27 addr=6 fc=0x03
BURST tid=28 addr=7 fc=0x03
BURST tid=29 addr=8 fc=0x03
BURST tid=30 addr=9 fc=0x03
BURST tid=31 addr=0 fc=0x03
BURST tid=32 addr=1 fc=0x03
BURST tid=33 addr=2 fc=0x03
BURST tid=34 addr=3 fc=0x03
BURST tid=35 addr=4 fc=0x03
BURST tid=36 addr=5 fc=0x03
BURST tid=37 addr=6 fc=0x03
BURST tid=38 addr=7 fc=0x03
BURST tid=39 addr=8 fc=0x03
BURST tid=40 addr=9 fc=0x03
NORMAL tid=41 addr=0 fc=0x03
NORMAL tid=42 addr=1 fc=0x03
NORMAL tid=43 addr=2 fc=0x03
NORMAL tid=44 addr=3 fc=0x03
NORMAL tid=45 addr=4 fc=0x03
NORMAL tid=46 addr=5 fc=0x03
NORMAL tid=47 addr=6 fc=0x03
NORMAL tid=48 addr=7 fc=0x03
NORMAL tid=49 addr=8 fc=0x03
NORMAL tid=50 addr=9 fc=0x03
NORMAL tid=51 addr=0 fc=0x03
NORMAL tid=52 addr=1 fc=0x03
NORMAL tid=53 addr=2 fc=0x03
NORMAL tid=54 addr=3 fc=0x03
NORMAL tid=55 addr=4 fc=0x03
NORMAL tid=56 addr=5 fc=0x03
NORMAL tid=57 addr=6 fc=0x03
NORMAL tid=58 addr=7 fc=0x03
NORMAL tid=59 addr=8 fc=0x03
NORMAL tid=60 addr=9 fc=0x03
REQUESTS_SUCCESSFUL=60
REQUESTS_MISSED=0

RAW PCAP:
a8564c0bd99faaf1d840d096b6d9292f466964ed029a7b24a147f1cc712d5e5c  /home/chand/otshield-bench/evidence/v06/20260922T021855Z/trial-17/delay20/raw.pcap
NORMALIZED_RECORDS= 60

CONDITION COMPLETE:
trial=17 condition=delay20

----------------------------------------------
TRIAL=17
CONDITION=delay20_jitter5_loss5
DELAY=20ms
JITTER=5ms
LOSS=5%
----------------------------------------------
Predeclared: openplc-v06-20260922T021855Z-t17-delay20_jitter5_loss5
Normal: 40
Anomaly: 20
9045636f46ac16b1060087fd443b40f235eb90fdc075b4a561650e6c468b9751  /home/chand/otshield-bench/evidence/v06/20260922T021855Z/trial-17/delay20_jitter5_loss5/protocol.json
NETEM:
qdisc netem 80f6: root refcnt 13 limit 1000 delay 20ms  5ms loss 5% seed 5639340652371670212
NORMAL tid=01 addr=0 fc=0x03
NORMAL tid=02 addr=1 fc=0x03
NORMAL tid=03 addr=2 fc=0x03
NORMAL tid=04 addr=3 fc=0x03
NORMAL tid=05 addr=4 fc=0x03
NORMAL tid=06 addr=5 fc=0x03
NORMAL tid=07 addr=6 fc=0x03
NORMAL tid=08 addr=7 fc=0x03
NORMAL tid=09 addr=8 fc=0x03
NORMAL tid=10 addr=9 fc=0x03
NORMAL tid=11 addr=0 fc=0x03
NORMAL tid=12 addr=1 fc=0x03
NORMAL tid=13 addr=2 fc=0x03
NORMAL tid=14 addr=3 fc=0x03
NORMAL tid=15 addr=4 fc=0x03
NORMAL tid=16 addr=5 fc=0x03
NORMAL tid=17 addr=6 fc=0x03
NORMAL tid=18 addr=7 fc=0x03
NORMAL tid=19 addr=8 fc=0x03
NORMAL tid=20 addr=9 fc=0x03
BURST tid=21 addr=0 fc=0x03
BURST tid=22 addr=1 fc=0x03
BURST tid=23 addr=2 fc=0x03
BURST tid=24 addr=3 fc=0x03
BURST tid=25 addr=4 fc=0x03
BURST tid=26 addr=5 fc=0x03
BURST tid=27 addr=6 fc=0x03
BURST tid=28 addr=7 fc=0x03
BURST tid=29 addr=8 fc=0x03
BURST tid=30 addr=9 fc=0x03
BURST tid=31 addr=0 fc=0x03
BURST tid=32 addr=1 fc=0x03
BURST tid=33 addr=2 fc=0x03
BURST tid=34 addr=3 fc=0x03
BURST tid=35 addr=4 fc=0x03
BURST tid=36 addr=5 fc=0x03
BURST tid=37 addr=6 fc=0x03
BURST tid=38 addr=7 fc=0x03
BURST tid=39 addr=8 fc=0x03
BURST tid=40 addr=9 fc=0x03
NORMAL tid=41 addr=0 fc=0x03
NORMAL tid=42 addr=1 fc=0x03
NORMAL tid=43 addr=2 fc=0x03
NORMAL tid=44 addr=3 fc=0x03
NORMAL tid=45 addr=4 fc=0x03
NORMAL tid=46 addr=5 fc=0x03
NORMAL tid=47 addr=6 fc=0x03
NORMAL tid=48 addr=7 fc=0x03
NORMAL tid=49 addr=8 fc=0x03
NORMAL tid=50 addr=9 fc=0x03
NORMAL tid=51 addr=0 fc=0x03
NORMAL tid=52 addr=1 fc=0x03
NORMAL tid=53 addr=2 fc=0x03
NORMAL tid=54 addr=3 fc=0x03
NORMAL tid=55 addr=4 fc=0x03
NORMAL tid=56 addr=5 fc=0x03
NORMAL tid=57 addr=6 fc=0x03
NORMAL tid=58 addr=7 fc=0x03
NORMAL tid=59 addr=8 fc=0x03
NORMAL tid=60 addr=9 fc=0x03
REQUESTS_SUCCESSFUL=60
REQUESTS_MISSED=0

RAW PCAP:
c639e4d3e808fa77e97cc30cb966a47157587d4352b46e3b6060e57b281a2b21  /home/chand/otshield-bench/evidence/v06/20260922T021855Z/trial-17/delay20_jitter5_loss5/raw.pcap
NORMALIZED_RECORDS= 60

CONDITION COMPLETE:
trial=17 condition=delay20_jitter5_loss5

----------------------------------------------
TRIAL=17
CONDITION=delay40_jitter10
DELAY=40ms
JITTER=10ms
LOSS=0%
----------------------------------------------
Predeclared: openplc-v06-20260922T021855Z-t17-delay40_jitter10
Normal: 40
Anomaly: 20
10cf6ac2fecd2db9cd311a02d721efd2e1c333747ba71cdbf013a47ea28a50b5  /home/chand/otshield-bench/evidence/v06/20260922T021855Z/trial-17/delay40_jitter10/protocol.json
NETEM:
qdisc netem 80f7: root refcnt 13 limit 1000 delay 40ms  10ms seed 10502306040377470449
NORMAL tid=01 addr=0 fc=0x03
NORMAL tid=02 addr=1 fc=0x03
NORMAL tid=03 addr=2 fc=0x03
NORMAL tid=04 addr=3 fc=0x03
NORMAL tid=05 addr=4 fc=0x03
NORMAL tid=06 addr=5 fc=0x03
NORMAL tid=07 addr=6 fc=0x03
NORMAL tid=08 addr=7 fc=0x03
NORMAL tid=09 addr=8 fc=0x03
NORMAL tid=10 addr=9 fc=0x03
NORMAL tid=11 addr=0 fc=0x03
NORMAL tid=12 addr=1 fc=0x03
NORMAL tid=13 addr=2 fc=0x03
NORMAL tid=14 addr=3 fc=0x03
NORMAL tid=15 addr=4 fc=0x03
NORMAL tid=16 addr=5 fc=0x03
NORMAL tid=17 addr=6 fc=0x03
NORMAL tid=18 addr=7 fc=0x03
NORMAL tid=19 addr=8 fc=0x03
NORMAL tid=20 addr=9 fc=0x03
BURST tid=21 addr=0 fc=0x03
BURST tid=22 addr=1 fc=0x03
BURST tid=23 addr=2 fc=0x03
BURST tid=24 addr=3 fc=0x03
BURST tid=25 addr=4 fc=0x03
BURST tid=26 addr=5 fc=0x03
BURST tid=27 addr=6 fc=0x03
BURST tid=28 addr=7 fc=0x03
BURST tid=29 addr=8 fc=0x03
BURST tid=30 addr=9 fc=0x03
BURST tid=31 addr=0 fc=0x03
BURST tid=32 addr=1 fc=0x03
BURST tid=33 addr=2 fc=0x03
BURST tid=34 addr=3 fc=0x03
BURST tid=35 addr=4 fc=0x03
BURST tid=36 addr=5 fc=0x03
BURST tid=37 addr=6 fc=0x03
BURST tid=38 addr=7 fc=0x03
BURST tid=39 addr=8 fc=0x03
BURST tid=40 addr=9 fc=0x03
NORMAL tid=41 addr=0 fc=0x03
NORMAL tid=42 addr=1 fc=0x03
NORMAL tid=43 addr=2 fc=0x03
NORMAL tid=44 addr=3 fc=0x03
NORMAL tid=45 addr=4 fc=0x03
NORMAL tid=46 addr=5 fc=0x03
NORMAL tid=47 addr=6 fc=0x03
NORMAL tid=48 addr=7 fc=0x03
NORMAL tid=49 addr=8 fc=0x03
NORMAL tid=50 addr=9 fc=0x03
NORMAL tid=51 addr=0 fc=0x03
NORMAL tid=52 addr=1 fc=0x03
NORMAL tid=53 addr=2 fc=0x03
NORMAL tid=54 addr=3 fc=0x03
NORMAL tid=55 addr=4 fc=0x03
NORMAL tid=56 addr=5 fc=0x03
NORMAL tid=57 addr=6 fc=0x03
NORMAL tid=58 addr=7 fc=0x03
NORMAL tid=59 addr=8 fc=0x03
NORMAL tid=60 addr=9 fc=0x03
REQUESTS_SUCCESSFUL=60
REQUESTS_MISSED=0

RAW PCAP:
5ded9b0535ee2095ee9866831d1296c4ba61663bbda19c6d0d3cd256671fdf4d  /home/chand/otshield-bench/evidence/v06/20260922T021855Z/trial-17/delay40_jitter10/raw.pcap
NORMALIZED_RECORDS= 60

CONDITION COMPLETE:
trial=17 condition=delay40_jitter10

----------------------------------------------
TRIAL=17
CONDITION=delay60_jitter10
DELAY=60ms
JITTER=10ms
LOSS=0%
----------------------------------------------
Predeclared: openplc-v06-20260922T021855Z-t17-delay60_jitter10
Normal: 40
Anomaly: 20
5751d7f520ed52fba0aab4d13f777f065c9bcf795b2ac7baa4f2d885e73147fb  /home/chand/otshield-bench/evidence/v06/20260922T021855Z/trial-17/delay60_jitter10/protocol.json
NETEM:
qdisc netem 80f8: root refcnt 13 limit 1000 delay 60ms  10ms seed 5847528512093659877
NORMAL tid=01 addr=0 fc=0x03
NORMAL tid=02 addr=1 fc=0x03
NORMAL tid=03 addr=2 fc=0x03
NORMAL tid=04 addr=3 fc=0x03
NORMAL tid=05 addr=4 fc=0x03
NORMAL tid=06 addr=5 fc=0x03
NORMAL tid=07 addr=6 fc=0x03
NORMAL tid=08 addr=7 fc=0x03
NORMAL tid=09 addr=8 fc=0x03
NORMAL tid=10 addr=9 fc=0x03
NORMAL tid=11 addr=0 fc=0x03
NORMAL tid=12 addr=1 fc=0x03
NORMAL tid=13 addr=2 fc=0x03
NORMAL tid=14 addr=3 fc=0x03
NORMAL tid=15 addr=4 fc=0x03
NORMAL tid=16 addr=5 fc=0x03
NORMAL tid=17 addr=6 fc=0x03
NORMAL tid=18 addr=7 fc=0x03
NORMAL tid=19 addr=8 fc=0x03
NORMAL tid=20 addr=9 fc=0x03
BURST tid=21 addr=0 fc=0x03
BURST tid=22 addr=1 fc=0x03
BURST tid=23 addr=2 fc=0x03
BURST tid=24 addr=3 fc=0x03
BURST tid=25 addr=4 fc=0x03
BURST tid=26 addr=5 fc=0x03
BURST tid=27 addr=6 fc=0x03
BURST tid=28 addr=7 fc=0x03
BURST tid=29 addr=8 fc=0x03
BURST tid=30 addr=9 fc=0x03
BURST tid=31 addr=0 fc=0x03
BURST tid=32 addr=1 fc=0x03
BURST tid=33 addr=2 fc=0x03
BURST tid=34 addr=3 fc=0x03
BURST tid=35 addr=4 fc=0x03
BURST tid=36 addr=5 fc=0x03
BURST tid=37 addr=6 fc=0x03
BURST tid=38 addr=7 fc=0x03
BURST tid=39 addr=8 fc=0x03
BURST tid=40 addr=9 fc=0x03
NORMAL tid=41 addr=0 fc=0x03
NORMAL tid=42 addr=1 fc=0x03
NORMAL tid=43 addr=2 fc=0x03
NORMAL tid=44 addr=3 fc=0x03
NORMAL tid=45 addr=4 fc=0x03
NORMAL tid=46 addr=5 fc=0x03
NORMAL tid=47 addr=6 fc=0x03
NORMAL tid=48 addr=7 fc=0x03
NORMAL tid=49 addr=8 fc=0x03
NORMAL tid=50 addr=9 fc=0x03
NORMAL tid=51 addr=0 fc=0x03
NORMAL tid=52 addr=1 fc=0x03
NORMAL tid=53 addr=2 fc=0x03
NORMAL tid=54 addr=3 fc=0x03
NORMAL tid=55 addr=4 fc=0x03
NORMAL tid=56 addr=5 fc=0x03
NORMAL tid=57 addr=6 fc=0x03
NORMAL tid=58 addr=7 fc=0x03
NORMAL tid=59 addr=8 fc=0x03
NORMAL tid=60 addr=9 fc=0x03
REQUESTS_SUCCESSFUL=60
REQUESTS_MISSED=0

RAW PCAP:
85ac11f99e94fccb0d067e1f2b98b7d0fcf1a241925d16ee0343297ee6173337  /home/chand/otshield-bench/evidence/v06/20260922T021855Z/trial-17/delay60_jitter10/raw.pcap
NORMALIZED_RECORDS= 60

CONDITION COMPLETE:
trial=17 condition=delay60_jitter10

----------------------------------------------
TRIAL=17
CONDITION=clean
DELAY=0ms
JITTER=0ms
LOSS=0%
----------------------------------------------
Predeclared: openplc-v06-20260922T021855Z-t17-clean
Normal: 40
Anomaly: 20
29067aaf60bf97e7aa57f5d10a15ef52382777192fa34e1dfe2914b147d65efa  /home/chand/otshield-bench/evidence/v06/20260922T021855Z/trial-17/clean/protocol.json
NETEM: clean
NORMAL tid=01 addr=0 fc=0x03
NORMAL tid=02 addr=1 fc=0x03
NORMAL tid=03 addr=2 fc=0x03
NORMAL tid=04 addr=3 fc=0x03
NORMAL tid=05 addr=4 fc=0x03
NORMAL tid=06 addr=5 fc=0x03
NORMAL tid=07 addr=6 fc=0x03
NORMAL tid=08 addr=7 fc=0x03
NORMAL tid=09 addr=8 fc=0x03
NORMAL tid=10 addr=9 fc=0x03
NORMAL tid=11 addr=0 fc=0x03
NORMAL tid=12 addr=1 fc=0x03
NORMAL tid=13 addr=2 fc=0x03
NORMAL tid=14 addr=3 fc=0x03
NORMAL tid=15 addr=4 fc=0x03
NORMAL tid=16 addr=5 fc=0x03
NORMAL tid=17 addr=6 fc=0x03
NORMAL tid=18 addr=7 fc=0x03
NORMAL tid=19 addr=8 fc=0x03
NORMAL tid=20 addr=9 fc=0x03
BURST tid=21 addr=0 fc=0x03
BURST tid=22 addr=1 fc=0x03
BURST tid=23 addr=2 fc=0x03
BURST tid=24 addr=3 fc=0x03
BURST tid=25 addr=4 fc=0x03
BURST tid=26 addr=5 fc=0x03
BURST tid=27 addr=6 fc=0x03
BURST tid=28 addr=7 fc=0x03
BURST tid=29 addr=8 fc=0x03
BURST tid=30 addr=9 fc=0x03
BURST tid=31 addr=0 fc=0x03
BURST tid=32 addr=1 fc=0x03
BURST tid=33 addr=2 fc=0x03
BURST tid=34 addr=3 fc=0x03
BURST tid=35 addr=4 fc=0x03
BURST tid=36 addr=5 fc=0x03
BURST tid=37 addr=6 fc=0x03
BURST tid=38 addr=7 fc=0x03
BURST tid=39 addr=8 fc=0x03
BURST tid=40 addr=9 fc=0x03
NORMAL tid=41 addr=0 fc=0x03
NORMAL tid=42 addr=1 fc=0x03
NORMAL tid=43 addr=2 fc=0x03
NORMAL tid=44 addr=3 fc=0x03
NORMAL tid=45 addr=4 fc=0x03
NORMAL tid=46 addr=5 fc=0x03
NORMAL tid=47 addr=6 fc=0x03
NORMAL tid=48 addr=7 fc=0x03
NORMAL tid=49 addr=8 fc=0x03
NORMAL tid=50 addr=9 fc=0x03
NORMAL tid=51 addr=0 fc=0x03
NORMAL tid=52 addr=1 fc=0x03
NORMAL tid=53 addr=2 fc=0x03
NORMAL tid=54 addr=3 fc=0x03
NORMAL tid=55 addr=4 fc=0x03
NORMAL tid=56 addr=5 fc=0x03
NORMAL tid=57 addr=6 fc=0x03
NORMAL tid=58 addr=7 fc=0x03
NORMAL tid=59 addr=8 fc=0x03
NORMAL tid=60 addr=9 fc=0x03
REQUESTS_SUCCESSFUL=60
REQUESTS_MISSED=0

RAW PCAP:
29a63a73ca5f247608f6f0dbf66eb3b8ce24cb5d459e1525818c3fd54b88397a  /home/chand/otshield-bench/evidence/v06/20260922T021855Z/trial-17/clean/raw.pcap
NORMALIZED_RECORDS= 60

CONDITION COMPLETE:
trial=17 condition=clean

TRIAL 17 COMPLETE

##############################################
TRIAL 18 / 25
##############################################
 Network docker_otshield-ics-net Creating 
 Network docker_otshield-ics-net Creating 
 Network docker_otshield-ics-net Created 
 Network docker_otshield-ics-net Created 
 Container otshield-openplc Creating 
 Container otshield-openplc Created 
 Container otshield-openplc Starting 
 Container otshield-openplc Started 
OpenPLC: starting
OpenPLC: healthy
OPENPLC_EXPECTED_ID=2a59b807d6a74bfc1f8bef9b5ab7f0bf5f27873fadfb3da78b350bd22328a113
Network: docker_otshield-ics-net
Image: fortiphyd/grfics-plc:latest
Image ID: sha256:364461af6d7b56563fa6fdc6a296a2dfa6530caf07ea736bbc9a71701a360919

----------------------------------------------
TRIAL=18
CONDITION=delay20_jitter5_loss5
DELAY=20ms
JITTER=5ms
LOSS=5%
----------------------------------------------
Predeclared: openplc-v06-20260922T021855Z-t18-delay20_jitter5_loss5
Normal: 40
Anomaly: 20
0cf52c8ef669e16d32b37a94d25f405722584bfad3b35e346a485b61ffd1c7ab  /home/chand/otshield-bench/evidence/v06/20260922T021855Z/trial-18/delay20_jitter5_loss5/protocol.json
NETEM:
qdisc netem 80f9: root refcnt 13 limit 1000 delay 20ms  5ms loss 5% seed 7373675097468689451
NORMAL tid=01 addr=0 fc=0x03
NORMAL tid=02 addr=1 fc=0x03
NORMAL tid=03 addr=2 fc=0x03
NORMAL tid=04 addr=3 fc=0x03
NORMAL tid=05 addr=4 fc=0x03
NORMAL tid=06 addr=5 fc=0x03
NORMAL tid=07 addr=6 fc=0x03
NORMAL tid=08 addr=7 fc=0x03
NORMAL tid=09 addr=8 fc=0x03
NORMAL tid=10 addr=9 fc=0x03
NORMAL tid=11 addr=0 fc=0x03
NORMAL tid=12 addr=1 fc=0x03
NORMAL tid=13 addr=2 fc=0x03
NORMAL tid=14 addr=3 fc=0x03
NORMAL tid=15 addr=4 fc=0x03
NORMAL tid=16 addr=5 fc=0x03
NORMAL tid=17 addr=6 fc=0x03
NORMAL tid=18 addr=7 fc=0x03
NORMAL tid=19 addr=8 fc=0x03
NORMAL tid=20 addr=9 fc=0x03
BURST tid=21 addr=0 fc=0x03
BURST tid=22 addr=1 fc=0x03
BURST tid=23 addr=2 fc=0x03
BURST tid=24 addr=3 fc=0x03
BURST tid=25 addr=4 fc=0x03
BURST tid=26 addr=5 fc=0x03
BURST tid=27 addr=6 fc=0x03
BURST tid=28 addr=7 fc=0x03
BURST tid=29 addr=8 fc=0x03
BURST tid=30 addr=9 fc=0x03
BURST tid=31 addr=0 fc=0x03
BURST tid=32 addr=1 fc=0x03
BURST tid=33 addr=2 fc=0x03
BURST tid=34 addr=3 fc=0x03
BURST tid=35 addr=4 fc=0x03
BURST tid=36 addr=5 fc=0x03
BURST tid=37 addr=6 fc=0x03
BURST tid=38 addr=7 fc=0x03
BURST tid=39 addr=8 fc=0x03
BURST tid=40 addr=9 fc=0x03
NORMAL tid=41 addr=0 fc=0x03
NORMAL tid=42 addr=1 fc=0x03
NORMAL tid=43 addr=2 fc=0x03
NORMAL tid=44 addr=3 fc=0x03
NORMAL tid=45 addr=4 fc=0x03
NORMAL tid=46 addr=5 fc=0x03
NORMAL tid=47 addr=6 fc=0x03
NORMAL tid=48 addr=7 fc=0x03
NORMAL tid=49 addr=8 fc=0x03
NORMAL tid=50 addr=9 fc=0x03
NORMAL tid=51 addr=0 fc=0x03
NORMAL tid=52 addr=1 fc=0x03
NORMAL tid=53 addr=2 fc=0x03
NORMAL tid=54 addr=3 fc=0x03
NORMAL tid=55 addr=4 fc=0x03
NORMAL tid=56 addr=5 fc=0x03
NORMAL tid=57 addr=6 fc=0x03
NORMAL tid=58 addr=7 fc=0x03
NORMAL tid=59 addr=8 fc=0x03
NORMAL tid=60 addr=9 fc=0x03
REQUESTS_SUCCESSFUL=60
REQUESTS_MISSED=0

RAW PCAP:
6928e51cabea6e172456a096aa93652bcefea131a7ec14edf906b84cf0f49ccf  /home/chand/otshield-bench/evidence/v06/20260922T021855Z/trial-18/delay20_jitter5_loss5/raw.pcap
NORMALIZED_RECORDS= 60

CONDITION COMPLETE:
trial=18 condition=delay20_jitter5_loss5

----------------------------------------------
TRIAL=18
CONDITION=delay40_jitter10
DELAY=40ms
JITTER=10ms
LOSS=0%
----------------------------------------------
Predeclared: openplc-v06-20260922T021855Z-t18-delay40_jitter10
Normal: 40
Anomaly: 20
0b775971e6e4a36febec7d08dcd79e415a5cb097d5ee0da13289c859e2def7eb  /home/chand/otshield-bench/evidence/v06/20260922T021855Z/trial-18/delay40_jitter10/protocol.json
NETEM:
qdisc netem 80fa: root refcnt 13 limit 1000 delay 40ms  10ms seed 8828045917309795443
NORMAL tid=01 addr=0 fc=0x03
NORMAL tid=02 addr=1 fc=0x03
NORMAL tid=03 addr=2 fc=0x03
NORMAL tid=04 addr=3 fc=0x03
NORMAL tid=05 addr=4 fc=0x03
NORMAL tid=06 addr=5 fc=0x03
NORMAL tid=07 addr=6 fc=0x03
NORMAL tid=08 addr=7 fc=0x03
NORMAL tid=09 addr=8 fc=0x03
NORMAL tid=10 addr=9 fc=0x03
NORMAL tid=11 addr=0 fc=0x03
NORMAL tid=12 addr=1 fc=0x03
NORMAL tid=13 addr=2 fc=0x03
NORMAL tid=14 addr=3 fc=0x03
NORMAL tid=15 addr=4 fc=0x03
NORMAL tid=16 addr=5 fc=0x03
NORMAL tid=17 addr=6 fc=0x03
NORMAL tid=18 addr=7 fc=0x03
NORMAL tid=19 addr=8 fc=0x03
NORMAL tid=20 addr=9 fc=0x03
BURST tid=21 addr=0 fc=0x03
BURST tid=22 addr=1 fc=0x03
BURST tid=23 addr=2 fc=0x03
BURST tid=24 addr=3 fc=0x03
BURST tid=25 addr=4 fc=0x03
BURST tid=26 addr=5 fc=0x03
BURST tid=27 addr=6 fc=0x03
BURST tid=28 addr=7 fc=0x03
BURST tid=29 addr=8 fc=0x03
BURST tid=30 addr=9 fc=0x03
BURST tid=31 addr=0 fc=0x03
BURST tid=32 addr=1 fc=0x03
BURST tid=33 addr=2 fc=0x03
BURST tid=34 addr=3 fc=0x03
BURST tid=35 addr=4 fc=0x03
BURST tid=36 addr=5 fc=0x03
BURST tid=37 addr=6 fc=0x03
BURST tid=38 addr=7 fc=0x03
BURST tid=39 addr=8 fc=0x03
BURST tid=40 addr=9 fc=0x03
NORMAL tid=41 addr=0 fc=0x03
NORMAL tid=42 addr=1 fc=0x03
NORMAL tid=43 addr=2 fc=0x03
NORMAL tid=44 addr=3 fc=0x03
NORMAL tid=45 addr=4 fc=0x03
NORMAL tid=46 addr=5 fc=0x03
NORMAL tid=47 addr=6 fc=0x03
NORMAL tid=48 addr=7 fc=0x03
NORMAL tid=49 addr=8 fc=0x03
NORMAL tid=50 addr=9 fc=0x03
NORMAL tid=51 addr=0 fc=0x03
NORMAL tid=52 addr=1 fc=0x03
NORMAL tid=53 addr=2 fc=0x03
NORMAL tid=54 addr=3 fc=0x03
NORMAL tid=55 addr=4 fc=0x03
NORMAL tid=56 addr=5 fc=0x03
NORMAL tid=57 addr=6 fc=0x03
NORMAL tid=58 addr=7 fc=0x03
NORMAL tid=59 addr=8 fc=0x03
NORMAL tid=60 addr=9 fc=0x03
REQUESTS_SUCCESSFUL=60
REQUESTS_MISSED=0

RAW PCAP:
74056ca457cb963359eaac9e7c4e54da908ceb57aefd4806a80b972a1e3c96cd  /home/chand/otshield-bench/evidence/v06/20260922T021855Z/trial-18/delay40_jitter10/raw.pcap
NORMALIZED_RECORDS= 60

CONDITION COMPLETE:
trial=18 condition=delay40_jitter10

----------------------------------------------
TRIAL=18
CONDITION=delay60_jitter10
DELAY=60ms
JITTER=10ms
LOSS=0%
----------------------------------------------
Predeclared: openplc-v06-20260922T021855Z-t18-delay60_jitter10
Normal: 40
Anomaly: 20
b35b903bf6d4083db8cd9ce882b338a08f060ac56fc12b62191b215349080451  /home/chand/otshield-bench/evidence/v06/20260922T021855Z/trial-18/delay60_jitter10/protocol.json
NETEM:
qdisc netem 80fb: root refcnt 13 limit 1000 delay 60ms  10ms seed 9219119153406745742
NORMAL tid=01 addr=0 fc=0x03
NORMAL tid=02 addr=1 fc=0x03
NORMAL tid=03 addr=2 fc=0x03
NORMAL tid=04 addr=3 fc=0x03
NORMAL tid=05 addr=4 fc=0x03
NORMAL tid=06 addr=5 fc=0x03
NORMAL tid=07 addr=6 fc=0x03
NORMAL tid=08 addr=7 fc=0x03
NORMAL tid=09 addr=8 fc=0x03
NORMAL tid=10 addr=9 fc=0x03
NORMAL tid=11 addr=0 fc=0x03
NORMAL tid=12 addr=1 fc=0x03
NORMAL tid=13 addr=2 fc=0x03
NORMAL tid=14 addr=3 fc=0x03
NORMAL tid=15 addr=4 fc=0x03
NORMAL tid=16 addr=5 fc=0x03
NORMAL tid=17 addr=6 fc=0x03
NORMAL tid=18 addr=7 fc=0x03
NORMAL tid=19 addr=8 fc=0x03
NORMAL tid=20 addr=9 fc=0x03
BURST tid=21 addr=0 fc=0x03
BURST tid=22 addr=1 fc=0x03
BURST tid=23 addr=2 fc=0x03
BURST tid=24 addr=3 fc=0x03
BURST tid=25 addr=4 fc=0x03
BURST tid=26 addr=5 fc=0x03
BURST tid=27 addr=6 fc=0x03
BURST tid=28 addr=7 fc=0x03
BURST tid=29 addr=8 fc=0x03
BURST tid=30 addr=9 fc=0x03
BURST tid=31 addr=0 fc=0x03
BURST tid=32 addr=1 fc=0x03
BURST tid=33 addr=2 fc=0x03
BURST tid=34 addr=3 fc=0x03
BURST tid=35 addr=4 fc=0x03
BURST tid=36 addr=5 fc=0x03
BURST tid=37 addr=6 fc=0x03
BURST tid=38 addr=7 fc=0x03
BURST tid=39 addr=8 fc=0x03
BURST tid=40 addr=9 fc=0x03
NORMAL tid=41 addr=0 fc=0x03
NORMAL tid=42 addr=1 fc=0x03
NORMAL tid=43 addr=2 fc=0x03
NORMAL tid=44 addr=3 fc=0x03
NORMAL tid=45 addr=4 fc=0x03
NORMAL tid=46 addr=5 fc=0x03
NORMAL tid=47 addr=6 fc=0x03
NORMAL tid=48 addr=7 fc=0x03
NORMAL tid=49 addr=8 fc=0x03
NORMAL tid=50 addr=9 fc=0x03
NORMAL tid=51 addr=0 fc=0x03
NORMAL tid=52 addr=1 fc=0x03
NORMAL tid=53 addr=2 fc=0x03
NORMAL tid=54 addr=3 fc=0x03
NORMAL tid=55 addr=4 fc=0x03
NORMAL tid=56 addr=5 fc=0x03
NORMAL tid=57 addr=6 fc=0x03
NORMAL tid=58 addr=7 fc=0x03
NORMAL tid=59 addr=8 fc=0x03
NORMAL tid=60 addr=9 fc=0x03
REQUESTS_SUCCESSFUL=60
REQUESTS_MISSED=0

RAW PCAP:
7005e05cdaaf6f919f23005d6c1ae0ea8e4cdf1df3bc5bac45af4a64978d80b8  /home/chand/otshield-bench/evidence/v06/20260922T021855Z/trial-18/delay60_jitter10/raw.pcap
NORMALIZED_RECORDS= 60

CONDITION COMPLETE:
trial=18 condition=delay60_jitter10

----------------------------------------------
TRIAL=18
CONDITION=clean
DELAY=0ms
JITTER=0ms
LOSS=0%
----------------------------------------------
Predeclared: openplc-v06-20260922T021855Z-t18-clean
Normal: 40
Anomaly: 20
5248f35f5d623e45ff4fed1954ceb96f242eb3a644bc385517ff7d4230c72cd7  /home/chand/otshield-bench/evidence/v06/20260922T021855Z/trial-18/clean/protocol.json
NETEM: clean
NORMAL tid=01 addr=0 fc=0x03
NORMAL tid=02 addr=1 fc=0x03
NORMAL tid=03 addr=2 fc=0x03
NORMAL tid=04 addr=3 fc=0x03
NORMAL tid=05 addr=4 fc=0x03
NORMAL tid=06 addr=5 fc=0x03
NORMAL tid=07 addr=6 fc=0x03
NORMAL tid=08 addr=7 fc=0x03
NORMAL tid=09 addr=8 fc=0x03
NORMAL tid=10 addr=9 fc=0x03
NORMAL tid=11 addr=0 fc=0x03
NORMAL tid=12 addr=1 fc=0x03
NORMAL tid=13 addr=2 fc=0x03
NORMAL tid=14 addr=3 fc=0x03
NORMAL tid=15 addr=4 fc=0x03
NORMAL tid=16 addr=5 fc=0x03
NORMAL tid=17 addr=6 fc=0x03
NORMAL tid=18 addr=7 fc=0x03
NORMAL tid=19 addr=8 fc=0x03
NORMAL tid=20 addr=9 fc=0x03
BURST tid=21 addr=0 fc=0x03
BURST tid=22 addr=1 fc=0x03
BURST tid=23 addr=2 fc=0x03
BURST tid=24 addr=3 fc=0x03
BURST tid=25 addr=4 fc=0x03
BURST tid=26 addr=5 fc=0x03
BURST tid=27 addr=6 fc=0x03
BURST tid=28 addr=7 fc=0x03
BURST tid=29 addr=8 fc=0x03
BURST tid=30 addr=9 fc=0x03
BURST tid=31 addr=0 fc=0x03
BURST tid=32 addr=1 fc=0x03
BURST tid=33 addr=2 fc=0x03
BURST tid=34 addr=3 fc=0x03
BURST tid=35 addr=4 fc=0x03
BURST tid=36 addr=5 fc=0x03
BURST tid=37 addr=6 fc=0x03
BURST tid=38 addr=7 fc=0x03
BURST tid=39 addr=8 fc=0x03
BURST tid=40 addr=9 fc=0x03
NORMAL tid=41 addr=0 fc=0x03
NORMAL tid=42 addr=1 fc=0x03
NORMAL tid=43 addr=2 fc=0x03
NORMAL tid=44 addr=3 fc=0x03
NORMAL tid=45 addr=4 fc=0x03
NORMAL tid=46 addr=5 fc=0x03
NORMAL tid=47 addr=6 fc=0x03
NORMAL tid=48 addr=7 fc=0x03
NORMAL tid=49 addr=8 fc=0x03
NORMAL tid=50 addr=9 fc=0x03
NORMAL tid=51 addr=0 fc=0x03
NORMAL tid=52 addr=1 fc=0x03
NORMAL tid=53 addr=2 fc=0x03
NORMAL tid=54 addr=3 fc=0x03
NORMAL tid=55 addr=4 fc=0x03
NORMAL tid=56 addr=5 fc=0x03
NORMAL tid=57 addr=6 fc=0x03
NORMAL tid=58 addr=7 fc=0x03
NORMAL tid=59 addr=8 fc=0x03
NORMAL tid=60 addr=9 fc=0x03
REQUESTS_SUCCESSFUL=60
REQUESTS_MISSED=0

RAW PCAP:
bf7b4aef98c37ade7677d9dc74631b248d672a795bb1bbf653051df644f50fbd  /home/chand/otshield-bench/evidence/v06/20260922T021855Z/trial-18/clean/raw.pcap
NORMALIZED_RECORDS= 60

CONDITION COMPLETE:
trial=18 condition=clean

----------------------------------------------
TRIAL=18
CONDITION=delay20
DELAY=20ms
JITTER=0ms
LOSS=0%
----------------------------------------------
Predeclared: openplc-v06-20260922T021855Z-t18-delay20
Normal: 40
Anomaly: 20
c01b13fbddaf6846f5732aba12cb31548f765cc8e3278480c9e6b6e41bce0e6a  /home/chand/otshield-bench/evidence/v06/20260922T021855Z/trial-18/delay20/protocol.json
NETEM:
qdisc netem 80fc: root refcnt 13 limit 1000 delay 20ms seed 10953492805371148454
NORMAL tid=01 addr=0 fc=0x03
NORMAL tid=02 addr=1 fc=0x03
NORMAL tid=03 addr=2 fc=0x03
NORMAL tid=04 addr=3 fc=0x03
NORMAL tid=05 addr=4 fc=0x03
NORMAL tid=06 addr=5 fc=0x03
NORMAL tid=07 addr=6 fc=0x03
NORMAL tid=08 addr=7 fc=0x03
NORMAL tid=09 addr=8 fc=0x03
NORMAL tid=10 addr=9 fc=0x03
NORMAL tid=11 addr=0 fc=0x03
NORMAL tid=12 addr=1 fc=0x03
NORMAL tid=13 addr=2 fc=0x03
NORMAL tid=14 addr=3 fc=0x03
NORMAL tid=15 addr=4 fc=0x03
NORMAL tid=16 addr=5 fc=0x03
NORMAL tid=17 addr=6 fc=0x03
NORMAL tid=18 addr=7 fc=0x03
NORMAL tid=19 addr=8 fc=0x03
NORMAL tid=20 addr=9 fc=0x03
BURST tid=21 addr=0 fc=0x03
BURST tid=22 addr=1 fc=0x03
BURST tid=23 addr=2 fc=0x03
BURST tid=24 addr=3 fc=0x03
BURST tid=25 addr=4 fc=0x03
BURST tid=26 addr=5 fc=0x03
BURST tid=27 addr=6 fc=0x03
BURST tid=28 addr=7 fc=0x03
BURST tid=29 addr=8 fc=0x03
BURST tid=30 addr=9 fc=0x03
BURST tid=31 addr=0 fc=0x03
BURST tid=32 addr=1 fc=0x03
BURST tid=33 addr=2 fc=0x03
BURST tid=34 addr=3 fc=0x03
BURST tid=35 addr=4 fc=0x03
BURST tid=36 addr=5 fc=0x03
BURST tid=37 addr=6 fc=0x03
BURST tid=38 addr=7 fc=0x03
BURST tid=39 addr=8 fc=0x03
BURST tid=40 addr=9 fc=0x03
NORMAL tid=41 addr=0 fc=0x03
NORMAL tid=42 addr=1 fc=0x03
NORMAL tid=43 addr=2 fc=0x03
NORMAL tid=44 addr=3 fc=0x03
NORMAL tid=45 addr=4 fc=0x03
NORMAL tid=46 addr=5 fc=0x03
NORMAL tid=47 addr=6 fc=0x03
NORMAL tid=48 addr=7 fc=0x03
NORMAL tid=49 addr=8 fc=0x03
NORMAL tid=50 addr=9 fc=0x03
NORMAL tid=51 addr=0 fc=0x03
NORMAL tid=52 addr=1 fc=0x03
NORMAL tid=53 addr=2 fc=0x03
NORMAL tid=54 addr=3 fc=0x03
NORMAL tid=55 addr=4 fc=0x03
NORMAL tid=56 addr=5 fc=0x03
NORMAL tid=57 addr=6 fc=0x03
NORMAL tid=58 addr=7 fc=0x03
NORMAL tid=59 addr=8 fc=0x03
NORMAL tid=60 addr=9 fc=0x03
REQUESTS_SUCCESSFUL=60
REQUESTS_MISSED=0

RAW PCAP:
96d0eacfe23f09321b0567db13c8ccdd0caa5881c54c300323989ee8f453abf6  /home/chand/otshield-bench/evidence/v06/20260922T021855Z/trial-18/delay20/raw.pcap
NORMALIZED_RECORDS= 60

CONDITION COMPLETE:
trial=18 condition=delay20

TRIAL 18 COMPLETE

##############################################
TRIAL 19 / 25
##############################################
 Network docker_otshield-ics-net Creating 
 Network docker_otshield-ics-net Creating 
 Network docker_otshield-ics-net Created 
 Network docker_otshield-ics-net Created 
 Container otshield-openplc Creating 
 Container otshield-openplc Created 
 Container otshield-openplc Starting 
 Container otshield-openplc Started 
OpenPLC: starting
OpenPLC: healthy
OPENPLC_EXPECTED_ID=7a2aa3aeae657182f736626e1dcc3a34edb8a743c085b32f46375a6db0326751
Network: docker_otshield-ics-net
Image: fortiphyd/grfics-plc:latest
Image ID: sha256:364461af6d7b56563fa6fdc6a296a2dfa6530caf07ea736bbc9a71701a360919

----------------------------------------------
TRIAL=19
CONDITION=delay40_jitter10
DELAY=40ms
JITTER=10ms
LOSS=0%
----------------------------------------------
Predeclared: openplc-v06-20260922T021855Z-t19-delay40_jitter10
Normal: 40
Anomaly: 20
71a71d5deda60ee5a9c6c504b3b839bc778046dc0f7d9d5f1c33e97a89c10c96  /home/chand/otshield-bench/evidence/v06/20260922T021855Z/trial-19/delay40_jitter10/protocol.json
NETEM:
qdisc netem 80fd: root refcnt 13 limit 1000 delay 40ms  10ms seed 17908243053647085759
NORMAL tid=01 addr=0 fc=0x03
NORMAL tid=02 addr=1 fc=0x03
NORMAL tid=03 addr=2 fc=0x03
NORMAL tid=04 addr=3 fc=0x03
NORMAL tid=05 addr=4 fc=0x03
NORMAL tid=06 addr=5 fc=0x03
NORMAL tid=07 addr=6 fc=0x03
NORMAL tid=08 addr=7 fc=0x03
NORMAL tid=09 addr=8 fc=0x03
NORMAL tid=10 addr=9 fc=0x03
NORMAL tid=11 addr=0 fc=0x03
NORMAL tid=12 addr=1 fc=0x03
NORMAL tid=13 addr=2 fc=0x03
NORMAL tid=14 addr=3 fc=0x03
NORMAL tid=15 addr=4 fc=0x03
NORMAL tid=16 addr=5 fc=0x03
NORMAL tid=17 addr=6 fc=0x03
NORMAL tid=18 addr=7 fc=0x03
NORMAL tid=19 addr=8 fc=0x03
NORMAL tid=20 addr=9 fc=0x03
BURST tid=21 addr=0 fc=0x03
BURST tid=22 addr=1 fc=0x03
BURST tid=23 addr=2 fc=0x03
BURST tid=24 addr=3 fc=0x03
BURST tid=25 addr=4 fc=0x03
BURST tid=26 addr=5 fc=0x03
BURST tid=27 addr=6 fc=0x03
BURST tid=28 addr=7 fc=0x03
BURST tid=29 addr=8 fc=0x03
BURST tid=30 addr=9 fc=0x03
BURST tid=31 addr=0 fc=0x03
BURST tid=32 addr=1 fc=0x03
BURST tid=33 addr=2 fc=0x03
BURST tid=34 addr=3 fc=0x03
BURST tid=35 addr=4 fc=0x03
BURST tid=36 addr=5 fc=0x03
BURST tid=37 addr=6 fc=0x03
BURST tid=38 addr=7 fc=0x03
BURST tid=39 addr=8 fc=0x03
BURST tid=40 addr=9 fc=0x03
NORMAL tid=41 addr=0 fc=0x03
NORMAL tid=42 addr=1 fc=0x03
NORMAL tid=43 addr=2 fc=0x03
NORMAL tid=44 addr=3 fc=0x03
NORMAL tid=45 addr=4 fc=0x03
NORMAL tid=46 addr=5 fc=0x03
NORMAL tid=47 addr=6 fc=0x03
NORMAL tid=48 addr=7 fc=0x03
NORMAL tid=49 addr=8 fc=0x03
NORMAL tid=50 addr=9 fc=0x03
NORMAL tid=51 addr=0 fc=0x03
NORMAL tid=52 addr=1 fc=0x03
NORMAL tid=53 addr=2 fc=0x03
NORMAL tid=54 addr=3 fc=0x03
NORMAL tid=55 addr=4 fc=0x03
NORMAL tid=56 addr=5 fc=0x03
NORMAL tid=57 addr=6 fc=0x03
NORMAL tid=58 addr=7 fc=0x03
NORMAL tid=59 addr=8 fc=0x03
NORMAL tid=60 addr=9 fc=0x03
REQUESTS_SUCCESSFUL=60
REQUESTS_MISSED=0

RAW PCAP:
5eebec730c4faba698742eeff35a2be267142aa5908702cfd5901b032cb7e455  /home/chand/otshield-bench/evidence/v06/20260922T021855Z/trial-19/delay40_jitter10/raw.pcap
NORMALIZED_RECORDS= 60

CONDITION COMPLETE:
trial=19 condition=delay40_jitter10

----------------------------------------------
TRIAL=19
CONDITION=delay60_jitter10
DELAY=60ms
JITTER=10ms
LOSS=0%
----------------------------------------------
Predeclared: openplc-v06-20260922T021855Z-t19-delay60_jitter10
Normal: 40
Anomaly: 20
b8e1f98ffd0186293820a5f78ff303d446dbc15db0f3aa81b5342dc51d2f0e89  /home/chand/otshield-bench/evidence/v06/20260922T021855Z/trial-19/delay60_jitter10/protocol.json
NETEM:
qdisc netem 80fe: root refcnt 13 limit 1000 delay 60ms  10ms seed 16231562223589246032
NORMAL tid=01 addr=0 fc=0x03
NORMAL tid=02 addr=1 fc=0x03
NORMAL tid=03 addr=2 fc=0x03
NORMAL tid=04 addr=3 fc=0x03
NORMAL tid=05 addr=4 fc=0x03
NORMAL tid=06 addr=5 fc=0x03
NORMAL tid=07 addr=6 fc=0x03
NORMAL tid=08 addr=7 fc=0x03
NORMAL tid=09 addr=8 fc=0x03
NORMAL tid=10 addr=9 fc=0x03
NORMAL tid=11 addr=0 fc=0x03
NORMAL tid=12 addr=1 fc=0x03
NORMAL tid=13 addr=2 fc=0x03
NORMAL tid=14 addr=3 fc=0x03
NORMAL tid=15 addr=4 fc=0x03
NORMAL tid=16 addr=5 fc=0x03
NORMAL tid=17 addr=6 fc=0x03
NORMAL tid=18 addr=7 fc=0x03
NORMAL tid=19 addr=8 fc=0x03
NORMAL tid=20 addr=9 fc=0x03
BURST tid=21 addr=0 fc=0x03
BURST tid=22 addr=1 fc=0x03
BURST tid=23 addr=2 fc=0x03
BURST tid=24 addr=3 fc=0x03
BURST tid=25 addr=4 fc=0x03
BURST tid=26 addr=5 fc=0x03
BURST tid=27 addr=6 fc=0x03
BURST tid=28 addr=7 fc=0x03
BURST tid=29 addr=8 fc=0x03
BURST tid=30 addr=9 fc=0x03
BURST tid=31 addr=0 fc=0x03
BURST tid=32 addr=1 fc=0x03
BURST tid=33 addr=2 fc=0x03
BURST tid=34 addr=3 fc=0x03
BURST tid=35 addr=4 fc=0x03
BURST tid=36 addr=5 fc=0x03
BURST tid=37 addr=6 fc=0x03
BURST tid=38 addr=7 fc=0x03
BURST tid=39 addr=8 fc=0x03
BURST tid=40 addr=9 fc=0x03
NORMAL tid=41 addr=0 fc=0x03
NORMAL tid=42 addr=1 fc=0x03
NORMAL tid=43 addr=2 fc=0x03
NORMAL tid=44 addr=3 fc=0x03
NORMAL tid=45 addr=4 fc=0x03
NORMAL tid=46 addr=5 fc=0x03
NORMAL tid=47 addr=6 fc=0x03
NORMAL tid=48 addr=7 fc=0x03
NORMAL tid=49 addr=8 fc=0x03
NORMAL tid=50 addr=9 fc=0x03
NORMAL tid=51 addr=0 fc=0x03
NORMAL tid=52 addr=1 fc=0x03
NORMAL tid=53 addr=2 fc=0x03
NORMAL tid=54 addr=3 fc=0x03
NORMAL tid=55 addr=4 fc=0x03
NORMAL tid=56 addr=5 fc=0x03
NORMAL tid=57 addr=6 fc=0x03
NORMAL tid=58 addr=7 fc=0x03
NORMAL tid=59 addr=8 fc=0x03
NORMAL tid=60 addr=9 fc=0x03
REQUESTS_SUCCESSFUL=60
REQUESTS_MISSED=0

RAW PCAP:
5665fffbd55288c6b30b6480355117e75b973a8ad18d7e0ee5cc3abce84769e7  /home/chand/otshield-bench/evidence/v06/20260922T021855Z/trial-19/delay60_jitter10/raw.pcap
NORMALIZED_RECORDS= 60

CONDITION COMPLETE:
trial=19 condition=delay60_jitter10

----------------------------------------------
TRIAL=19
CONDITION=clean
DELAY=0ms
JITTER=0ms
LOSS=0%
----------------------------------------------
Predeclared: openplc-v06-20260922T021855Z-t19-clean
Normal: 40
Anomaly: 20
d9e21692aafd30ac3b7db21b153bbac0e36a920866a2a9c370d2097d390e3f85  /home/chand/otshield-bench/evidence/v06/20260922T021855Z/trial-19/clean/protocol.json
NETEM: clean
NORMAL tid=01 addr=0 fc=0x03
NORMAL tid=02 addr=1 fc=0x03
NORMAL tid=03 addr=2 fc=0x03
NORMAL tid=04 addr=3 fc=0x03
NORMAL tid=05 addr=4 fc=0x03
NORMAL tid=06 addr=5 fc=0x03
NORMAL tid=07 addr=6 fc=0x03
NORMAL tid=08 addr=7 fc=0x03
NORMAL tid=09 addr=8 fc=0x03
NORMAL tid=10 addr=9 fc=0x03
NORMAL tid=11 addr=0 fc=0x03
NORMAL tid=12 addr=1 fc=0x03
NORMAL tid=13 addr=2 fc=0x03
NORMAL tid=14 addr=3 fc=0x03
NORMAL tid=15 addr=4 fc=0x03
NORMAL tid=16 addr=5 fc=0x03
NORMAL tid=17 addr=6 fc=0x03
NORMAL tid=18 addr=7 fc=0x03
NORMAL tid=19 addr=8 fc=0x03
NORMAL tid=20 addr=9 fc=0x03
BURST tid=21 addr=0 fc=0x03
BURST tid=22 addr=1 fc=0x03
BURST tid=23 addr=2 fc=0x03
BURST tid=24 addr=3 fc=0x03
BURST tid=25 addr=4 fc=0x03
BURST tid=26 addr=5 fc=0x03
BURST tid=27 addr=6 fc=0x03
BURST tid=28 addr=7 fc=0x03
BURST tid=29 addr=8 fc=0x03
BURST tid=30 addr=9 fc=0x03
BURST tid=31 addr=0 fc=0x03
BURST tid=32 addr=1 fc=0x03
BURST tid=33 addr=2 fc=0x03
BURST tid=34 addr=3 fc=0x03
BURST tid=35 addr=4 fc=0x03
BURST tid=36 addr=5 fc=0x03
BURST tid=37 addr=6 fc=0x03
BURST tid=38 addr=7 fc=0x03
BURST tid=39 addr=8 fc=0x03
BURST tid=40 addr=9 fc=0x03
NORMAL tid=41 addr=0 fc=0x03
NORMAL tid=42 addr=1 fc=0x03
NORMAL tid=43 addr=2 fc=0x03
NORMAL tid=44 addr=3 fc=0x03
NORMAL tid=45 addr=4 fc=0x03
NORMAL tid=46 addr=5 fc=0x03
NORMAL tid=47 addr=6 fc=0x03
NORMAL tid=48 addr=7 fc=0x03
NORMAL tid=49 addr=8 fc=0x03
NORMAL tid=50 addr=9 fc=0x03
NORMAL tid=51 addr=0 fc=0x03
NORMAL tid=52 addr=1 fc=0x03
NORMAL tid=53 addr=2 fc=0x03
NORMAL tid=54 addr=3 fc=0x03
NORMAL tid=55 addr=4 fc=0x03
NORMAL tid=56 addr=5 fc=0x03
NORMAL tid=57 addr=6 fc=0x03
NORMAL tid=58 addr=7 fc=0x03
NORMAL tid=59 addr=8 fc=0x03
NORMAL tid=60 addr=9 fc=0x03
REQUESTS_SUCCESSFUL=60
REQUESTS_MISSED=0

RAW PCAP:
3e3e97eafb8742565787813cdf2bb1cb93334c6a1a47f503171896cc525ccd8b  /home/chand/otshield-bench/evidence/v06/20260922T021855Z/trial-19/clean/raw.pcap
NORMALIZED_RECORDS= 60

CONDITION COMPLETE:
trial=19 condition=clean

----------------------------------------------
TRIAL=19
CONDITION=delay20
DELAY=20ms
JITTER=0ms
LOSS=0%
----------------------------------------------
Predeclared: openplc-v06-20260922T021855Z-t19-delay20
Normal: 40
Anomaly: 20
c5b6c5b7d7356b8935be2ecf2e1b9dd341972c8f080aca752db4d3fb654d62a5  /home/chand/otshield-bench/evidence/v06/20260922T021855Z/trial-19/delay20/protocol.json
NETEM:
qdisc netem 80ff: root refcnt 13 limit 1000 delay 20ms seed 10250114600799388390
NORMAL tid=01 addr=0 fc=0x03
NORMAL tid=02 addr=1 fc=0x03
NORMAL tid=03 addr=2 fc=0x03
NORMAL tid=04 addr=3 fc=0x03
NORMAL tid=05 addr=4 fc=0x03
NORMAL tid=06 addr=5 fc=0x03
NORMAL tid=07 addr=6 fc=0x03
NORMAL tid=08 addr=7 fc=0x03
NORMAL tid=09 addr=8 fc=0x03
NORMAL tid=10 addr=9 fc=0x03
NORMAL tid=11 addr=0 fc=0x03
NORMAL tid=12 addr=1 fc=0x03
NORMAL tid=13 addr=2 fc=0x03
NORMAL tid=14 addr=3 fc=0x03
NORMAL tid=15 addr=4 fc=0x03
NORMAL tid=16 addr=5 fc=0x03
NORMAL tid=17 addr=6 fc=0x03
NORMAL tid=18 addr=7 fc=0x03
NORMAL tid=19 addr=8 fc=0x03
NORMAL tid=20 addr=9 fc=0x03
BURST tid=21 addr=0 fc=0x03
BURST tid=22 addr=1 fc=0x03
BURST tid=23 addr=2 fc=0x03
BURST tid=24 addr=3 fc=0x03
BURST tid=25 addr=4 fc=0x03
BURST tid=26 addr=5 fc=0x03
BURST tid=27 addr=6 fc=0x03
BURST tid=28 addr=7 fc=0x03
BURST tid=29 addr=8 fc=0x03
BURST tid=30 addr=9 fc=0x03
BURST tid=31 addr=0 fc=0x03
BURST tid=32 addr=1 fc=0x03
BURST tid=33 addr=2 fc=0x03
BURST tid=34 addr=3 fc=0x03
BURST tid=35 addr=4 fc=0x03
BURST tid=36 addr=5 fc=0x03
BURST tid=37 addr=6 fc=0x03
BURST tid=38 addr=7 fc=0x03
BURST tid=39 addr=8 fc=0x03
BURST tid=40 addr=9 fc=0x03
NORMAL tid=41 addr=0 fc=0x03
NORMAL tid=42 addr=1 fc=0x03
NORMAL tid=43 addr=2 fc=0x03
NORMAL tid=44 addr=3 fc=0x03
NORMAL tid=45 addr=4 fc=0x03
NORMAL tid=46 addr=5 fc=0x03
NORMAL tid=47 addr=6 fc=0x03
NORMAL tid=48 addr=7 fc=0x03
NORMAL tid=49 addr=8 fc=0x03
NORMAL tid=50 addr=9 fc=0x03
NORMAL tid=51 addr=0 fc=0x03
NORMAL tid=52 addr=1 fc=0x03
NORMAL tid=53 addr=2 fc=0x03
NORMAL tid=54 addr=3 fc=0x03
NORMAL tid=55 addr=4 fc=0x03
NORMAL tid=56 addr=5 fc=0x03
NORMAL tid=57 addr=6 fc=0x03
NORMAL tid=58 addr=7 fc=0x03
NORMAL tid=59 addr=8 fc=0x03
NORMAL tid=60 addr=9 fc=0x03
REQUESTS_SUCCESSFUL=60
REQUESTS_MISSED=0

RAW PCAP:
2bbfaa9efcbe647826aaa2da484bd77a790d251092e14d75a7f8446cd0646767  /home/chand/otshield-bench/evidence/v06/20260922T021855Z/trial-19/delay20/raw.pcap
NORMALIZED_RECORDS= 60

CONDITION COMPLETE:
trial=19 condition=delay20

----------------------------------------------
TRIAL=19
CONDITION=delay20_jitter5_loss5
DELAY=20ms
JITTER=5ms
LOSS=5%
----------------------------------------------
Predeclared: openplc-v06-20260922T021855Z-t19-delay20_jitter5_loss5
Normal: 40
Anomaly: 20
6e22b998c0af370639b047af138a124516e80c63025eb983f81b39e4babdb87a  /home/chand/otshield-bench/evidence/v06/20260922T021855Z/trial-19/delay20_jitter5_loss5/protocol.json
NETEM:
qdisc netem 8100: root refcnt 13 limit 1000 delay 20ms  5ms loss 5% seed 6571714199664037230
NORMAL tid=01 addr=0 fc=0x03
NORMAL tid=02 addr=1 fc=0x03
NORMAL tid=03 addr=2 fc=0x03
NORMAL tid=04 addr=3 fc=0x03
NORMAL tid=05 addr=4 fc=0x03
NORMAL tid=06 addr=5 fc=0x03
NORMAL tid=07 addr=6 fc=0x03
NORMAL tid=08 addr=7 fc=0x03
NORMAL tid=09 addr=8 fc=0x03
NORMAL tid=10 addr=9 fc=0x03
NORMAL tid=11 addr=0 fc=0x03
NORMAL tid=12 addr=1 fc=0x03
NORMAL tid=13 addr=2 fc=0x03
NORMAL tid=14 addr=3 fc=0x03
NORMAL tid=15 addr=4 fc=0x03
NORMAL tid=16 addr=5 fc=0x03
NORMAL tid=17 addr=6 fc=0x03
NORMAL tid=18 addr=7 fc=0x03
NORMAL tid=19 addr=8 fc=0x03
NORMAL tid=20 addr=9 fc=0x03
BURST tid=21 addr=0 fc=0x03
BURST tid=22 addr=1 fc=0x03
BURST tid=23 addr=2 fc=0x03
BURST tid=24 addr=3 fc=0x03
BURST tid=25 addr=4 fc=0x03
BURST tid=26 addr=5 fc=0x03
BURST tid=27 addr=6 fc=0x03
BURST tid=28 addr=7 fc=0x03
BURST tid=29 addr=8 fc=0x03
BURST tid=30 addr=9 fc=0x03
BURST tid=31 addr=0 fc=0x03
BURST tid=32 addr=1 fc=0x03
BURST tid=33 addr=2 fc=0x03
BURST tid=34 addr=3 fc=0x03
BURST tid=35 addr=4 fc=0x03
BURST tid=36 addr=5 fc=0x03
BURST tid=37 addr=6 fc=0x03
BURST tid=38 addr=7 fc=0x03
BURST tid=39 addr=8 fc=0x03
BURST tid=40 addr=9 fc=0x03
NORMAL tid=41 addr=0 fc=0x03
NORMAL tid=42 addr=1 fc=0x03
NORMAL tid=43 addr=2 fc=0x03
NORMAL tid=44 addr=3 fc=0x03
NORMAL tid=45 addr=4 fc=0x03
NORMAL tid=46 addr=5 fc=0x03
NORMAL tid=47 addr=6 fc=0x03
NORMAL tid=48 addr=7 fc=0x03
NORMAL tid=49 addr=8 fc=0x03
NORMAL tid=50 addr=9 fc=0x03
NORMAL tid=51 addr=0 fc=0x03
NORMAL tid=52 addr=1 fc=0x03
NORMAL tid=53 addr=2 fc=0x03
NORMAL tid=54 addr=3 fc=0x03
NORMAL tid=55 addr=4 fc=0x03
NORMAL tid=56 addr=5 fc=0x03
NORMAL tid=57 addr=6 fc=0x03
NORMAL tid=58 addr=7 fc=0x03
NORMAL tid=59 addr=8 fc=0x03
NORMAL tid=60 addr=9 fc=0x03
REQUESTS_SUCCESSFUL=60
REQUESTS_MISSED=0

RAW PCAP:
8107bd269e89895e87ee99503e707f9f967e9a7cfc36aba51332307072b6ea0e  /home/chand/otshield-bench/evidence/v06/20260922T021855Z/trial-19/delay20_jitter5_loss5/raw.pcap
NORMALIZED_RECORDS= 60

CONDITION COMPLETE:
trial=19 condition=delay20_jitter5_loss5

TRIAL 19 COMPLETE

##############################################
TRIAL 20 / 25
##############################################
 Network docker_otshield-ics-net Creating 
 Network docker_otshield-ics-net Creating 
 Network docker_otshield-ics-net Created 
 Network docker_otshield-ics-net Created 
 Container otshield-openplc Creating 
 Container otshield-openplc Created 
 Container otshield-openplc Starting 
 Container otshield-openplc Started 
OpenPLC: starting
OpenPLC: healthy
OPENPLC_EXPECTED_ID=b514f343cbc382f054cb0a9cd0baa93ca0abc0ef7c4107cf2f1ccc569aed6358
Network: docker_otshield-ics-net
Image: fortiphyd/grfics-plc:latest
Image ID: sha256:364461af6d7b56563fa6fdc6a296a2dfa6530caf07ea736bbc9a71701a360919

----------------------------------------------
TRIAL=20
CONDITION=delay60_jitter10
DELAY=60ms
JITTER=10ms
LOSS=0%
----------------------------------------------
Predeclared: openplc-v06-20260922T021855Z-t20-delay60_jitter10
Normal: 40
Anomaly: 20
d4a1001111ceffc2b05f092c3d10abb97dc2b5772777cccf53018319f927704e  /home/chand/otshield-bench/evidence/v06/20260922T021855Z/trial-20/delay60_jitter10/protocol.json
NETEM:
qdisc netem 8101: root refcnt 13 limit 1000 delay 60ms  10ms seed 16626296811959425861
NORMAL tid=01 addr=0 fc=0x03
NORMAL tid=02 addr=1 fc=0x03
NORMAL tid=03 addr=2 fc=0x03
NORMAL tid=04 addr=3 fc=0x03
NORMAL tid=05 addr=4 fc=0x03
NORMAL tid=06 addr=5 fc=0x03
NORMAL tid=07 addr=6 fc=0x03
NORMAL tid=08 addr=7 fc=0x03
NORMAL tid=09 addr=8 fc=0x03
NORMAL tid=10 addr=9 fc=0x03
NORMAL tid=11 addr=0 fc=0x03
NORMAL tid=12 addr=1 fc=0x03
NORMAL tid=13 addr=2 fc=0x03
NORMAL tid=14 addr=3 fc=0x03
NORMAL tid=15 addr=4 fc=0x03
NORMAL tid=16 addr=5 fc=0x03
NORMAL tid=17 addr=6 fc=0x03
NORMAL tid=18 addr=7 fc=0x03
NORMAL tid=19 addr=8 fc=0x03
NORMAL tid=20 addr=9 fc=0x03
BURST tid=21 addr=0 fc=0x03
BURST tid=22 addr=1 fc=0x03
BURST tid=23 addr=2 fc=0x03
BURST tid=24 addr=3 fc=0x03
BURST tid=25 addr=4 fc=0x03
BURST tid=26 addr=5 fc=0x03
BURST tid=27 addr=6 fc=0x03
BURST tid=28 addr=7 fc=0x03
BURST tid=29 addr=8 fc=0x03
BURST tid=30 addr=9 fc=0x03
BURST tid=31 addr=0 fc=0x03
BURST tid=32 addr=1 fc=0x03
BURST tid=33 addr=2 fc=0x03
BURST tid=34 addr=3 fc=0x03
BURST tid=35 addr=4 fc=0x03
BURST tid=36 addr=5 fc=0x03
BURST tid=37 addr=6 fc=0x03
BURST tid=38 addr=7 fc=0x03
BURST tid=39 addr=8 fc=0x03
BURST tid=40 addr=9 fc=0x03
NORMAL tid=41 addr=0 fc=0x03
NORMAL tid=42 addr=1 fc=0x03
NORMAL tid=43 addr=2 fc=0x03
NORMAL tid=44 addr=3 fc=0x03
NORMAL tid=45 addr=4 fc=0x03
NORMAL tid=46 addr=5 fc=0x03
NORMAL tid=47 addr=6 fc=0x03
NORMAL tid=48 addr=7 fc=0x03
NORMAL tid=49 addr=8 fc=0x03
NORMAL tid=50 addr=9 fc=0x03
NORMAL tid=51 addr=0 fc=0x03
NORMAL tid=52 addr=1 fc=0x03
NORMAL tid=53 addr=2 fc=0x03
NORMAL tid=54 addr=3 fc=0x03
NORMAL tid=55 addr=4 fc=0x03
NORMAL tid=56 addr=5 fc=0x03
NORMAL tid=57 addr=6 fc=0x03
NORMAL tid=58 addr=7 fc=0x03
NORMAL tid=59 addr=8 fc=0x03
NORMAL tid=60 addr=9 fc=0x03
REQUESTS_SUCCESSFUL=60
REQUESTS_MISSED=0

RAW PCAP:
161435f274638d1e36d198326dc4be8072ca0af5b75117ffe8f854201dd11703  /home/chand/otshield-bench/evidence/v06/20260922T021855Z/trial-20/delay60_jitter10/raw.pcap
NORMALIZED_RECORDS= 60

CONDITION COMPLETE:
trial=20 condition=delay60_jitter10

----------------------------------------------
TRIAL=20
CONDITION=clean
DELAY=0ms
JITTER=0ms
LOSS=0%
----------------------------------------------
Predeclared: openplc-v06-20260922T021855Z-t20-clean
Normal: 40
Anomaly: 20
fba15b4149a3eff112dc69220a0eca77fb6da996e7b4e9090256ec6fe06eda44  /home/chand/otshield-bench/evidence/v06/20260922T021855Z/trial-20/clean/protocol.json
NETEM: clean
NORMAL tid=01 addr=0 fc=0x03
NORMAL tid=02 addr=1 fc=0x03
NORMAL tid=03 addr=2 fc=0x03
NORMAL tid=04 addr=3 fc=0x03
NORMAL tid=05 addr=4 fc=0x03
NORMAL tid=06 addr=5 fc=0x03
NORMAL tid=07 addr=6 fc=0x03
NORMAL tid=08 addr=7 fc=0x03
NORMAL tid=09 addr=8 fc=0x03
NORMAL tid=10 addr=9 fc=0x03
NORMAL tid=11 addr=0 fc=0x03
NORMAL tid=12 addr=1 fc=0x03
NORMAL tid=13 addr=2 fc=0x03
NORMAL tid=14 addr=3 fc=0x03
NORMAL tid=15 addr=4 fc=0x03
NORMAL tid=16 addr=5 fc=0x03
NORMAL tid=17 addr=6 fc=0x03
NORMAL tid=18 addr=7 fc=0x03
NORMAL tid=19 addr=8 fc=0x03
NORMAL tid=20 addr=9 fc=0x03
BURST tid=21 addr=0 fc=0x03
BURST tid=22 addr=1 fc=0x03
BURST tid=23 addr=2 fc=0x03
BURST tid=24 addr=3 fc=0x03
BURST tid=25 addr=4 fc=0x03
BURST tid=26 addr=5 fc=0x03
BURST tid=27 addr=6 fc=0x03
BURST tid=28 addr=7 fc=0x03
BURST tid=29 addr=8 fc=0x03
BURST tid=30 addr=9 fc=0x03
BURST tid=31 addr=0 fc=0x03
BURST tid=32 addr=1 fc=0x03
BURST tid=33 addr=2 fc=0x03
BURST tid=34 addr=3 fc=0x03
BURST tid=35 addr=4 fc=0x03
BURST tid=36 addr=5 fc=0x03
BURST tid=37 addr=6 fc=0x03
BURST tid=38 addr=7 fc=0x03
BURST tid=39 addr=8 fc=0x03
BURST tid=40 addr=9 fc=0x03
NORMAL tid=41 addr=0 fc=0x03
NORMAL tid=42 addr=1 fc=0x03
NORMAL tid=43 addr=2 fc=0x03
NORMAL tid=44 addr=3 fc=0x03
NORMAL tid=45 addr=4 fc=0x03
NORMAL tid=46 addr=5 fc=0x03
NORMAL tid=47 addr=6 fc=0x03
NORMAL tid=48 addr=7 fc=0x03
NORMAL tid=49 addr=8 fc=0x03
NORMAL tid=50 addr=9 fc=0x03
NORMAL tid=51 addr=0 fc=0x03
NORMAL tid=52 addr=1 fc=0x03
NORMAL tid=53 addr=2 fc=0x03
NORMAL tid=54 addr=3 fc=0x03
NORMAL tid=55 addr=4 fc=0x03
NORMAL tid=56 addr=5 fc=0x03
NORMAL tid=57 addr=6 fc=0x03
NORMAL tid=58 addr=7 fc=0x03
NORMAL tid=59 addr=8 fc=0x03
NORMAL tid=60 addr=9 fc=0x03
REQUESTS_SUCCESSFUL=60
REQUESTS_MISSED=0

RAW PCAP:
5ad3e5ee622f8d972c917f4242cf1fc95edbbc8f733bb515503925083bfd9432  /home/chand/otshield-bench/evidence/v06/20260922T021855Z/trial-20/clean/raw.pcap
NORMALIZED_RECORDS= 60

CONDITION COMPLETE:
trial=20 condition=clean

----------------------------------------------
TRIAL=20
CONDITION=delay20
DELAY=20ms
JITTER=0ms
LOSS=0%
----------------------------------------------
Predeclared: openplc-v06-20260922T021855Z-t20-delay20
Normal: 40
Anomaly: 20
b6d254e7fa1a7bf48ee900fa8e8f4e031e1fcb0abcb8019e26736e4e958cbcd0  /home/chand/otshield-bench/evidence/v06/20260922T021855Z/trial-20/delay20/protocol.json
NETEM:
qdisc netem 8102: root refcnt 13 limit 1000 delay 20ms seed 18261730351053159077
NORMAL tid=01 addr=0 fc=0x03
NORMAL tid=02 addr=1 fc=0x03
NORMAL tid=03 addr=2 fc=0x03
NORMAL tid=04 addr=3 fc=0x03
NORMAL tid=05 addr=4 fc=0x03
NORMAL tid=06 addr=5 fc=0x03
NORMAL tid=07 addr=6 fc=0x03
NORMAL tid=08 addr=7 fc=0x03
NORMAL tid=09 addr=8 fc=0x03
NORMAL tid=10 addr=9 fc=0x03
NORMAL tid=11 addr=0 fc=0x03
NORMAL tid=12 addr=1 fc=0x03
NORMAL tid=13 addr=2 fc=0x03
NORMAL tid=14 addr=3 fc=0x03
NORMAL tid=15 addr=4 fc=0x03
NORMAL tid=16 addr=5 fc=0x03
NORMAL tid=17 addr=6 fc=0x03
NORMAL tid=18 addr=7 fc=0x03
NORMAL tid=19 addr=8 fc=0x03
NORMAL tid=20 addr=9 fc=0x03
BURST tid=21 addr=0 fc=0x03
BURST tid=22 addr=1 fc=0x03
BURST tid=23 addr=2 fc=0x03
BURST tid=24 addr=3 fc=0x03
BURST tid=25 addr=4 fc=0x03
BURST tid=26 addr=5 fc=0x03
BURST tid=27 addr=6 fc=0x03
BURST tid=28 addr=7 fc=0x03
BURST tid=29 addr=8 fc=0x03
BURST tid=30 addr=9 fc=0x03
BURST tid=31 addr=0 fc=0x03
BURST tid=32 addr=1 fc=0x03
BURST tid=33 addr=2 fc=0x03
BURST tid=34 addr=3 fc=0x03
BURST tid=35 addr=4 fc=0x03
BURST tid=36 addr=5 fc=0x03
BURST tid=37 addr=6 fc=0x03
BURST tid=38 addr=7 fc=0x03
BURST tid=39 addr=8 fc=0x03
BURST tid=40 addr=9 fc=0x03
NORMAL tid=41 addr=0 fc=0x03
NORMAL tid=42 addr=1 fc=0x03
NORMAL tid=43 addr=2 fc=0x03
NORMAL tid=44 addr=3 fc=0x03
NORMAL tid=45 addr=4 fc=0x03
NORMAL tid=46 addr=5 fc=0x03
NORMAL tid=47 addr=6 fc=0x03
NORMAL tid=48 addr=7 fc=0x03
NORMAL tid=49 addr=8 fc=0x03
NORMAL tid=50 addr=9 fc=0x03
NORMAL tid=51 addr=0 fc=0x03
NORMAL tid=52 addr=1 fc=0x03
NORMAL tid=53 addr=2 fc=0x03
NORMAL tid=54 addr=3 fc=0x03
NORMAL tid=55 addr=4 fc=0x03
NORMAL tid=56 addr=5 fc=0x03
NORMAL tid=57 addr=6 fc=0x03
NORMAL tid=58 addr=7 fc=0x03
NORMAL tid=59 addr=8 fc=0x03
NORMAL tid=60 addr=9 fc=0x03
REQUESTS_SUCCESSFUL=60
REQUESTS_MISSED=0

RAW PCAP:
6d3ba73946645cea912b0a0b7aee49759c06d2f4caab540ef2dc4e091b6d8a16  /home/chand/otshield-bench/evidence/v06/20260922T021855Z/trial-20/delay20/raw.pcap
NORMALIZED_RECORDS= 60

CONDITION COMPLETE:
trial=20 condition=delay20

----------------------------------------------
TRIAL=20
CONDITION=delay20_jitter5_loss5
DELAY=20ms
JITTER=5ms
LOSS=5%
----------------------------------------------
Predeclared: openplc-v06-20260922T021855Z-t20-delay20_jitter5_loss5
Normal: 40
Anomaly: 20
36bddd864b5b430772e7b613820b3c0f863e10998a81be812645ede5298f95c4  /home/chand/otshield-bench/evidence/v06/20260922T021855Z/trial-20/delay20_jitter5_loss5/protocol.json
NETEM:
qdisc netem 8103: root refcnt 13 limit 1000 delay 20ms  5ms loss 5% seed 10877199204368379578
NORMAL tid=01 addr=0 fc=0x03
NORMAL tid=02 addr=1 fc=0x03
NORMAL tid=03 addr=2 fc=0x03
NORMAL tid=04 addr=3 fc=0x03
NORMAL tid=05 addr=4 fc=0x03
NORMAL tid=06 addr=5 fc=0x03
NORMAL tid=07 addr=6 fc=0x03
NORMAL tid=08 addr=7 fc=0x03
NORMAL tid=09 addr=8 fc=0x03
NORMAL tid=10 addr=9 fc=0x03
NORMAL tid=11 addr=0 fc=0x03
NORMAL tid=12 addr=1 fc=0x03
NORMAL tid=13 addr=2 fc=0x03
NORMAL tid=14 addr=3 fc=0x03
NORMAL tid=15 addr=4 fc=0x03
NORMAL tid=16 addr=5 fc=0x03
NORMAL tid=17 addr=6 fc=0x03
NORMAL tid=18 addr=7 fc=0x03
NORMAL tid=19 addr=8 fc=0x03
NORMAL tid=20 addr=9 fc=0x03
BURST tid=21 addr=0 fc=0x03
BURST tid=22 addr=1 fc=0x03
BURST tid=23 addr=2 fc=0x03
BURST tid=24 addr=3 fc=0x03
BURST tid=25 addr=4 fc=0x03
BURST tid=26 addr=5 fc=0x03
BURST tid=27 addr=6 fc=0x03
BURST tid=28 addr=7 fc=0x03
BURST tid=29 addr=8 fc=0x03
BURST tid=30 addr=9 fc=0x03
BURST tid=31 addr=0 fc=0x03
BURST tid=32 addr=1 fc=0x03
BURST tid=33 addr=2 fc=0x03
BURST tid=34 addr=3 fc=0x03
BURST tid=35 addr=4 fc=0x03
BURST tid=36 addr=5 fc=0x03
BURST tid=37 addr=6 fc=0x03
BURST tid=38 addr=7 fc=0x03
BURST tid=39 addr=8 fc=0x03
BURST tid=40 addr=9 fc=0x03
NORMAL tid=41 addr=0 fc=0x03
NORMAL tid=42 addr=1 fc=0x03
NORMAL tid=43 addr=2 fc=0x03
NORMAL tid=44 addr=3 fc=0x03
NORMAL tid=45 addr=4 fc=0x03
NORMAL tid=46 addr=5 fc=0x03
NORMAL tid=47 addr=6 fc=0x03
NORMAL tid=48 addr=7 fc=0x03
NORMAL tid=49 addr=8 fc=0x03
NORMAL tid=50 addr=9 fc=0x03
NORMAL tid=51 addr=0 fc=0x03
NORMAL tid=52 addr=1 fc=0x03
NORMAL tid=53 addr=2 fc=0x03
NORMAL tid=54 addr=3 fc=0x03
NORMAL tid=55 addr=4 fc=0x03
NORMAL tid=56 addr=5 fc=0x03
NORMAL tid=57 addr=6 fc=0x03
NORMAL tid=58 addr=7 fc=0x03
NORMAL tid=59 addr=8 fc=0x03
NORMAL tid=60 addr=9 fc=0x03
REQUESTS_SUCCESSFUL=60
REQUESTS_MISSED=0

RAW PCAP:
71012d4c411c2495e468084d86b20b2ac8b9bc5b4fe94e843fdfcaadec68bd08  /home/chand/otshield-bench/evidence/v06/20260922T021855Z/trial-20/delay20_jitter5_loss5/raw.pcap
NORMALIZED_RECORDS= 60

CONDITION COMPLETE:
trial=20 condition=delay20_jitter5_loss5

----------------------------------------------
TRIAL=20
CONDITION=delay40_jitter10
DELAY=40ms
JITTER=10ms
LOSS=0%
----------------------------------------------
Predeclared: openplc-v06-20260922T021855Z-t20-delay40_jitter10
Normal: 40
Anomaly: 20
c7243e22fc21bc13dd3ff78de6e4fbd239bec7d5f0f997be0b39fddc082505a2  /home/chand/otshield-bench/evidence/v06/20260922T021855Z/trial-20/delay40_jitter10/protocol.json
NETEM:
qdisc netem 8104: root refcnt 13 limit 1000 delay 40ms  10ms seed 9303940463316519672
NORMAL tid=01 addr=0 fc=0x03
NORMAL tid=02 addr=1 fc=0x03
NORMAL tid=03 addr=2 fc=0x03
NORMAL tid=04 addr=3 fc=0x03
NORMAL tid=05 addr=4 fc=0x03
NORMAL tid=06 addr=5 fc=0x03
NORMAL tid=07 addr=6 fc=0x03
NORMAL tid=08 addr=7 fc=0x03
NORMAL tid=09 addr=8 fc=0x03
NORMAL tid=10 addr=9 fc=0x03
NORMAL tid=11 addr=0 fc=0x03
NORMAL tid=12 addr=1 fc=0x03
NORMAL tid=13 addr=2 fc=0x03
NORMAL tid=14 addr=3 fc=0x03
NORMAL tid=15 addr=4 fc=0x03
NORMAL tid=16 addr=5 fc=0x03
NORMAL tid=17 addr=6 fc=0x03
NORMAL tid=18 addr=7 fc=0x03
NORMAL tid=19 addr=8 fc=0x03
NORMAL tid=20 addr=9 fc=0x03
BURST tid=21 addr=0 fc=0x03
BURST tid=22 addr=1 fc=0x03
BURST tid=23 addr=2 fc=0x03
BURST tid=24 addr=3 fc=0x03
BURST tid=25 addr=4 fc=0x03
BURST tid=26 addr=5 fc=0x03
BURST tid=27 addr=6 fc=0x03
BURST tid=28 addr=7 fc=0x03
BURST tid=29 addr=8 fc=0x03
BURST tid=30 addr=9 fc=0x03
BURST tid=31 addr=0 fc=0x03
BURST tid=32 addr=1 fc=0x03
BURST tid=33 addr=2 fc=0x03
BURST tid=34 addr=3 fc=0x03
BURST tid=35 addr=4 fc=0x03
BURST tid=36 addr=5 fc=0x03
BURST tid=37 addr=6 fc=0x03
BURST tid=38 addr=7 fc=0x03
BURST tid=39 addr=8 fc=0x03
BURST tid=40 addr=9 fc=0x03
NORMAL tid=41 addr=0 fc=0x03
NORMAL tid=42 addr=1 fc=0x03
NORMAL tid=43 addr=2 fc=0x03
NORMAL tid=44 addr=3 fc=0x03
NORMAL tid=45 addr=4 fc=0x03
NORMAL tid=46 addr=5 fc=0x03
NORMAL tid=47 addr=6 fc=0x03
NORMAL tid=48 addr=7 fc=0x03
NORMAL tid=49 addr=8 fc=0x03
NORMAL tid=50 addr=9 fc=0x03
NORMAL tid=51 addr=0 fc=0x03
NORMAL tid=52 addr=1 fc=0x03
NORMAL tid=53 addr=2 fc=0x03
NORMAL tid=54 addr=3 fc=0x03
NORMAL tid=55 addr=4 fc=0x03
NORMAL tid=56 addr=5 fc=0x03
NORMAL tid=57 addr=6 fc=0x03
NORMAL tid=58 addr=7 fc=0x03
NORMAL tid=59 addr=8 fc=0x03
NORMAL tid=60 addr=9 fc=0x03
REQUESTS_SUCCESSFUL=60
REQUESTS_MISSED=0

RAW PCAP:
79ade2d7bcb61fcbcbdd8630f14cd6fe3d0c92e16bc12706764aea726d1f72ef  /home/chand/otshield-bench/evidence/v06/20260922T021855Z/trial-20/delay40_jitter10/raw.pcap
NORMALIZED_RECORDS= 60

CONDITION COMPLETE:
trial=20 condition=delay40_jitter10

TRIAL 20 COMPLETE

##############################################
TRIAL 21 / 25
##############################################
 Network docker_otshield-ics-net Creating 
 Network docker_otshield-ics-net Creating 
 Network docker_otshield-ics-net Created 
 Network docker_otshield-ics-net Created 
 Container otshield-openplc Creating 
 Container otshield-openplc Created 
 Container otshield-openplc Starting 
 Container otshield-openplc Started 
OpenPLC: starting
OpenPLC: healthy
OPENPLC_EXPECTED_ID=b395364bac989dd2056f3e948f220fb0a96a5a0a543ab27d1bbfbd47d93a67e9
Network: docker_otshield-ics-net
Image: fortiphyd/grfics-plc:latest
Image ID: sha256:364461af6d7b56563fa6fdc6a296a2dfa6530caf07ea736bbc9a71701a360919

----------------------------------------------
TRIAL=21
CONDITION=clean
DELAY=0ms
JITTER=0ms
LOSS=0%
----------------------------------------------
Predeclared: openplc-v06-20260922T021855Z-t21-clean
Normal: 40
Anomaly: 20
f68780c7a280031d0ce37d432fd18354ecf9567378038bcb767d2faebe7d09d0  /home/chand/otshield-bench/evidence/v06/20260922T021855Z/trial-21/clean/protocol.json
NETEM: clean
NORMAL tid=01 addr=0 fc=0x03
NORMAL tid=02 addr=1 fc=0x03
NORMAL tid=03 addr=2 fc=0x03
NORMAL tid=04 addr=3 fc=0x03
NORMAL tid=05 addr=4 fc=0x03
NORMAL tid=06 addr=5 fc=0x03
NORMAL tid=07 addr=6 fc=0x03
NORMAL tid=08 addr=7 fc=0x03
NORMAL tid=09 addr=8 fc=0x03
NORMAL tid=10 addr=9 fc=0x03
NORMAL tid=11 addr=0 fc=0x03
NORMAL tid=12 addr=1 fc=0x03
NORMAL tid=13 addr=2 fc=0x03
NORMAL tid=14 addr=3 fc=0x03
NORMAL tid=15 addr=4 fc=0x03
NORMAL tid=16 addr=5 fc=0x03
NORMAL tid=17 addr=6 fc=0x03
NORMAL tid=18 addr=7 fc=0x03
NORMAL tid=19 addr=8 fc=0x03
NORMAL tid=20 addr=9 fc=0x03
BURST tid=21 addr=0 fc=0x03
BURST tid=22 addr=1 fc=0x03
BURST tid=23 addr=2 fc=0x03
BURST tid=24 addr=3 fc=0x03
BURST tid=25 addr=4 fc=0x03
BURST tid=26 addr=5 fc=0x03
BURST tid=27 addr=6 fc=0x03
BURST tid=28 addr=7 fc=0x03
BURST tid=29 addr=8 fc=0x03
BURST tid=30 addr=9 fc=0x03
BURST tid=31 addr=0 fc=0x03
BURST tid=32 addr=1 fc=0x03
BURST tid=33 addr=2 fc=0x03
BURST tid=34 addr=3 fc=0x03
BURST tid=35 addr=4 fc=0x03
BURST tid=36 addr=5 fc=0x03
BURST tid=37 addr=6 fc=0x03
BURST tid=38 addr=7 fc=0x03
BURST tid=39 addr=8 fc=0x03
BURST tid=40 addr=9 fc=0x03
NORMAL tid=41 addr=0 fc=0x03
NORMAL tid=42 addr=1 fc=0x03
NORMAL tid=43 addr=2 fc=0x03
NORMAL tid=44 addr=3 fc=0x03
NORMAL tid=45 addr=4 fc=0x03
NORMAL tid=46 addr=5 fc=0x03
NORMAL tid=47 addr=6 fc=0x03
NORMAL tid=48 addr=7 fc=0x03
NORMAL tid=49 addr=8 fc=0x03
NORMAL tid=50 addr=9 fc=0x03
NORMAL tid=51 addr=0 fc=0x03
NORMAL tid=52 addr=1 fc=0x03
NORMAL tid=53 addr=2 fc=0x03
NORMAL tid=54 addr=3 fc=0x03
NORMAL tid=55 addr=4 fc=0x03
NORMAL tid=56 addr=5 fc=0x03
NORMAL tid=57 addr=6 fc=0x03
NORMAL tid=58 addr=7 fc=0x03
NORMAL tid=59 addr=8 fc=0x03
NORMAL tid=60 addr=9 fc=0x03
REQUESTS_SUCCESSFUL=60
REQUESTS_MISSED=0

RAW PCAP:
83782d67441955928292b1cc15a0308e61f2b0dbab5d031c63da770369a36a58  /home/chand/otshield-bench/evidence/v06/20260922T021855Z/trial-21/clean/raw.pcap
NORMALIZED_RECORDS= 60

CONDITION COMPLETE:
trial=21 condition=clean

----------------------------------------------
TRIAL=21
CONDITION=delay20
DELAY=20ms
JITTER=0ms
LOSS=0%
----------------------------------------------
Predeclared: openplc-v06-20260922T021855Z-t21-delay20
Normal: 40
Anomaly: 20
b75fd7d413777fb4974ae2ad60e97f863647a31103a89f95762ee9d64fe3e9f1  /home/chand/otshield-bench/evidence/v06/20260922T021855Z/trial-21/delay20/protocol.json
NETEM:
qdisc netem 8105: root refcnt 13 limit 1000 delay 20ms seed 15833853783425826596
NORMAL tid=01 addr=0 fc=0x03
NORMAL tid=02 addr=1 fc=0x03
NORMAL tid=03 addr=2 fc=0x03
NORMAL tid=04 addr=3 fc=0x03
NORMAL tid=05 addr=4 fc=0x03
NORMAL tid=06 addr=5 fc=0x03
NORMAL tid=07 addr=6 fc=0x03
NORMAL tid=08 addr=7 fc=0x03
NORMAL tid=09 addr=8 fc=0x03
NORMAL tid=10 addr=9 fc=0x03
NORMAL tid=11 addr=0 fc=0x03
NORMAL tid=12 addr=1 fc=0x03
NORMAL tid=13 addr=2 fc=0x03
NORMAL tid=14 addr=3 fc=0x03
NORMAL tid=15 addr=4 fc=0x03
NORMAL tid=16 addr=5 fc=0x03
NORMAL tid=17 addr=6 fc=0x03
NORMAL tid=18 addr=7 fc=0x03
NORMAL tid=19 addr=8 fc=0x03
NORMAL tid=20 addr=9 fc=0x03
BURST tid=21 addr=0 fc=0x03
BURST tid=22 addr=1 fc=0x03
BURST tid=23 addr=2 fc=0x03
BURST tid=24 addr=3 fc=0x03
BURST tid=25 addr=4 fc=0x03
BURST tid=26 addr=5 fc=0x03
BURST tid=27 addr=6 fc=0x03
BURST tid=28 addr=7 fc=0x03
BURST tid=29 addr=8 fc=0x03
BURST tid=30 addr=9 fc=0x03
BURST tid=31 addr=0 fc=0x03
BURST tid=32 addr=1 fc=0x03
BURST tid=33 addr=2 fc=0x03
BURST tid=34 addr=3 fc=0x03
BURST tid=35 addr=4 fc=0x03
BURST tid=36 addr=5 fc=0x03
BURST tid=37 addr=6 fc=0x03
BURST tid=38 addr=7 fc=0x03
BURST tid=39 addr=8 fc=0x03
BURST tid=40 addr=9 fc=0x03
NORMAL tid=41 addr=0 fc=0x03
NORMAL tid=42 addr=1 fc=0x03
NORMAL tid=43 addr=2 fc=0x03
NORMAL tid=44 addr=3 fc=0x03
NORMAL tid=45 addr=4 fc=0x03
NORMAL tid=46 addr=5 fc=0x03
NORMAL tid=47 addr=6 fc=0x03
NORMAL tid=48 addr=7 fc=0x03
NORMAL tid=49 addr=8 fc=0x03
NORMAL tid=50 addr=9 fc=0x03
NORMAL tid=51 addr=0 fc=0x03
NORMAL tid=52 addr=1 fc=0x03
NORMAL tid=53 addr=2 fc=0x03
NORMAL tid=54 addr=3 fc=0x03
NORMAL tid=55 addr=4 fc=0x03
NORMAL tid=56 addr=5 fc=0x03
NORMAL tid=57 addr=6 fc=0x03
NORMAL tid=58 addr=7 fc=0x03
NORMAL tid=59 addr=8 fc=0x03
NORMAL tid=60 addr=9 fc=0x03
REQUESTS_SUCCESSFUL=60
REQUESTS_MISSED=0

RAW PCAP:
30702116402e6ef900bbd1a98b3ea07f93a9272e1f4ddcf47c3e834c16d3a47d  /home/chand/otshield-bench/evidence/v06/20260922T021855Z/trial-21/delay20/raw.pcap
NORMALIZED_RECORDS= 60

CONDITION COMPLETE:
trial=21 condition=delay20

----------------------------------------------
TRIAL=21
CONDITION=delay20_jitter5_loss5
DELAY=20ms
JITTER=5ms
LOSS=5%
----------------------------------------------
Predeclared: openplc-v06-20260922T021855Z-t21-delay20_jitter5_loss5
Normal: 40
Anomaly: 20
190952923ef15dc32c028ca0965733ba53918f36b437f7cf8f5f0d113bf1c7aa  /home/chand/otshield-bench/evidence/v06/20260922T021855Z/trial-21/delay20_jitter5_loss5/protocol.json
NETEM:
qdisc netem 8106: root refcnt 13 limit 1000 delay 20ms  5ms loss 5% seed 2300427486203126929
NORMAL tid=01 addr=0 fc=0x03
NORMAL tid=02 addr=1 fc=0x03
NORMAL tid=03 addr=2 fc=0x03
NORMAL tid=04 addr=3 fc=0x03
NORMAL tid=05 addr=4 fc=0x03
NORMAL tid=06 addr=5 fc=0x03
NORMAL tid=07 addr=6 fc=0x03
NORMAL tid=08 addr=7 fc=0x03
NORMAL tid=09 addr=8 fc=0x03
NORMAL tid=10 addr=9 fc=0x03
NORMAL tid=11 addr=0 fc=0x03
NORMAL tid=12 addr=1 fc=0x03
NORMAL tid=13 addr=2 fc=0x03
NORMAL tid=14 addr=3 fc=0x03
NORMAL tid=15 addr=4 fc=0x03
NORMAL tid=16 addr=5 fc=0x03
NORMAL tid=17 addr=6 fc=0x03
NORMAL tid=18 addr=7 fc=0x03
NORMAL tid=19 addr=8 fc=0x03
NORMAL tid=20 addr=9 fc=0x03
BURST tid=21 addr=0 fc=0x03
BURST tid=22 addr=1 fc=0x03
BURST tid=23 addr=2 fc=0x03
BURST tid=24 addr=3 fc=0x03
BURST tid=25 addr=4 fc=0x03
BURST tid=26 addr=5 fc=0x03
BURST tid=27 addr=6 fc=0x03
BURST tid=28 addr=7 fc=0x03
BURST tid=29 addr=8 fc=0x03
BURST tid=30 addr=9 fc=0x03
BURST tid=31 addr=0 fc=0x03
BURST tid=32 addr=1 fc=0x03
BURST tid=33 addr=2 fc=0x03
BURST tid=34 addr=3 fc=0x03
BURST tid=35 addr=4 fc=0x03
BURST tid=36 addr=5 fc=0x03
BURST tid=37 addr=6 fc=0x03
BURST tid=38 addr=7 fc=0x03
BURST tid=39 addr=8 fc=0x03
BURST tid=40 addr=9 fc=0x03
NORMAL tid=41 addr=0 fc=0x03
NORMAL tid=42 addr=1 fc=0x03
NORMAL tid=43 addr=2 fc=0x03
NORMAL tid=44 addr=3 fc=0x03
NORMAL tid=45 addr=4 fc=0x03
NORMAL tid=46 addr=5 fc=0x03
NORMAL tid=47 addr=6 fc=0x03
NORMAL tid=48 addr=7 fc=0x03
NORMAL tid=49 addr=8 fc=0x03
NORMAL tid=50 addr=9 fc=0x03
NORMAL tid=51 addr=0 fc=0x03
NORMAL tid=52 addr=1 fc=0x03
NORMAL tid=53 addr=2 fc=0x03
NORMAL tid=54 addr=3 fc=0x03
NORMAL tid=55 addr=4 fc=0x03
NORMAL tid=56 addr=5 fc=0x03
NORMAL tid=57 addr=6 fc=0x03
NORMAL tid=58 addr=7 fc=0x03
NORMAL tid=59 addr=8 fc=0x03
NORMAL tid=60 addr=9 fc=0x03
REQUESTS_SUCCESSFUL=60
REQUESTS_MISSED=0

RAW PCAP:
781cb0417e734ae48461a22fa28f3abf1c8690ef70191e79a18606176170ce52  /home/chand/otshield-bench/evidence/v06/20260922T021855Z/trial-21/delay20_jitter5_loss5/raw.pcap
NORMALIZED_RECORDS= 60

CONDITION COMPLETE:
trial=21 condition=delay20_jitter5_loss5

----------------------------------------------
TRIAL=21
CONDITION=delay40_jitter10
DELAY=40ms
JITTER=10ms
LOSS=0%
----------------------------------------------
Predeclared: openplc-v06-20260922T021855Z-t21-delay40_jitter10
Normal: 40
Anomaly: 20
15ac52c3cd6a2802dd8a9cc4869aac825165823cf2b42895f82acd708fd0a192  /home/chand/otshield-bench/evidence/v06/20260922T021855Z/trial-21/delay40_jitter10/protocol.json
NETEM:
qdisc netem 8107: root refcnt 13 limit 1000 delay 40ms  10ms seed 2850452686654847611
NORMAL tid=01 addr=0 fc=0x03
NORMAL tid=02 addr=1 fc=0x03
NORMAL tid=03 addr=2 fc=0x03
NORMAL tid=04 addr=3 fc=0x03
NORMAL tid=05 addr=4 fc=0x03
NORMAL tid=06 addr=5 fc=0x03
NORMAL tid=07 addr=6 fc=0x03
NORMAL tid=08 addr=7 fc=0x03
NORMAL tid=09 addr=8 fc=0x03
NORMAL tid=10 addr=9 fc=0x03
NORMAL tid=11 addr=0 fc=0x03
NORMAL tid=12 addr=1 fc=0x03
NORMAL tid=13 addr=2 fc=0x03
NORMAL tid=14 addr=3 fc=0x03
NORMAL tid=15 addr=4 fc=0x03
NORMAL tid=16 addr=5 fc=0x03
NORMAL tid=17 addr=6 fc=0x03
NORMAL tid=18 addr=7 fc=0x03
NORMAL tid=19 addr=8 fc=0x03
NORMAL tid=20 addr=9 fc=0x03
BURST tid=21 addr=0 fc=0x03
BURST tid=22 addr=1 fc=0x03
BURST tid=23 addr=2 fc=0x03
BURST tid=24 addr=3 fc=0x03
BURST tid=25 addr=4 fc=0x03
BURST tid=26 addr=5 fc=0x03
BURST tid=27 addr=6 fc=0x03
BURST tid=28 addr=7 fc=0x03
BURST tid=29 addr=8 fc=0x03
BURST tid=30 addr=9 fc=0x03
BURST tid=31 addr=0 fc=0x03
BURST tid=32 addr=1 fc=0x03
BURST tid=33 addr=2 fc=0x03
BURST tid=34 addr=3 fc=0x03
BURST tid=35 addr=4 fc=0x03
BURST tid=36 addr=5 fc=0x03
BURST tid=37 addr=6 fc=0x03
BURST tid=38 addr=7 fc=0x03
BURST tid=39 addr=8 fc=0x03
BURST tid=40 addr=9 fc=0x03
NORMAL tid=41 addr=0 fc=0x03
NORMAL tid=42 addr=1 fc=0x03
NORMAL tid=43 addr=2 fc=0x03
NORMAL tid=44 addr=3 fc=0x03
NORMAL tid=45 addr=4 fc=0x03
NORMAL tid=46 addr=5 fc=0x03
NORMAL tid=47 addr=6 fc=0x03
NORMAL tid=48 addr=7 fc=0x03
NORMAL tid=49 addr=8 fc=0x03
NORMAL tid=50 addr=9 fc=0x03
NORMAL tid=51 addr=0 fc=0x03
NORMAL tid=52 addr=1 fc=0x03
NORMAL tid=53 addr=2 fc=0x03
NORMAL tid=54 addr=3 fc=0x03
NORMAL tid=55 addr=4 fc=0x03
NORMAL tid=56 addr=5 fc=0x03
NORMAL tid=57 addr=6 fc=0x03
NORMAL tid=58 addr=7 fc=0x03
NORMAL tid=59 addr=8 fc=0x03
NORMAL tid=60 addr=9 fc=0x03
REQUESTS_SUCCESSFUL=60
REQUESTS_MISSED=0

RAW PCAP:
1714fbc72c245da1b0eb87aa2915a86908497027637050e211c7e74c575209f4  /home/chand/otshield-bench/evidence/v06/20260922T021855Z/trial-21/delay40_jitter10/raw.pcap
NORMALIZED_RECORDS= 60

CONDITION COMPLETE:
trial=21 condition=delay40_jitter10

----------------------------------------------
TRIAL=21
CONDITION=delay60_jitter10
DELAY=60ms
JITTER=10ms
LOSS=0%
----------------------------------------------
Predeclared: openplc-v06-20260922T021855Z-t21-delay60_jitter10
Normal: 40
Anomaly: 20
e6babe58891d978d297d489103f70ff7838900c5cf15e2d2a7e6332bfd5112d2  /home/chand/otshield-bench/evidence/v06/20260922T021855Z/trial-21/delay60_jitter10/protocol.json
NETEM:
qdisc netem 8108: root refcnt 13 limit 1000 delay 60ms  10ms seed 7240821399669262417
NORMAL tid=01 addr=0 fc=0x03
NORMAL tid=02 addr=1 fc=0x03
NORMAL tid=03 addr=2 fc=0x03
NORMAL tid=04 addr=3 fc=0x03
NORMAL tid=05 addr=4 fc=0x03
NORMAL tid=06 addr=5 fc=0x03
NORMAL tid=07 addr=6 fc=0x03
NORMAL tid=08 addr=7 fc=0x03
NORMAL tid=09 addr=8 fc=0x03
NORMAL tid=10 addr=9 fc=0x03
NORMAL tid=11 addr=0 fc=0x03
NORMAL tid=12 addr=1 fc=0x03
NORMAL tid=13 addr=2 fc=0x03
NORMAL tid=14 addr=3 fc=0x03
NORMAL tid=15 addr=4 fc=0x03
NORMAL tid=16 addr=5 fc=0x03
NORMAL tid=17 addr=6 fc=0x03
NORMAL tid=18 addr=7 fc=0x03
NORMAL tid=19 addr=8 fc=0x03
NORMAL tid=20 addr=9 fc=0x03
BURST tid=21 addr=0 fc=0x03
BURST tid=22 addr=1 fc=0x03
BURST tid=23 addr=2 fc=0x03
BURST tid=24 addr=3 fc=0x03
BURST tid=25 addr=4 fc=0x03
BURST tid=26 addr=5 fc=0x03
BURST tid=27 addr=6 fc=0x03
BURST tid=28 addr=7 fc=0x03
BURST tid=29 addr=8 fc=0x03
BURST tid=30 addr=9 fc=0x03
BURST tid=31 addr=0 fc=0x03
BURST tid=32 addr=1 fc=0x03
BURST tid=33 addr=2 fc=0x03
BURST tid=34 addr=3 fc=0x03
BURST tid=35 addr=4 fc=0x03
BURST tid=36 addr=5 fc=0x03
BURST tid=37 addr=6 fc=0x03
BURST tid=38 addr=7 fc=0x03
BURST tid=39 addr=8 fc=0x03
BURST tid=40 addr=9 fc=0x03
NORMAL tid=41 addr=0 fc=0x03
NORMAL tid=42 addr=1 fc=0x03
NORMAL tid=43 addr=2 fc=0x03
NORMAL tid=44 addr=3 fc=0x03
NORMAL tid=45 addr=4 fc=0x03
NORMAL tid=46 addr=5 fc=0x03
NORMAL tid=47 addr=6 fc=0x03
NORMAL tid=48 addr=7 fc=0x03
NORMAL tid=49 addr=8 fc=0x03
NORMAL tid=50 addr=9 fc=0x03
NORMAL tid=51 addr=0 fc=0x03
NORMAL tid=52 addr=1 fc=0x03
NORMAL tid=53 addr=2 fc=0x03
NORMAL tid=54 addr=3 fc=0x03
NORMAL tid=55 addr=4 fc=0x03
NORMAL tid=56 addr=5 fc=0x03
NORMAL tid=57 addr=6 fc=0x03
NORMAL tid=58 addr=7 fc=0x03
NORMAL tid=59 addr=8 fc=0x03
NORMAL tid=60 addr=9 fc=0x03
REQUESTS_SUCCESSFUL=60
REQUESTS_MISSED=0

RAW PCAP:
24d7fe07400bcc9b64d85d66deb1a78f09017643c39b405024e0e840db081d61  /home/chand/otshield-bench/evidence/v06/20260922T021855Z/trial-21/delay60_jitter10/raw.pcap
NORMALIZED_RECORDS= 60

CONDITION COMPLETE:
trial=21 condition=delay60_jitter10

TRIAL 21 COMPLETE

##############################################
TRIAL 22 / 25
##############################################
 Network docker_otshield-ics-net Creating 
 Network docker_otshield-ics-net Creating 
 Network docker_otshield-ics-net Created 
 Network docker_otshield-ics-net Created 
 Container otshield-openplc Creating 
 Container otshield-openplc Created 
 Container otshield-openplc Starting 
 Container otshield-openplc Started 
OpenPLC: starting
OpenPLC: healthy
OPENPLC_EXPECTED_ID=37abed4e604e180bb369fb98f8a7cb20310aff4330ba168ca628776369700dce
Network: docker_otshield-ics-net
Image: fortiphyd/grfics-plc:latest
Image ID: sha256:364461af6d7b56563fa6fdc6a296a2dfa6530caf07ea736bbc9a71701a360919

----------------------------------------------
TRIAL=22
CONDITION=delay20
DELAY=20ms
JITTER=0ms
LOSS=0%
----------------------------------------------
Predeclared: openplc-v06-20260922T021855Z-t22-delay20
Normal: 40
Anomaly: 20
b9ae4ebdf72d032d0dbe2e57e256b6240186601a17d5121b9b6057c6b659ac8e  /home/chand/otshield-bench/evidence/v06/20260922T021855Z/trial-22/delay20/protocol.json
NETEM:
qdisc netem 8109: root refcnt 13 limit 1000 delay 20ms seed 16280309986526545961
NORMAL tid=01 addr=0 fc=0x03
NORMAL tid=02 addr=1 fc=0x03
NORMAL tid=03 addr=2 fc=0x03
NORMAL tid=04 addr=3 fc=0x03
NORMAL tid=05 addr=4 fc=0x03
NORMAL tid=06 addr=5 fc=0x03
NORMAL tid=07 addr=6 fc=0x03
NORMAL tid=08 addr=7 fc=0x03
NORMAL tid=09 addr=8 fc=0x03
NORMAL tid=10 addr=9 fc=0x03
NORMAL tid=11 addr=0 fc=0x03
NORMAL tid=12 addr=1 fc=0x03
NORMAL tid=13 addr=2 fc=0x03
NORMAL tid=14 addr=3 fc=0x03
NORMAL tid=15 addr=4 fc=0x03
NORMAL tid=16 addr=5 fc=0x03
NORMAL tid=17 addr=6 fc=0x03
NORMAL tid=18 addr=7 fc=0x03
NORMAL tid=19 addr=8 fc=0x03
NORMAL tid=20 addr=9 fc=0x03
BURST tid=21 addr=0 fc=0x03
BURST tid=22 addr=1 fc=0x03
BURST tid=23 addr=2 fc=0x03
BURST tid=24 addr=3 fc=0x03
BURST tid=25 addr=4 fc=0x03
BURST tid=26 addr=5 fc=0x03
BURST tid=27 addr=6 fc=0x03
BURST tid=28 addr=7 fc=0x03
BURST tid=29 addr=8 fc=0x03
BURST tid=30 addr=9 fc=0x03
BURST tid=31 addr=0 fc=0x03
BURST tid=32 addr=1 fc=0x03
BURST tid=33 addr=2 fc=0x03
BURST tid=34 addr=3 fc=0x03
BURST tid=35 addr=4 fc=0x03
BURST tid=36 addr=5 fc=0x03
BURST tid=37 addr=6 fc=0x03
BURST tid=38 addr=7 fc=0x03
BURST tid=39 addr=8 fc=0x03
BURST tid=40 addr=9 fc=0x03
NORMAL tid=41 addr=0 fc=0x03
NORMAL tid=42 addr=1 fc=0x03
NORMAL tid=43 addr=2 fc=0x03
NORMAL tid=44 addr=3 fc=0x03
NORMAL tid=45 addr=4 fc=0x03
NORMAL tid=46 addr=5 fc=0x03
NORMAL tid=47 addr=6 fc=0x03
NORMAL tid=48 addr=7 fc=0x03
NORMAL tid=49 addr=8 fc=0x03
NORMAL tid=50 addr=9 fc=0x03
NORMAL tid=51 addr=0 fc=0x03
NORMAL tid=52 addr=1 fc=0x03
NORMAL tid=53 addr=2 fc=0x03
NORMAL tid=54 addr=3 fc=0x03
NORMAL tid=55 addr=4 fc=0x03
NORMAL tid=56 addr=5 fc=0x03
NORMAL tid=57 addr=6 fc=0x03
NORMAL tid=58 addr=7 fc=0x03
NORMAL tid=59 addr=8 fc=0x03
NORMAL tid=60 addr=9 fc=0x03
REQUESTS_SUCCESSFUL=60
REQUESTS_MISSED=0

RAW PCAP:
37e0fbd52a7c13ab0c5622996984ccede5780ac5c10830378fceefe281226ed1  /home/chand/otshield-bench/evidence/v06/20260922T021855Z/trial-22/delay20/raw.pcap
NORMALIZED_RECORDS= 60

CONDITION COMPLETE:
trial=22 condition=delay20

----------------------------------------------
TRIAL=22
CONDITION=delay20_jitter5_loss5
DELAY=20ms
JITTER=5ms
LOSS=5%
----------------------------------------------
Predeclared: openplc-v06-20260922T021855Z-t22-delay20_jitter5_loss5
Normal: 40
Anomaly: 20
9ff363c1acff169bd6debc957c92c6d748d684ed2d8eb9e23c4daaf41848877b  /home/chand/otshield-bench/evidence/v06/20260922T021855Z/trial-22/delay20_jitter5_loss5/protocol.json
NETEM:
qdisc netem 810a: root refcnt 13 limit 1000 delay 20ms  5ms loss 5% seed 5793200783449431734
NORMAL tid=01 addr=0 fc=0x03
NORMAL tid=02 addr=1 fc=0x03
NORMAL tid=03 addr=2 fc=0x03
NORMAL tid=04 addr=3 fc=0x03
NORMAL tid=05 addr=4 fc=0x03
NORMAL tid=06 addr=5 fc=0x03
NORMAL tid=07 addr=6 fc=0x03
NORMAL tid=08 addr=7 fc=0x03
NORMAL tid=09 addr=8 fc=0x03
NORMAL tid=10 addr=9 fc=0x03
NORMAL tid=11 addr=0 fc=0x03
NORMAL tid=12 addr=1 fc=0x03
NORMAL tid=13 addr=2 fc=0x03
NORMAL tid=14 addr=3 fc=0x03
NORMAL tid=15 addr=4 fc=0x03
NORMAL tid=16 addr=5 fc=0x03
NORMAL tid=17 addr=6 fc=0x03
NORMAL tid=18 addr=7 fc=0x03
NORMAL tid=19 addr=8 fc=0x03
NORMAL tid=20 addr=9 fc=0x03
BURST tid=21 addr=0 fc=0x03
BURST tid=22 addr=1 fc=0x03
BURST tid=23 addr=2 fc=0x03
BURST tid=24 addr=3 fc=0x03
BURST tid=25 addr=4 fc=0x03
BURST tid=26 addr=5 fc=0x03
BURST tid=27 addr=6 fc=0x03
BURST tid=28 addr=7 fc=0x03
BURST tid=29 addr=8 fc=0x03
BURST tid=30 addr=9 fc=0x03
BURST tid=31 addr=0 fc=0x03
BURST tid=32 addr=1 fc=0x03
BURST tid=33 addr=2 fc=0x03
BURST tid=34 addr=3 fc=0x03
BURST tid=35 addr=4 fc=0x03
BURST tid=36 addr=5 fc=0x03
BURST tid=37 addr=6 fc=0x03
BURST tid=38 addr=7 fc=0x03
BURST tid=39 addr=8 fc=0x03
BURST tid=40 addr=9 fc=0x03
NORMAL tid=41 addr=0 fc=0x03
NORMAL tid=42 addr=1 fc=0x03
NORMAL tid=43 addr=2 fc=0x03
NORMAL tid=44 addr=3 fc=0x03
NORMAL tid=45 addr=4 fc=0x03
NORMAL tid=46 addr=5 fc=0x03
NORMAL tid=47 addr=6 fc=0x03
NORMAL tid=48 addr=7 fc=0x03
NORMAL tid=49 addr=8 fc=0x03
NORMAL tid=50 addr=9 fc=0x03
NORMAL tid=51 addr=0 fc=0x03
NORMAL tid=52 addr=1 fc=0x03
NORMAL tid=53 addr=2 fc=0x03
NORMAL tid=54 addr=3 fc=0x03
NORMAL tid=55 addr=4 fc=0x03
NORMAL tid=56 addr=5 fc=0x03
NORMAL tid=57 addr=6 fc=0x03
NORMAL tid=58 addr=7 fc=0x03
NORMAL tid=59 addr=8 fc=0x03
NORMAL tid=60 addr=9 fc=0x03
REQUESTS_SUCCESSFUL=60
REQUESTS_MISSED=0

RAW PCAP:
4fc820b1eb1cfbbf7f6cd3ab46e5373086760e4c8b63c492c49af972eacde0fe  /home/chand/otshield-bench/evidence/v06/20260922T021855Z/trial-22/delay20_jitter5_loss5/raw.pcap
NORMALIZED_RECORDS= 60

CONDITION COMPLETE:
trial=22 condition=delay20_jitter5_loss5

----------------------------------------------
TRIAL=22
CONDITION=delay40_jitter10
DELAY=40ms
JITTER=10ms
LOSS=0%
----------------------------------------------
Predeclared: openplc-v06-20260922T021855Z-t22-delay40_jitter10
Normal: 40
Anomaly: 20
36f4ce7307a7c9bdd3d691019acd33d77541f965a23fc0a60e127d3c582b50a4  /home/chand/otshield-bench/evidence/v06/20260922T021855Z/trial-22/delay40_jitter10/protocol.json
NETEM:
qdisc netem 810b: root refcnt 13 limit 1000 delay 40ms  10ms seed 909466225205348826
NORMAL tid=01 addr=0 fc=0x03
NORMAL tid=02 addr=1 fc=0x03
NORMAL tid=03 addr=2 fc=0x03
NORMAL tid=04 addr=3 fc=0x03
NORMAL tid=05 addr=4 fc=0x03
NORMAL tid=06 addr=5 fc=0x03
NORMAL tid=07 addr=6 fc=0x03
NORMAL tid=08 addr=7 fc=0x03
NORMAL tid=09 addr=8 fc=0x03
NORMAL tid=10 addr=9 fc=0x03
NORMAL tid=11 addr=0 fc=0x03
NORMAL tid=12 addr=1 fc=0x03
NORMAL tid=13 addr=2 fc=0x03
NORMAL tid=14 addr=3 fc=0x03
NORMAL tid=15 addr=4 fc=0x03
NORMAL tid=16 addr=5 fc=0x03
NORMAL tid=17 addr=6 fc=0x03
NORMAL tid=18 addr=7 fc=0x03
NORMAL tid=19 addr=8 fc=0x03
NORMAL tid=20 addr=9 fc=0x03
BURST tid=21 addr=0 fc=0x03
BURST tid=22 addr=1 fc=0x03
BURST tid=23 addr=2 fc=0x03
BURST tid=24 addr=3 fc=0x03
BURST tid=25 addr=4 fc=0x03
BURST tid=26 addr=5 fc=0x03
BURST tid=27 addr=6 fc=0x03
BURST tid=28 addr=7 fc=0x03
BURST tid=29 addr=8 fc=0x03
BURST tid=30 addr=9 fc=0x03
BURST tid=31 addr=0 fc=0x03
BURST tid=32 addr=1 fc=0x03
BURST tid=33 addr=2 fc=0x03
BURST tid=34 addr=3 fc=0x03
BURST tid=35 addr=4 fc=0x03
BURST tid=36 addr=5 fc=0x03
BURST tid=37 addr=6 fc=0x03
BURST tid=38 addr=7 fc=0x03
BURST tid=39 addr=8 fc=0x03
BURST tid=40 addr=9 fc=0x03
NORMAL tid=41 addr=0 fc=0x03
NORMAL tid=42 addr=1 fc=0x03
NORMAL tid=43 addr=2 fc=0x03
NORMAL tid=44 addr=3 fc=0x03
NORMAL tid=45 addr=4 fc=0x03
NORMAL tid=46 addr=5 fc=0x03
NORMAL tid=47 addr=6 fc=0x03
NORMAL tid=48 addr=7 fc=0x03
NORMAL tid=49 addr=8 fc=0x03
NORMAL tid=50 addr=9 fc=0x03
NORMAL tid=51 addr=0 fc=0x03
NORMAL tid=52 addr=1 fc=0x03
NORMAL tid=53 addr=2 fc=0x03
NORMAL tid=54 addr=3 fc=0x03
NORMAL tid=55 addr=4 fc=0x03
NORMAL tid=56 addr=5 fc=0x03
NORMAL tid=57 addr=6 fc=0x03
NORMAL tid=58 addr=7 fc=0x03
NORMAL tid=59 addr=8 fc=0x03
NORMAL tid=60 addr=9 fc=0x03
REQUESTS_SUCCESSFUL=60
REQUESTS_MISSED=0

RAW PCAP:
85ceb9bf37eeb65fc08a889c6a38501ad02aba00ec1fad428c7c93160d13cc55  /home/chand/otshield-bench/evidence/v06/20260922T021855Z/trial-22/delay40_jitter10/raw.pcap
NORMALIZED_RECORDS= 60

CONDITION COMPLETE:
trial=22 condition=delay40_jitter10

----------------------------------------------
TRIAL=22
CONDITION=delay60_jitter10
DELAY=60ms
JITTER=10ms
LOSS=0%
----------------------------------------------
Predeclared: openplc-v06-20260922T021855Z-t22-delay60_jitter10
Normal: 40
Anomaly: 20
b47d4287c603ee29a26b8bca2db7c27dfd4c5b62b2b930c2177c78ac6aca57ad  /home/chand/otshield-bench/evidence/v06/20260922T021855Z/trial-22/delay60_jitter10/protocol.json
NETEM:
qdisc netem 810c: root refcnt 13 limit 1000 delay 60ms  10ms seed 13563824537251798713
NORMAL tid=01 addr=0 fc=0x03
NORMAL tid=02 addr=1 fc=0x03
NORMAL tid=03 addr=2 fc=0x03
NORMAL tid=04 addr=3 fc=0x03
NORMAL tid=05 addr=4 fc=0x03
NORMAL tid=06 addr=5 fc=0x03
NORMAL tid=07 addr=6 fc=0x03
NORMAL tid=08 addr=7 fc=0x03
NORMAL tid=09 addr=8 fc=0x03
NORMAL tid=10 addr=9 fc=0x03
NORMAL tid=11 addr=0 fc=0x03
NORMAL tid=12 addr=1 fc=0x03
NORMAL tid=13 addr=2 fc=0x03
NORMAL tid=14 addr=3 fc=0x03
NORMAL tid=15 addr=4 fc=0x03
NORMAL tid=16 addr=5 fc=0x03
NORMAL tid=17 addr=6 fc=0x03
NORMAL tid=18 addr=7 fc=0x03
NORMAL tid=19 addr=8 fc=0x03
NORMAL tid=20 addr=9 fc=0x03
BURST tid=21 addr=0 fc=0x03
BURST tid=22 addr=1 fc=0x03
BURST tid=23 addr=2 fc=0x03
BURST tid=24 addr=3 fc=0x03
BURST tid=25 addr=4 fc=0x03
BURST tid=26 addr=5 fc=0x03
BURST tid=27 addr=6 fc=0x03
BURST tid=28 addr=7 fc=0x03
BURST tid=29 addr=8 fc=0x03
BURST tid=30 addr=9 fc=0x03
BURST tid=31 addr=0 fc=0x03
BURST tid=32 addr=1 fc=0x03
BURST tid=33 addr=2 fc=0x03
BURST tid=34 addr=3 fc=0x03
BURST tid=35 addr=4 fc=0x03
BURST tid=36 addr=5 fc=0x03
BURST tid=37 addr=6 fc=0x03
BURST tid=38 addr=7 fc=0x03
BURST tid=39 addr=8 fc=0x03
BURST tid=40 addr=9 fc=0x03
NORMAL tid=41 addr=0 fc=0x03
NORMAL tid=42 addr=1 fc=0x03
NORMAL tid=43 addr=2 fc=0x03
NORMAL tid=44 addr=3 fc=0x03
NORMAL tid=45 addr=4 fc=0x03
NORMAL tid=46 addr=5 fc=0x03
NORMAL tid=47 addr=6 fc=0x03
NORMAL tid=48 addr=7 fc=0x03
NORMAL tid=49 addr=8 fc=0x03
NORMAL tid=50 addr=9 fc=0x03
NORMAL tid=51 addr=0 fc=0x03
NORMAL tid=52 addr=1 fc=0x03
NORMAL tid=53 addr=2 fc=0x03
NORMAL tid=54 addr=3 fc=0x03
NORMAL tid=55 addr=4 fc=0x03
NORMAL tid=56 addr=5 fc=0x03
NORMAL tid=57 addr=6 fc=0x03
NORMAL tid=58 addr=7 fc=0x03
NORMAL tid=59 addr=8 fc=0x03
NORMAL tid=60 addr=9 fc=0x03
REQUESTS_SUCCESSFUL=60
REQUESTS_MISSED=0

RAW PCAP:
b73f7d2e764bf1b0433a188f97c76c45d8d9de7b8f6aa3c547a15c156f6879fd  /home/chand/otshield-bench/evidence/v06/20260922T021855Z/trial-22/delay60_jitter10/raw.pcap
NORMALIZED_RECORDS= 60

CONDITION COMPLETE:
trial=22 condition=delay60_jitter10

----------------------------------------------
TRIAL=22
CONDITION=clean
DELAY=0ms
JITTER=0ms
LOSS=0%
----------------------------------------------
Predeclared: openplc-v06-20260922T021855Z-t22-clean
Normal: 40
Anomaly: 20
47ec626d53aac7deb4c611cde87f24bbd570f5a142651ef3c193898b03c127b4  /home/chand/otshield-bench/evidence/v06/20260922T021855Z/trial-22/clean/protocol.json
NETEM: clean
NORMAL tid=01 addr=0 fc=0x03
NORMAL tid=02 addr=1 fc=0x03
NORMAL tid=03 addr=2 fc=0x03
NORMAL tid=04 addr=3 fc=0x03
NORMAL tid=05 addr=4 fc=0x03
NORMAL tid=06 addr=5 fc=0x03
NORMAL tid=07 addr=6 fc=0x03
NORMAL tid=08 addr=7 fc=0x03
NORMAL tid=09 addr=8 fc=0x03
NORMAL tid=10 addr=9 fc=0x03
NORMAL tid=11 addr=0 fc=0x03
NORMAL tid=12 addr=1 fc=0x03
NORMAL tid=13 addr=2 fc=0x03
NORMAL tid=14 addr=3 fc=0x03
NORMAL tid=15 addr=4 fc=0x03
NORMAL tid=16 addr=5 fc=0x03
NORMAL tid=17 addr=6 fc=0x03
NORMAL tid=18 addr=7 fc=0x03
NORMAL tid=19 addr=8 fc=0x03
NORMAL tid=20 addr=9 fc=0x03
BURST tid=21 addr=0 fc=0x03
BURST tid=22 addr=1 fc=0x03
BURST tid=23 addr=2 fc=0x03
BURST tid=24 addr=3 fc=0x03
BURST tid=25 addr=4 fc=0x03
BURST tid=26 addr=5 fc=0x03
BURST tid=27 addr=6 fc=0x03
BURST tid=28 addr=7 fc=0x03
BURST tid=29 addr=8 fc=0x03
BURST tid=30 addr=9 fc=0x03
BURST tid=31 addr=0 fc=0x03
BURST tid=32 addr=1 fc=0x03
BURST tid=33 addr=2 fc=0x03
BURST tid=34 addr=3 fc=0x03
BURST tid=35 addr=4 fc=0x03
BURST tid=36 addr=5 fc=0x03
BURST tid=37 addr=6 fc=0x03
BURST tid=38 addr=7 fc=0x03
BURST tid=39 addr=8 fc=0x03
BURST tid=40 addr=9 fc=0x03
NORMAL tid=41 addr=0 fc=0x03
NORMAL tid=42 addr=1 fc=0x03
NORMAL tid=43 addr=2 fc=0x03
NORMAL tid=44 addr=3 fc=0x03
NORMAL tid=45 addr=4 fc=0x03
NORMAL tid=46 addr=5 fc=0x03
NORMAL tid=47 addr=6 fc=0x03
NORMAL tid=48 addr=7 fc=0x03
NORMAL tid=49 addr=8 fc=0x03
NORMAL tid=50 addr=9 fc=0x03
NORMAL tid=51 addr=0 fc=0x03
NORMAL tid=52 addr=1 fc=0x03
NORMAL tid=53 addr=2 fc=0x03
NORMAL tid=54 addr=3 fc=0x03
NORMAL tid=55 addr=4 fc=0x03
NORMAL tid=56 addr=5 fc=0x03
NORMAL tid=57 addr=6 fc=0x03
NORMAL tid=58 addr=7 fc=0x03
NORMAL tid=59 addr=8 fc=0x03
NORMAL tid=60 addr=9 fc=0x03
REQUESTS_SUCCESSFUL=60
REQUESTS_MISSED=0

RAW PCAP:
5b167f1242459c6ac729584b8abfe3f873b585f162f979c44e02a8d55f256585  /home/chand/otshield-bench/evidence/v06/20260922T021855Z/trial-22/clean/raw.pcap
NORMALIZED_RECORDS= 60

CONDITION COMPLETE:
trial=22 condition=clean

TRIAL 22 COMPLETE

##############################################
TRIAL 23 / 25
##############################################
 Network docker_otshield-ics-net Creating 
 Network docker_otshield-ics-net Creating 
 Network docker_otshield-ics-net Created 
 Network docker_otshield-ics-net Created 
 Container otshield-openplc Creating 
 Container otshield-openplc Created 
 Container otshield-openplc Starting 
 Container otshield-openplc Started 
OpenPLC: starting
OpenPLC: healthy
OPENPLC_EXPECTED_ID=5a64d416cd4a751b825e76a124745d2889721f161833e4a6fb9a75d797d780de
Network: docker_otshield-ics-net
Image: fortiphyd/grfics-plc:latest
Image ID: sha256:364461af6d7b56563fa6fdc6a296a2dfa6530caf07ea736bbc9a71701a360919

----------------------------------------------
TRIAL=23
CONDITION=delay20_jitter5_loss5
DELAY=20ms
JITTER=5ms
LOSS=5%
----------------------------------------------
Predeclared: openplc-v06-20260922T021855Z-t23-delay20_jitter5_loss5
Normal: 40
Anomaly: 20
cdf410e7263110df38cb0bca2d80641cff687093a4d1b96f62f65dfefc3184ee  /home/chand/otshield-bench/evidence/v06/20260922T021855Z/trial-23/delay20_jitter5_loss5/protocol.json
NETEM:
qdisc netem 810d: root refcnt 13 limit 1000 delay 20ms  5ms loss 5% seed 12841907301465092838
NORMAL tid=01 addr=0 fc=0x03
NORMAL tid=02 addr=1 fc=0x03
NORMAL tid=03 addr=2 fc=0x03
NORMAL tid=04 addr=3 fc=0x03
NORMAL tid=05 addr=4 fc=0x03
NORMAL tid=06 addr=5 fc=0x03
NORMAL tid=07 addr=6 fc=0x03
NORMAL tid=08 addr=7 fc=0x03
NORMAL tid=09 addr=8 fc=0x03
NORMAL tid=10 addr=9 fc=0x03
NORMAL tid=11 addr=0 fc=0x03
NORMAL tid=12 addr=1 fc=0x03
NORMAL tid=13 addr=2 fc=0x03
NORMAL tid=14 addr=3 fc=0x03
NORMAL tid=15 addr=4 fc=0x03
NORMAL tid=16 addr=5 fc=0x03
NORMAL tid=17 addr=6 fc=0x03
NORMAL tid=18 addr=7 fc=0x03
NORMAL tid=19 addr=8 fc=0x03
NORMAL tid=20 addr=9 fc=0x03
BURST tid=21 addr=0 fc=0x03
BURST tid=22 addr=1 fc=0x03
BURST tid=23 addr=2 fc=0x03
BURST tid=24 addr=3 fc=0x03
BURST tid=25 addr=4 fc=0x03
BURST tid=26 addr=5 fc=0x03
BURST tid=27 addr=6 fc=0x03
BURST tid=28 addr=7 fc=0x03
BURST tid=29 addr=8 fc=0x03
BURST tid=30 addr=9 fc=0x03
BURST tid=31 addr=0 fc=0x03
BURST tid=32 addr=1 fc=0x03
BURST tid=33 addr=2 fc=0x03
BURST tid=34 addr=3 fc=0x03
BURST tid=35 addr=4 fc=0x03
BURST tid=36 addr=5 fc=0x03
BURST tid=37 addr=6 fc=0x03
BURST tid=38 addr=7 fc=0x03
BURST tid=39 addr=8 fc=0x03
BURST tid=40 addr=9 fc=0x03
NORMAL tid=41 addr=0 fc=0x03
NORMAL tid=42 addr=1 fc=0x03
NORMAL tid=43 addr=2 fc=0x03
NORMAL tid=44 addr=3 fc=0x03
NORMAL tid=45 addr=4 fc=0x03
NORMAL tid=46 addr=5 fc=0x03
NORMAL tid=47 addr=6 fc=0x03
NORMAL tid=48 addr=7 fc=0x03
NORMAL tid=49 addr=8 fc=0x03
NORMAL tid=50 addr=9 fc=0x03
NORMAL tid=51 addr=0 fc=0x03
NORMAL tid=52 addr=1 fc=0x03
NORMAL tid=53 addr=2 fc=0x03
NORMAL tid=54 addr=3 fc=0x03
NORMAL tid=55 addr=4 fc=0x03
NORMAL tid=56 addr=5 fc=0x03
NORMAL tid=57 addr=6 fc=0x03
NORMAL tid=58 addr=7 fc=0x03
NORMAL tid=59 addr=8 fc=0x03
NORMAL tid=60 addr=9 fc=0x03
REQUESTS_SUCCESSFUL=60
REQUESTS_MISSED=0

RAW PCAP:
221e6493b679901bb09ea0a558e70aec54ab6b9be87a306d4b7c662d35a55160  /home/chand/otshield-bench/evidence/v06/20260922T021855Z/trial-23/delay20_jitter5_loss5/raw.pcap
NORMALIZED_RECORDS= 60

CONDITION COMPLETE:
trial=23 condition=delay20_jitter5_loss5

----------------------------------------------
TRIAL=23
CONDITION=delay40_jitter10
DELAY=40ms
JITTER=10ms
LOSS=0%
----------------------------------------------
Predeclared: openplc-v06-20260922T021855Z-t23-delay40_jitter10
Normal: 40
Anomaly: 20
1fb93f7d60079e4657ca6cecc4ea31b2f8853b44bece46b5dd25d2456ac66a20  /home/chand/otshield-bench/evidence/v06/20260922T021855Z/trial-23/delay40_jitter10/protocol.json
NETEM:
qdisc netem 810e: root refcnt 13 limit 1000 delay 40ms  10ms seed 14979614673895929556
NORMAL tid=01 addr=0 fc=0x03
NORMAL tid=02 addr=1 fc=0x03
NORMAL tid=03 addr=2 fc=0x03
NORMAL tid=04 addr=3 fc=0x03
NORMAL tid=05 addr=4 fc=0x03
NORMAL tid=06 addr=5 fc=0x03
NORMAL tid=07 addr=6 fc=0x03
NORMAL tid=08 addr=7 fc=0x03
NORMAL tid=09 addr=8 fc=0x03
NORMAL tid=10 addr=9 fc=0x03
NORMAL tid=11 addr=0 fc=0x03
NORMAL tid=12 addr=1 fc=0x03
NORMAL tid=13 addr=2 fc=0x03
NORMAL tid=14 addr=3 fc=0x03
NORMAL tid=15 addr=4 fc=0x03
NORMAL tid=16 addr=5 fc=0x03
NORMAL tid=17 addr=6 fc=0x03
NORMAL tid=18 addr=7 fc=0x03
NORMAL tid=19 addr=8 fc=0x03
NORMAL tid=20 addr=9 fc=0x03
BURST tid=21 addr=0 fc=0x03
BURST tid=22 addr=1 fc=0x03
BURST tid=23 addr=2 fc=0x03
BURST tid=24 addr=3 fc=0x03
BURST tid=25 addr=4 fc=0x03
BURST tid=26 addr=5 fc=0x03
BURST tid=27 addr=6 fc=0x03
BURST tid=28 addr=7 fc=0x03
BURST tid=29 addr=8 fc=0x03
BURST tid=30 addr=9 fc=0x03
BURST tid=31 addr=0 fc=0x03
BURST tid=32 addr=1 fc=0x03
BURST tid=33 addr=2 fc=0x03
BURST tid=34 addr=3 fc=0x03
BURST tid=35 addr=4 fc=0x03
BURST tid=36 addr=5 fc=0x03
BURST tid=37 addr=6 fc=0x03
BURST tid=38 addr=7 fc=0x03
BURST tid=39 addr=8 fc=0x03
BURST tid=40 addr=9 fc=0x03
NORMAL tid=41 addr=0 fc=0x03
NORMAL tid=42 addr=1 fc=0x03
NORMAL tid=43 addr=2 fc=0x03
NORMAL tid=44 addr=3 fc=0x03
NORMAL tid=45 addr=4 fc=0x03
NORMAL tid=46 addr=5 fc=0x03
NORMAL tid=47 addr=6 fc=0x03
NORMAL tid=48 addr=7 fc=0x03
NORMAL tid=49 addr=8 fc=0x03
NORMAL tid=50 addr=9 fc=0x03
NORMAL tid=51 addr=0 fc=0x03
NORMAL tid=52 addr=1 fc=0x03
NORMAL tid=53 addr=2 fc=0x03
NORMAL tid=54 addr=3 fc=0x03
NORMAL tid=55 addr=4 fc=0x03
NORMAL tid=56 addr=5 fc=0x03
NORMAL tid=57 addr=6 fc=0x03
NORMAL tid=58 addr=7 fc=0x03
NORMAL tid=59 addr=8 fc=0x03
NORMAL tid=60 addr=9 fc=0x03
REQUESTS_SUCCESSFUL=60
REQUESTS_MISSED=0

RAW PCAP:
f652b0a877e2bceab42a97a1985d1d4f9628e7d1ef2939dfa0f3aa2fcd2b3f70  /home/chand/otshield-bench/evidence/v06/20260922T021855Z/trial-23/delay40_jitter10/raw.pcap
NORMALIZED_RECORDS= 60

CONDITION COMPLETE:
trial=23 condition=delay40_jitter10

----------------------------------------------
TRIAL=23
CONDITION=delay60_jitter10
DELAY=60ms
JITTER=10ms
LOSS=0%
----------------------------------------------
Predeclared: openplc-v06-20260922T021855Z-t23-delay60_jitter10
Normal: 40
Anomaly: 20
52f69608812ed899753e549cf119e8485d8dac19fbceab904c927b2a2d1deeba  /home/chand/otshield-bench/evidence/v06/20260922T021855Z/trial-23/delay60_jitter10/protocol.json
NETEM:
qdisc netem 810f: root refcnt 13 limit 1000 delay 60ms  10ms seed 5461062087011241097
NORMAL tid=01 addr=0 fc=0x03
NORMAL tid=02 addr=1 fc=0x03
NORMAL tid=03 addr=2 fc=0x03
NORMAL tid=04 addr=3 fc=0x03
NORMAL tid=05 addr=4 fc=0x03
NORMAL tid=06 addr=5 fc=0x03
NORMAL tid=07 addr=6 fc=0x03
NORMAL tid=08 addr=7 fc=0x03
NORMAL tid=09 addr=8 fc=0x03
NORMAL tid=10 addr=9 fc=0x03
NORMAL tid=11 addr=0 fc=0x03
NORMAL tid=12 addr=1 fc=0x03
NORMAL tid=13 addr=2 fc=0x03
NORMAL tid=14 addr=3 fc=0x03
NORMAL tid=15 addr=4 fc=0x03
NORMAL tid=16 addr=5 fc=0x03
NORMAL tid=17 addr=6 fc=0x03
NORMAL tid=18 addr=7 fc=0x03
NORMAL tid=19 addr=8 fc=0x03
NORMAL tid=20 addr=9 fc=0x03
BURST tid=21 addr=0 fc=0x03
BURST tid=22 addr=1 fc=0x03
BURST tid=23 addr=2 fc=0x03
BURST tid=24 addr=3 fc=0x03
BURST tid=25 addr=4 fc=0x03
BURST tid=26 addr=5 fc=0x03
BURST tid=27 addr=6 fc=0x03
BURST tid=28 addr=7 fc=0x03
BURST tid=29 addr=8 fc=0x03
BURST tid=30 addr=9 fc=0x03
BURST tid=31 addr=0 fc=0x03
BURST tid=32 addr=1 fc=0x03
BURST tid=33 addr=2 fc=0x03
BURST tid=34 addr=3 fc=0x03
BURST tid=35 addr=4 fc=0x03
BURST tid=36 addr=5 fc=0x03
BURST tid=37 addr=6 fc=0x03
BURST tid=38 addr=7 fc=0x03
BURST tid=39 addr=8 fc=0x03
BURST tid=40 addr=9 fc=0x03
NORMAL tid=41 addr=0 fc=0x03
NORMAL tid=42 addr=1 fc=0x03
NORMAL tid=43 addr=2 fc=0x03
NORMAL tid=44 addr=3 fc=0x03
NORMAL tid=45 addr=4 fc=0x03
NORMAL tid=46 addr=5 fc=0x03
NORMAL tid=47 addr=6 fc=0x03
NORMAL tid=48 addr=7 fc=0x03
NORMAL tid=49 addr=8 fc=0x03
NORMAL tid=50 addr=9 fc=0x03
NORMAL tid=51 addr=0 fc=0x03
NORMAL tid=52 addr=1 fc=0x03
NORMAL tid=53 addr=2 fc=0x03
NORMAL tid=54 addr=3 fc=0x03
NORMAL tid=55 addr=4 fc=0x03
NORMAL tid=56 addr=5 fc=0x03
NORMAL tid=57 addr=6 fc=0x03
NORMAL tid=58 addr=7 fc=0x03
NORMAL tid=59 addr=8 fc=0x03
NORMAL tid=60 addr=9 fc=0x03
REQUESTS_SUCCESSFUL=60
REQUESTS_MISSED=0

RAW PCAP:
4bd6be204deda7a0d51e835e65941f3a9e1c9fc5dc2d181f9b2bbaa7a51fc137  /home/chand/otshield-bench/evidence/v06/20260922T021855Z/trial-23/delay60_jitter10/raw.pcap
NORMALIZED_RECORDS= 60

CONDITION COMPLETE:
trial=23 condition=delay60_jitter10

----------------------------------------------
TRIAL=23
CONDITION=clean
DELAY=0ms
JITTER=0ms
LOSS=0%
----------------------------------------------
Predeclared: openplc-v06-20260922T021855Z-t23-clean
Normal: 40
Anomaly: 20
763961a4737d54e58f0172d20213a2dccdfee17c2d8ab2bc0695ac3bc4cc264e  /home/chand/otshield-bench/evidence/v06/20260922T021855Z/trial-23/clean/protocol.json
NETEM: clean
NORMAL tid=01 addr=0 fc=0x03
NORMAL tid=02 addr=1 fc=0x03
NORMAL tid=03 addr=2 fc=0x03
NORMAL tid=04 addr=3 fc=0x03
NORMAL tid=05 addr=4 fc=0x03
NORMAL tid=06 addr=5 fc=0x03
NORMAL tid=07 addr=6 fc=0x03
NORMAL tid=08 addr=7 fc=0x03
NORMAL tid=09 addr=8 fc=0x03
NORMAL tid=10 addr=9 fc=0x03
NORMAL tid=11 addr=0 fc=0x03
NORMAL tid=12 addr=1 fc=0x03
NORMAL tid=13 addr=2 fc=0x03
NORMAL tid=14 addr=3 fc=0x03
NORMAL tid=15 addr=4 fc=0x03
NORMAL tid=16 addr=5 fc=0x03
NORMAL tid=17 addr=6 fc=0x03
NORMAL tid=18 addr=7 fc=0x03
NORMAL tid=19 addr=8 fc=0x03
NORMAL tid=20 addr=9 fc=0x03
BURST tid=21 addr=0 fc=0x03
BURST tid=22 addr=1 fc=0x03
BURST tid=23 addr=2 fc=0x03
BURST tid=24 addr=3 fc=0x03
BURST tid=25 addr=4 fc=0x03
BURST tid=26 addr=5 fc=0x03
BURST tid=27 addr=6 fc=0x03
BURST tid=28 addr=7 fc=0x03
BURST tid=29 addr=8 fc=0x03
BURST tid=30 addr=9 fc=0x03
BURST tid=31 addr=0 fc=0x03
BURST tid=32 addr=1 fc=0x03
BURST tid=33 addr=2 fc=0x03
BURST tid=34 addr=3 fc=0x03
BURST tid=35 addr=4 fc=0x03
BURST tid=36 addr=5 fc=0x03
BURST tid=37 addr=6 fc=0x03
BURST tid=38 addr=7 fc=0x03
BURST tid=39 addr=8 fc=0x03
BURST tid=40 addr=9 fc=0x03
NORMAL tid=41 addr=0 fc=0x03
NORMAL tid=42 addr=1 fc=0x03
NORMAL tid=43 addr=2 fc=0x03
NORMAL tid=44 addr=3 fc=0x03
NORMAL tid=45 addr=4 fc=0x03
NORMAL tid=46 addr=5 fc=0x03
NORMAL tid=47 addr=6 fc=0x03
NORMAL tid=48 addr=7 fc=0x03
NORMAL tid=49 addr=8 fc=0x03
NORMAL tid=50 addr=9 fc=0x03
NORMAL tid=51 addr=0 fc=0x03
NORMAL tid=52 addr=1 fc=0x03
NORMAL tid=53 addr=2 fc=0x03
NORMAL tid=54 addr=3 fc=0x03
NORMAL tid=55 addr=4 fc=0x03
NORMAL tid=56 addr=5 fc=0x03
NORMAL tid=57 addr=6 fc=0x03
NORMAL tid=58 addr=7 fc=0x03
NORMAL tid=59 addr=8 fc=0x03
NORMAL tid=60 addr=9 fc=0x03
REQUESTS_SUCCESSFUL=60
REQUESTS_MISSED=0

RAW PCAP:
475a6c459d75ddfb44c5db79e6c29f46b377a59ba0e8e06161863126e8cd4495  /home/chand/otshield-bench/evidence/v06/20260922T021855Z/trial-23/clean/raw.pcap
NORMALIZED_RECORDS= 60

CONDITION COMPLETE:
trial=23 condition=clean

----------------------------------------------
TRIAL=23
CONDITION=delay20
DELAY=20ms
JITTER=0ms
LOSS=0%
----------------------------------------------
Predeclared: openplc-v06-20260922T021855Z-t23-delay20
Normal: 40
Anomaly: 20
b940cea6e99be7d923bc502345b4a5db3055ed07de2be3d129ebf8db1409d362  /home/chand/otshield-bench/evidence/v06/20260922T021855Z/trial-23/delay20/protocol.json
NETEM:
qdisc netem 8110: root refcnt 13 limit 1000 delay 20ms seed 8201519166445258292
NORMAL tid=01 addr=0 fc=0x03
NORMAL tid=02 addr=1 fc=0x03
NORMAL tid=03 addr=2 fc=0x03
NORMAL tid=04 addr=3 fc=0x03
NORMAL tid=05 addr=4 fc=0x03
NORMAL tid=06 addr=5 fc=0x03
NORMAL tid=07 addr=6 fc=0x03
NORMAL tid=08 addr=7 fc=0x03
NORMAL tid=09 addr=8 fc=0x03
NORMAL tid=10 addr=9 fc=0x03
NORMAL tid=11 addr=0 fc=0x03
NORMAL tid=12 addr=1 fc=0x03
NORMAL tid=13 addr=2 fc=0x03
NORMAL tid=14 addr=3 fc=0x03
NORMAL tid=15 addr=4 fc=0x03
NORMAL tid=16 addr=5 fc=0x03
NORMAL tid=17 addr=6 fc=0x03
NORMAL tid=18 addr=7 fc=0x03
NORMAL tid=19 addr=8 fc=0x03
NORMAL tid=20 addr=9 fc=0x03
BURST tid=21 addr=0 fc=0x03
BURST tid=22 addr=1 fc=0x03
BURST tid=23 addr=2 fc=0x03
BURST tid=24 addr=3 fc=0x03
BURST tid=25 addr=4 fc=0x03
BURST tid=26 addr=5 fc=0x03
BURST tid=27 addr=6 fc=0x03
BURST tid=28 addr=7 fc=0x03
BURST tid=29 addr=8 fc=0x03
BURST tid=30 addr=9 fc=0x03
BURST tid=31 addr=0 fc=0x03
BURST tid=32 addr=1 fc=0x03
BURST tid=33 addr=2 fc=0x03
BURST tid=34 addr=3 fc=0x03
BURST tid=35 addr=4 fc=0x03
BURST tid=36 addr=5 fc=0x03
BURST tid=37 addr=6 fc=0x03
BURST tid=38 addr=7 fc=0x03
BURST tid=39 addr=8 fc=0x03
BURST tid=40 addr=9 fc=0x03
NORMAL tid=41 addr=0 fc=0x03
NORMAL tid=42 addr=1 fc=0x03
NORMAL tid=43 addr=2 fc=0x03
NORMAL tid=44 addr=3 fc=0x03
NORMAL tid=45 addr=4 fc=0x03
NORMAL tid=46 addr=5 fc=0x03
NORMAL tid=47 addr=6 fc=0x03
NORMAL tid=48 addr=7 fc=0x03
NORMAL tid=49 addr=8 fc=0x03
NORMAL tid=50 addr=9 fc=0x03
NORMAL tid=51 addr=0 fc=0x03
NORMAL tid=52 addr=1 fc=0x03
NORMAL tid=53 addr=2 fc=0x03
NORMAL tid=54 addr=3 fc=0x03
NORMAL tid=55 addr=4 fc=0x03
NORMAL tid=56 addr=5 fc=0x03
NORMAL tid=57 addr=6 fc=0x03
NORMAL tid=58 addr=7 fc=0x03
NORMAL tid=59 addr=8 fc=0x03
NORMAL tid=60 addr=9 fc=0x03
REQUESTS_SUCCESSFUL=60
REQUESTS_MISSED=0

RAW PCAP:
3e86b6bc1ad0699066b37a891210c96d50d62f6157a05b7dc5eb979f91d849a5  /home/chand/otshield-bench/evidence/v06/20260922T021855Z/trial-23/delay20/raw.pcap
NORMALIZED_RECORDS= 60

CONDITION COMPLETE:
trial=23 condition=delay20

TRIAL 23 COMPLETE

##############################################
TRIAL 24 / 25
##############################################
 Network docker_otshield-ics-net Creating 
 Network docker_otshield-ics-net Creating 
 Network docker_otshield-ics-net Created 
 Network docker_otshield-ics-net Created 
 Container otshield-openplc Creating 
 Container otshield-openplc Created 
 Container otshield-openplc Starting 
 Container otshield-openplc Started 
OpenPLC: starting
OpenPLC: healthy
OPENPLC_EXPECTED_ID=9b984c2a60dc4e49dacfafe1262cf90ae8485b1c7e559c2708471809f633317f
Network: docker_otshield-ics-net
Image: fortiphyd/grfics-plc:latest
Image ID: sha256:364461af6d7b56563fa6fdc6a296a2dfa6530caf07ea736bbc9a71701a360919

----------------------------------------------
TRIAL=24
CONDITION=delay40_jitter10
DELAY=40ms
JITTER=10ms
LOSS=0%
----------------------------------------------
Predeclared: openplc-v06-20260922T021855Z-t24-delay40_jitter10
Normal: 40
Anomaly: 20
e4dcee7d7598cf304219783c810b126b2a952abf409367864feab585090fa442  /home/chand/otshield-bench/evidence/v06/20260922T021855Z/trial-24/delay40_jitter10/protocol.json
NETEM:
qdisc netem 8111: root refcnt 13 limit 1000 delay 40ms  10ms seed 3561005280839176620
NORMAL tid=01 addr=0 fc=0x03
NORMAL tid=02 addr=1 fc=0x03
NORMAL tid=03 addr=2 fc=0x03
NORMAL tid=04 addr=3 fc=0x03
NORMAL tid=05 addr=4 fc=0x03
NORMAL tid=06 addr=5 fc=0x03
NORMAL tid=07 addr=6 fc=0x03
NORMAL tid=08 addr=7 fc=0x03
NORMAL tid=09 addr=8 fc=0x03
NORMAL tid=10 addr=9 fc=0x03
NORMAL tid=11 addr=0 fc=0x03
NORMAL tid=12 addr=1 fc=0x03
NORMAL tid=13 addr=2 fc=0x03
NORMAL tid=14 addr=3 fc=0x03
NORMAL tid=15 addr=4 fc=0x03
NORMAL tid=16 addr=5 fc=0x03
NORMAL tid=17 addr=6 fc=0x03
NORMAL tid=18 addr=7 fc=0x03
NORMAL tid=19 addr=8 fc=0x03
NORMAL tid=20 addr=9 fc=0x03
BURST tid=21 addr=0 fc=0x03
BURST tid=22 addr=1 fc=0x03
BURST tid=23 addr=2 fc=0x03
BURST tid=24 addr=3 fc=0x03
BURST tid=25 addr=4 fc=0x03
BURST tid=26 addr=5 fc=0x03
BURST tid=27 addr=6 fc=0x03
BURST tid=28 addr=7 fc=0x03
BURST tid=29 addr=8 fc=0x03
BURST tid=30 addr=9 fc=0x03
BURST tid=31 addr=0 fc=0x03
BURST tid=32 addr=1 fc=0x03
BURST tid=33 addr=2 fc=0x03
BURST tid=34 addr=3 fc=0x03
BURST tid=35 addr=4 fc=0x03
BURST tid=36 addr=5 fc=0x03
BURST tid=37 addr=6 fc=0x03
BURST tid=38 addr=7 fc=0x03
BURST tid=39 addr=8 fc=0x03
BURST tid=40 addr=9 fc=0x03
NORMAL tid=41 addr=0 fc=0x03
NORMAL tid=42 addr=1 fc=0x03
NORMAL tid=43 addr=2 fc=0x03
NORMAL tid=44 addr=3 fc=0x03
NORMAL tid=45 addr=4 fc=0x03
NORMAL tid=46 addr=5 fc=0x03
NORMAL tid=47 addr=6 fc=0x03
NORMAL tid=48 addr=7 fc=0x03
NORMAL tid=49 addr=8 fc=0x03
NORMAL tid=50 addr=9 fc=0x03
NORMAL tid=51 addr=0 fc=0x03
NORMAL tid=52 addr=1 fc=0x03
NORMAL tid=53 addr=2 fc=0x03
NORMAL tid=54 addr=3 fc=0x03
NORMAL tid=55 addr=4 fc=0x03
NORMAL tid=56 addr=5 fc=0x03
NORMAL tid=57 addr=6 fc=0x03
NORMAL tid=58 addr=7 fc=0x03
NORMAL tid=59 addr=8 fc=0x03
NORMAL tid=60 addr=9 fc=0x03
REQUESTS_SUCCESSFUL=60
REQUESTS_MISSED=0

RAW PCAP:
2e5a0352a342d96dddb932776f6b3a3990e2d4bfbf50b4539cd337148b75b162  /home/chand/otshield-bench/evidence/v06/20260922T021855Z/trial-24/delay40_jitter10/raw.pcap
NORMALIZED_RECORDS= 60

CONDITION COMPLETE:
trial=24 condition=delay40_jitter10

----------------------------------------------
TRIAL=24
CONDITION=delay60_jitter10
DELAY=60ms
JITTER=10ms
LOSS=0%
----------------------------------------------
Predeclared: openplc-v06-20260922T021855Z-t24-delay60_jitter10
Normal: 40
Anomaly: 20
6367e499c04a97dfe5b95a9b33af59041a6d70ec0276ea83bb302b45905f9217  /home/chand/otshield-bench/evidence/v06/20260922T021855Z/trial-24/delay60_jitter10/protocol.json
NETEM:
qdisc netem 8112: root refcnt 13 limit 1000 delay 60ms  10ms seed 12693603322870575519
NORMAL tid=01 addr=0 fc=0x03
NORMAL tid=02 addr=1 fc=0x03
NORMAL tid=03 addr=2 fc=0x03
NORMAL tid=04 addr=3 fc=0x03
NORMAL tid=05 addr=4 fc=0x03
NORMAL tid=06 addr=5 fc=0x03
NORMAL tid=07 addr=6 fc=0x03
NORMAL tid=08 addr=7 fc=0x03
NORMAL tid=09 addr=8 fc=0x03
NORMAL tid=10 addr=9 fc=0x03
NORMAL tid=11 addr=0 fc=0x03
NORMAL tid=12 addr=1 fc=0x03
NORMAL tid=13 addr=2 fc=0x03
NORMAL tid=14 addr=3 fc=0x03
NORMAL tid=15 addr=4 fc=0x03
NORMAL tid=16 addr=5 fc=0x03
NORMAL tid=17 addr=6 fc=0x03
NORMAL tid=18 addr=7 fc=0x03
NORMAL tid=19 addr=8 fc=0x03
NORMAL tid=20 addr=9 fc=0x03
BURST tid=21 addr=0 fc=0x03
BURST tid=22 addr=1 fc=0x03
BURST tid=23 addr=2 fc=0x03
BURST tid=24 addr=3 fc=0x03
BURST tid=25 addr=4 fc=0x03
BURST tid=26 addr=5 fc=0x03
BURST tid=27 addr=6 fc=0x03
BURST tid=28 addr=7 fc=0x03
BURST tid=29 addr=8 fc=0x03
BURST tid=30 addr=9 fc=0x03
BURST tid=31 addr=0 fc=0x03
BURST tid=32 addr=1 fc=0x03
BURST tid=33 addr=2 fc=0x03
BURST tid=34 addr=3 fc=0x03
BURST tid=35 addr=4 fc=0x03
BURST tid=36 addr=5 fc=0x03
BURST tid=37 addr=6 fc=0x03
BURST tid=38 addr=7 fc=0x03
BURST tid=39 addr=8 fc=0x03
BURST tid=40 addr=9 fc=0x03
NORMAL tid=41 addr=0 fc=0x03
NORMAL tid=42 addr=1 fc=0x03
NORMAL tid=43 addr=2 fc=0x03
NORMAL tid=44 addr=3 fc=0x03
NORMAL tid=45 addr=4 fc=0x03
NORMAL tid=46 addr=5 fc=0x03
NORMAL tid=47 addr=6 fc=0x03
NORMAL tid=48 addr=7 fc=0x03
NORMAL tid=49 addr=8 fc=0x03
NORMAL tid=50 addr=9 fc=0x03
NORMAL tid=51 addr=0 fc=0x03
NORMAL tid=52 addr=1 fc=0x03
NORMAL tid=53 addr=2 fc=0x03
NORMAL tid=54 addr=3 fc=0x03
NORMAL tid=55 addr=4 fc=0x03
NORMAL tid=56 addr=5 fc=0x03
NORMAL tid=57 addr=6 fc=0x03
NORMAL tid=58 addr=7 fc=0x03
NORMAL tid=59 addr=8 fc=0x03
NORMAL tid=60 addr=9 fc=0x03
REQUESTS_SUCCESSFUL=60
REQUESTS_MISSED=0

RAW PCAP:
c33e769d5366f864936cd63b16339c4c55f4eefbfbd7770619355a4ac992999c  /home/chand/otshield-bench/evidence/v06/20260922T021855Z/trial-24/delay60_jitter10/raw.pcap
NORMALIZED_RECORDS= 60

CONDITION COMPLETE:
trial=24 condition=delay60_jitter10

----------------------------------------------
TRIAL=24
CONDITION=clean
DELAY=0ms
JITTER=0ms
LOSS=0%
----------------------------------------------
Predeclared: openplc-v06-20260922T021855Z-t24-clean
Normal: 40
Anomaly: 20
41385a3ea24375c91ddbf552158aa3c8d93ff8c0413d7a64c987db15de037612  /home/chand/otshield-bench/evidence/v06/20260922T021855Z/trial-24/clean/protocol.json
NETEM: clean
NORMAL tid=01 addr=0 fc=0x03
NORMAL tid=02 addr=1 fc=0x03
NORMAL tid=03 addr=2 fc=0x03
NORMAL tid=04 addr=3 fc=0x03
NORMAL tid=05 addr=4 fc=0x03
NORMAL tid=06 addr=5 fc=0x03
NORMAL tid=07 addr=6 fc=0x03
NORMAL tid=08 addr=7 fc=0x03
NORMAL tid=09 addr=8 fc=0x03
NORMAL tid=10 addr=9 fc=0x03
NORMAL tid=11 addr=0 fc=0x03
NORMAL tid=12 addr=1 fc=0x03
NORMAL tid=13 addr=2 fc=0x03
NORMAL tid=14 addr=3 fc=0x03
NORMAL tid=15 addr=4 fc=0x03
NORMAL tid=16 addr=5 fc=0x03
NORMAL tid=17 addr=6 fc=0x03
NORMAL tid=18 addr=7 fc=0x03
NORMAL tid=19 addr=8 fc=0x03
NORMAL tid=20 addr=9 fc=0x03
BURST tid=21 addr=0 fc=0x03
BURST tid=22 addr=1 fc=0x03
BURST tid=23 addr=2 fc=0x03
BURST tid=24 addr=3 fc=0x03
BURST tid=25 addr=4 fc=0x03
BURST tid=26 addr=5 fc=0x03
BURST tid=27 addr=6 fc=0x03
BURST tid=28 addr=7 fc=0x03
BURST tid=29 addr=8 fc=0x03
BURST tid=30 addr=9 fc=0x03
BURST tid=31 addr=0 fc=0x03
BURST tid=32 addr=1 fc=0x03
BURST tid=33 addr=2 fc=0x03
BURST tid=34 addr=3 fc=0x03
BURST tid=35 addr=4 fc=0x03
BURST tid=36 addr=5 fc=0x03
BURST tid=37 addr=6 fc=0x03
BURST tid=38 addr=7 fc=0x03
BURST tid=39 addr=8 fc=0x03
BURST tid=40 addr=9 fc=0x03
NORMAL tid=41 addr=0 fc=0x03
NORMAL tid=42 addr=1 fc=0x03
NORMAL tid=43 addr=2 fc=0x03
NORMAL tid=44 addr=3 fc=0x03
NORMAL tid=45 addr=4 fc=0x03
NORMAL tid=46 addr=5 fc=0x03
NORMAL tid=47 addr=6 fc=0x03
NORMAL tid=48 addr=7 fc=0x03
NORMAL tid=49 addr=8 fc=0x03
NORMAL tid=50 addr=9 fc=0x03
NORMAL tid=51 addr=0 fc=0x03
NORMAL tid=52 addr=1 fc=0x03
NORMAL tid=53 addr=2 fc=0x03
NORMAL tid=54 addr=3 fc=0x03
NORMAL tid=55 addr=4 fc=0x03
NORMAL tid=56 addr=5 fc=0x03
NORMAL tid=57 addr=6 fc=0x03
NORMAL tid=58 addr=7 fc=0x03
NORMAL tid=59 addr=8 fc=0x03
NORMAL tid=60 addr=9 fc=0x03
REQUESTS_SUCCESSFUL=60
REQUESTS_MISSED=0

RAW PCAP:
48efa1be027dd53eceaedbb0c1d43650f2a0475bae67f1718315d9d38686bdf9  /home/chand/otshield-bench/evidence/v06/20260922T021855Z/trial-24/clean/raw.pcap
NORMALIZED_RECORDS= 60

CONDITION COMPLETE:
trial=24 condition=clean

----------------------------------------------
TRIAL=24
CONDITION=delay20
DELAY=20ms
JITTER=0ms
LOSS=0%
----------------------------------------------
Predeclared: openplc-v06-20260922T021855Z-t24-delay20
Normal: 40
Anomaly: 20
d73a3b7608e9850d6c6956c6fba394806ce094e1e5953f17f85a021285d740f2  /home/chand/otshield-bench/evidence/v06/20260922T021855Z/trial-24/delay20/protocol.json
NETEM:
qdisc netem 8113: root refcnt 13 limit 1000 delay 20ms seed 2877837795254398931
NORMAL tid=01 addr=0 fc=0x03
NORMAL tid=02 addr=1 fc=0x03
NORMAL tid=03 addr=2 fc=0x03
NORMAL tid=04 addr=3 fc=0x03
NORMAL tid=05 addr=4 fc=0x03
NORMAL tid=06 addr=5 fc=0x03
NORMAL tid=07 addr=6 fc=0x03
NORMAL tid=08 addr=7 fc=0x03
NORMAL tid=09 addr=8 fc=0x03
NORMAL tid=10 addr=9 fc=0x03
NORMAL tid=11 addr=0 fc=0x03
NORMAL tid=12 addr=1 fc=0x03
NORMAL tid=13 addr=2 fc=0x03
NORMAL tid=14 addr=3 fc=0x03
NORMAL tid=15 addr=4 fc=0x03
NORMAL tid=16 addr=5 fc=0x03
NORMAL tid=17 addr=6 fc=0x03
NORMAL tid=18 addr=7 fc=0x03
NORMAL tid=19 addr=8 fc=0x03
NORMAL tid=20 addr=9 fc=0x03
BURST tid=21 addr=0 fc=0x03
BURST tid=22 addr=1 fc=0x03
BURST tid=23 addr=2 fc=0x03
BURST tid=24 addr=3 fc=0x03
BURST tid=25 addr=4 fc=0x03
BURST tid=26 addr=5 fc=0x03
BURST tid=27 addr=6 fc=0x03
BURST tid=28 addr=7 fc=0x03
BURST tid=29 addr=8 fc=0x03
BURST tid=30 addr=9 fc=0x03
BURST tid=31 addr=0 fc=0x03
BURST tid=32 addr=1 fc=0x03
BURST tid=33 addr=2 fc=0x03
BURST tid=34 addr=3 fc=0x03
BURST tid=35 addr=4 fc=0x03
BURST tid=36 addr=5 fc=0x03
BURST tid=37 addr=6 fc=0x03
BURST tid=38 addr=7 fc=0x03
BURST tid=39 addr=8 fc=0x03
BURST tid=40 addr=9 fc=0x03
NORMAL tid=41 addr=0 fc=0x03
NORMAL tid=42 addr=1 fc=0x03
NORMAL tid=43 addr=2 fc=0x03
NORMAL tid=44 addr=3 fc=0x03
NORMAL tid=45 addr=4 fc=0x03
NORMAL tid=46 addr=5 fc=0x03
NORMAL tid=47 addr=6 fc=0x03
NORMAL tid=48 addr=7 fc=0x03
NORMAL tid=49 addr=8 fc=0x03
NORMAL tid=50 addr=9 fc=0x03
NORMAL tid=51 addr=0 fc=0x03
NORMAL tid=52 addr=1 fc=0x03
NORMAL tid=53 addr=2 fc=0x03
NORMAL tid=54 addr=3 fc=0x03
NORMAL tid=55 addr=4 fc=0x03
NORMAL tid=56 addr=5 fc=0x03
NORMAL tid=57 addr=6 fc=0x03
NORMAL tid=58 addr=7 fc=0x03
NORMAL tid=59 addr=8 fc=0x03
NORMAL tid=60 addr=9 fc=0x03
REQUESTS_SUCCESSFUL=60
REQUESTS_MISSED=0

RAW PCAP:
3d28af2bd371a42464802c25463fc6eb2361e4063d9a90318f600e32812f517e  /home/chand/otshield-bench/evidence/v06/20260922T021855Z/trial-24/delay20/raw.pcap
NORMALIZED_RECORDS= 60

CONDITION COMPLETE:
trial=24 condition=delay20

----------------------------------------------
TRIAL=24
CONDITION=delay20_jitter5_loss5
DELAY=20ms
JITTER=5ms
LOSS=5%
----------------------------------------------
Predeclared: openplc-v06-20260922T021855Z-t24-delay20_jitter5_loss5
Normal: 40
Anomaly: 20
a5071c6b09ccc80f2ba5ec41b988a4b9340a23ecdf94b372e5c0a6d28122d9ec  /home/chand/otshield-bench/evidence/v06/20260922T021855Z/trial-24/delay20_jitter5_loss5/protocol.json
NETEM:
qdisc netem 8114: root refcnt 13 limit 1000 delay 20ms  5ms loss 5% seed 18149071533254322334
NORMAL tid=01 addr=0 fc=0x03
NORMAL tid=02 addr=1 fc=0x03
NORMAL tid=03 addr=2 fc=0x03
NORMAL tid=04 addr=3 fc=0x03
NORMAL tid=05 addr=4 fc=0x03
NORMAL tid=06 addr=5 fc=0x03
NORMAL tid=07 addr=6 fc=0x03
NORMAL tid=08 addr=7 fc=0x03
NORMAL tid=09 addr=8 fc=0x03
NORMAL tid=10 addr=9 fc=0x03
NORMAL tid=11 addr=0 fc=0x03
NORMAL tid=12 addr=1 fc=0x03
NORMAL tid=13 addr=2 fc=0x03
NORMAL tid=14 addr=3 fc=0x03
NORMAL tid=15 addr=4 fc=0x03
NORMAL tid=16 addr=5 fc=0x03
NORMAL tid=17 addr=6 fc=0x03
NORMAL tid=18 addr=7 fc=0x03
NORMAL tid=19 addr=8 fc=0x03
NORMAL tid=20 addr=9 fc=0x03
BURST tid=21 addr=0 fc=0x03
BURST tid=22 addr=1 fc=0x03
BURST tid=23 addr=2 fc=0x03
BURST tid=24 addr=3 fc=0x03
BURST tid=25 addr=4 fc=0x03
BURST tid=26 addr=5 fc=0x03
BURST tid=27 addr=6 fc=0x03
BURST tid=28 addr=7 fc=0x03
BURST tid=29 addr=8 fc=0x03
BURST tid=30 addr=9 fc=0x03
BURST tid=31 addr=0 fc=0x03
BURST tid=32 addr=1 fc=0x03
BURST tid=33 addr=2 fc=0x03
BURST tid=34 addr=3 fc=0x03
BURST tid=35 addr=4 fc=0x03
BURST tid=36 addr=5 fc=0x03
BURST tid=37 addr=6 fc=0x03
BURST tid=38 addr=7 fc=0x03
BURST tid=39 addr=8 fc=0x03
BURST tid=40 addr=9 fc=0x03
NORMAL tid=41 addr=0 fc=0x03
NORMAL tid=42 addr=1 fc=0x03
NORMAL tid=43 addr=2 fc=0x03
NORMAL tid=44 addr=3 fc=0x03
NORMAL tid=45 addr=4 fc=0x03
NORMAL tid=46 addr=5 fc=0x03
NORMAL tid=47 addr=6 fc=0x03
NORMAL tid=48 addr=7 fc=0x03
NORMAL tid=49 addr=8 fc=0x03
NORMAL tid=50 addr=9 fc=0x03
NORMAL tid=51 addr=0 fc=0x03
NORMAL tid=52 addr=1 fc=0x03
NORMAL tid=53 addr=2 fc=0x03
NORMAL tid=54 addr=3 fc=0x03
NORMAL tid=55 addr=4 fc=0x03
NORMAL tid=56 addr=5 fc=0x03
NORMAL tid=57 addr=6 fc=0x03
NORMAL tid=58 addr=7 fc=0x03
NORMAL tid=59 addr=8 fc=0x03
NORMAL tid=60 addr=9 fc=0x03
REQUESTS_SUCCESSFUL=60
REQUESTS_MISSED=0

RAW PCAP:
b52eaa8ae41e1ed03cd9fc982ca51182cc8c955c733e1a735d70b25c3c752068  /home/chand/otshield-bench/evidence/v06/20260922T021855Z/trial-24/delay20_jitter5_loss5/raw.pcap
NORMALIZED_RECORDS= 60

CONDITION COMPLETE:
trial=24 condition=delay20_jitter5_loss5

TRIAL 24 COMPLETE

##############################################
TRIAL 25 / 25
##############################################
 Network docker_otshield-ics-net Creating 
 Network docker_otshield-ics-net Creating 
 Network docker_otshield-ics-net Created 
 Network docker_otshield-ics-net Created 
 Container otshield-openplc Creating 
 Container otshield-openplc Created 
 Container otshield-openplc Starting 
 Container otshield-openplc Started 
OpenPLC: starting
OpenPLC: healthy
OPENPLC_EXPECTED_ID=8a8c96c8d29088be5a0c68779ab69170b79103f9e32be70af61c70db9f08ace7
Network: docker_otshield-ics-net
Image: fortiphyd/grfics-plc:latest
Image ID: sha256:364461af6d7b56563fa6fdc6a296a2dfa6530caf07ea736bbc9a71701a360919

----------------------------------------------
TRIAL=25
CONDITION=delay60_jitter10
DELAY=60ms
JITTER=10ms
LOSS=0%
----------------------------------------------
Predeclared: openplc-v06-20260922T021855Z-t25-delay60_jitter10
Normal: 40
Anomaly: 20
193a4a5c900e28b3af8c6c1aa84f7cc6afdf63f6ad696ae3424faa5f051751b8  /home/chand/otshield-bench/evidence/v06/20260922T021855Z/trial-25/delay60_jitter10/protocol.json
NETEM:
qdisc netem 8115: root refcnt 13 limit 1000 delay 60ms  10ms seed 13643181376894281770
NORMAL tid=01 addr=0 fc=0x03
NORMAL tid=02 addr=1 fc=0x03
NORMAL tid=03 addr=2 fc=0x03
NORMAL tid=04 addr=3 fc=0x03
NORMAL tid=05 addr=4 fc=0x03
NORMAL tid=06 addr=5 fc=0x03
NORMAL tid=07 addr=6 fc=0x03
NORMAL tid=08 addr=7 fc=0x03
NORMAL tid=09 addr=8 fc=0x03
NORMAL tid=10 addr=9 fc=0x03
NORMAL tid=11 addr=0 fc=0x03
NORMAL tid=12 addr=1 fc=0x03
NORMAL tid=13 addr=2 fc=0x03
NORMAL tid=14 addr=3 fc=0x03
NORMAL tid=15 addr=4 fc=0x03
NORMAL tid=16 addr=5 fc=0x03
NORMAL tid=17 addr=6 fc=0x03
NORMAL tid=18 addr=7 fc=0x03
NORMAL tid=19 addr=8 fc=0x03
NORMAL tid=20 addr=9 fc=0x03
BURST tid=21 addr=0 fc=0x03
BURST tid=22 addr=1 fc=0x03
BURST tid=23 addr=2 fc=0x03
BURST tid=24 addr=3 fc=0x03
BURST tid=25 addr=4 fc=0x03
BURST tid=26 addr=5 fc=0x03
BURST tid=27 addr=6 fc=0x03
BURST tid=28 addr=7 fc=0x03
BURST tid=29 addr=8 fc=0x03
BURST tid=30 addr=9 fc=0x03
BURST tid=31 addr=0 fc=0x03
BURST tid=32 addr=1 fc=0x03
BURST tid=33 addr=2 fc=0x03
BURST tid=34 addr=3 fc=0x03
BURST tid=35 addr=4 fc=0x03
BURST tid=36 addr=5 fc=0x03
BURST tid=37 addr=6 fc=0x03
BURST tid=38 addr=7 fc=0x03
BURST tid=39 addr=8 fc=0x03
BURST tid=40 addr=9 fc=0x03
NORMAL tid=41 addr=0 fc=0x03
NORMAL tid=42 addr=1 fc=0x03
NORMAL tid=43 addr=2 fc=0x03
NORMAL tid=44 addr=3 fc=0x03
NORMAL tid=45 addr=4 fc=0x03
NORMAL tid=46 addr=5 fc=0x03
NORMAL tid=47 addr=6 fc=0x03
NORMAL tid=48 addr=7 fc=0x03
NORMAL tid=49 addr=8 fc=0x03
NORMAL tid=50 addr=9 fc=0x03
NORMAL tid=51 addr=0 fc=0x03
NORMAL tid=52 addr=1 fc=0x03
NORMAL tid=53 addr=2 fc=0x03
NORMAL tid=54 addr=3 fc=0x03
NORMAL tid=55 addr=4 fc=0x03
NORMAL tid=56 addr=5 fc=0x03
NORMAL tid=57 addr=6 fc=0x03
NORMAL tid=58 addr=7 fc=0x03
NORMAL tid=59 addr=8 fc=0x03
NORMAL tid=60 addr=9 fc=0x03
REQUESTS_SUCCESSFUL=60
REQUESTS_MISSED=0

RAW PCAP:
8345c16ef2dbad257ba3cbf087b835d69b42ebb82343ec8b0284c318ecc13a7f  /home/chand/otshield-bench/evidence/v06/20260922T021855Z/trial-25/delay60_jitter10/raw.pcap
NORMALIZED_RECORDS= 60

CONDITION COMPLETE:
trial=25 condition=delay60_jitter10

----------------------------------------------
TRIAL=25
CONDITION=clean
DELAY=0ms
JITTER=0ms
LOSS=0%
----------------------------------------------
Predeclared: openplc-v06-20260922T021855Z-t25-clean
Normal: 40
Anomaly: 20
c999d38e07220b93d6ed1ca434187472e74e104f421a10c04be8f65145f0953a  /home/chand/otshield-bench/evidence/v06/20260922T021855Z/trial-25/clean/protocol.json
NETEM: clean
NORMAL tid=01 addr=0 fc=0x03
NORMAL tid=02 addr=1 fc=0x03
NORMAL tid=03 addr=2 fc=0x03
NORMAL tid=04 addr=3 fc=0x03
NORMAL tid=05 addr=4 fc=0x03
NORMAL tid=06 addr=5 fc=0x03
NORMAL tid=07 addr=6 fc=0x03
NORMAL tid=08 addr=7 fc=0x03
NORMAL tid=09 addr=8 fc=0x03
NORMAL tid=10 addr=9 fc=0x03
NORMAL tid=11 addr=0 fc=0x03
NORMAL tid=12 addr=1 fc=0x03
NORMAL tid=13 addr=2 fc=0x03
NORMAL tid=14 addr=3 fc=0x03
NORMAL tid=15 addr=4 fc=0x03
NORMAL tid=16 addr=5 fc=0x03
NORMAL tid=17 addr=6 fc=0x03
NORMAL tid=18 addr=7 fc=0x03
NORMAL tid=19 addr=8 fc=0x03
NORMAL tid=20 addr=9 fc=0x03
BURST tid=21 addr=0 fc=0x03
BURST tid=22 addr=1 fc=0x03
BURST tid=23 addr=2 fc=0x03
BURST tid=24 addr=3 fc=0x03
BURST tid=25 addr=4 fc=0x03
BURST tid=26 addr=5 fc=0x03
BURST tid=27 addr=6 fc=0x03
BURST tid=28 addr=7 fc=0x03
BURST tid=29 addr=8 fc=0x03
BURST tid=30 addr=9 fc=0x03
BURST tid=31 addr=0 fc=0x03
BURST tid=32 addr=1 fc=0x03
BURST tid=33 addr=2 fc=0x03
BURST tid=34 addr=3 fc=0x03
BURST tid=35 addr=4 fc=0x03
BURST tid=36 addr=5 fc=0x03
BURST tid=37 addr=6 fc=0x03
BURST tid=38 addr=7 fc=0x03
BURST tid=39 addr=8 fc=0x03
BURST tid=40 addr=9 fc=0x03
NORMAL tid=41 addr=0 fc=0x03
NORMAL tid=42 addr=1 fc=0x03
NORMAL tid=43 addr=2 fc=0x03
NORMAL tid=44 addr=3 fc=0x03
NORMAL tid=45 addr=4 fc=0x03
NORMAL tid=46 addr=5 fc=0x03
NORMAL tid=47 addr=6 fc=0x03
NORMAL tid=48 addr=7 fc=0x03
NORMAL tid=49 addr=8 fc=0x03
NORMAL tid=50 addr=9 fc=0x03
NORMAL tid=51 addr=0 fc=0x03
NORMAL tid=52 addr=1 fc=0x03
NORMAL tid=53 addr=2 fc=0x03
NORMAL tid=54 addr=3 fc=0x03
NORMAL tid=55 addr=4 fc=0x03
NORMAL tid=56 addr=5 fc=0x03
NORMAL tid=57 addr=6 fc=0x03
NORMAL tid=58 addr=7 fc=0x03
NORMAL tid=59 addr=8 fc=0x03
NORMAL tid=60 addr=9 fc=0x03
REQUESTS_SUCCESSFUL=60
REQUESTS_MISSED=0

RAW PCAP:
37309913c811fb1244f27d1b6d576e5df4c7e899d5d8386a8f3d60bcd35fe31c  /home/chand/otshield-bench/evidence/v06/20260922T021855Z/trial-25/clean/raw.pcap
NORMALIZED_RECORDS= 60

CONDITION COMPLETE:
trial=25 condition=clean

----------------------------------------------
TRIAL=25
CONDITION=delay20
DELAY=20ms
JITTER=0ms
LOSS=0%
----------------------------------------------
Predeclared: openplc-v06-20260922T021855Z-t25-delay20
Normal: 40
Anomaly: 20
ad6ad5a99f0cc58c1dba1fa76c5582d9bde4639163ad8b13380198b024e4249e  /home/chand/otshield-bench/evidence/v06/20260922T021855Z/trial-25/delay20/protocol.json
NETEM:
qdisc netem 8116: root refcnt 13 limit 1000 delay 20ms seed 1636877709620277734
NORMAL tid=01 addr=0 fc=0x03
NORMAL tid=02 addr=1 fc=0x03
NORMAL tid=03 addr=2 fc=0x03
NORMAL tid=04 addr=3 fc=0x03
NORMAL tid=05 addr=4 fc=0x03
NORMAL tid=06 addr=5 fc=0x03
NORMAL tid=07 addr=6 fc=0x03
NORMAL tid=08 addr=7 fc=0x03
NORMAL tid=09 addr=8 fc=0x03
NORMAL tid=10 addr=9 fc=0x03
NORMAL tid=11 addr=0 fc=0x03
NORMAL tid=12 addr=1 fc=0x03
NORMAL tid=13 addr=2 fc=0x03
NORMAL tid=14 addr=3 fc=0x03
NORMAL tid=15 addr=4 fc=0x03
NORMAL tid=16 addr=5 fc=0x03
NORMAL tid=17 addr=6 fc=0x03
NORMAL tid=18 addr=7 fc=0x03
NORMAL tid=19 addr=8 fc=0x03
NORMAL tid=20 addr=9 fc=0x03
BURST tid=21 addr=0 fc=0x03
BURST tid=22 addr=1 fc=0x03
BURST tid=23 addr=2 fc=0x03
BURST tid=24 addr=3 fc=0x03
BURST tid=25 addr=4 fc=0x03
BURST tid=26 addr=5 fc=0x03
BURST tid=27 addr=6 fc=0x03
BURST tid=28 addr=7 fc=0x03
BURST tid=29 addr=8 fc=0x03
BURST tid=30 addr=9 fc=0x03
BURST tid=31 addr=0 fc=0x03
BURST tid=32 addr=1 fc=0x03
BURST tid=33 addr=2 fc=0x03
BURST tid=34 addr=3 fc=0x03
BURST tid=35 addr=4 fc=0x03
BURST tid=36 addr=5 fc=0x03
BURST tid=37 addr=6 fc=0x03
BURST tid=38 addr=7 fc=0x03
BURST tid=39 addr=8 fc=0x03
BURST tid=40 addr=9 fc=0x03
NORMAL tid=41 addr=0 fc=0x03
NORMAL tid=42 addr=1 fc=0x03
NORMAL tid=43 addr=2 fc=0x03
NORMAL tid=44 addr=3 fc=0x03
NORMAL tid=45 addr=4 fc=0x03
NORMAL tid=46 addr=5 fc=0x03
NORMAL tid=47 addr=6 fc=0x03
NORMAL tid=48 addr=7 fc=0x03
NORMAL tid=49 addr=8 fc=0x03
NORMAL tid=50 addr=9 fc=0x03
NORMAL tid=51 addr=0 fc=0x03
NORMAL tid=52 addr=1 fc=0x03
NORMAL tid=53 addr=2 fc=0x03
NORMAL tid=54 addr=3 fc=0x03
NORMAL tid=55 addr=4 fc=0x03
NORMAL tid=56 addr=5 fc=0x03
NORMAL tid=57 addr=6 fc=0x03
NORMAL tid=58 addr=7 fc=0x03
NORMAL tid=59 addr=8 fc=0x03
NORMAL tid=60 addr=9 fc=0x03
REQUESTS_SUCCESSFUL=60
REQUESTS_MISSED=0

RAW PCAP:
65b58d52749ef4e8b8c9b3ccc1e2851bd6f5ada672f09748f28193dda8d4c4c9  /home/chand/otshield-bench/evidence/v06/20260922T021855Z/trial-25/delay20/raw.pcap
NORMALIZED_RECORDS= 60

CONDITION COMPLETE:
trial=25 condition=delay20

----------------------------------------------
TRIAL=25
CONDITION=delay20_jitter5_loss5
DELAY=20ms
JITTER=5ms
LOSS=5%
----------------------------------------------
Predeclared: openplc-v06-20260922T021855Z-t25-delay20_jitter5_loss5
Normal: 40
Anomaly: 20
1659195af3b1ade31fc6d74486662944adcab4724c5e3d8194db9c530b2e1b24  /home/chand/otshield-bench/evidence/v06/20260922T021855Z/trial-25/delay20_jitter5_loss5/protocol.json
NETEM:
qdisc netem 8117: root refcnt 13 limit 1000 delay 20ms  5ms loss 5% seed 1375193886083430072
NORMAL tid=01 addr=0 fc=0x03
NORMAL tid=02 addr=1 fc=0x03
NORMAL tid=03 addr=2 fc=0x03
NORMAL tid=04 addr=3 fc=0x03
NORMAL tid=05 addr=4 fc=0x03
NORMAL tid=06 addr=5 fc=0x03
NORMAL tid=07 addr=6 fc=0x03
NORMAL tid=08 addr=7 fc=0x03
NORMAL tid=09 addr=8 fc=0x03
NORMAL tid=10 addr=9 fc=0x03
NORMAL tid=11 addr=0 fc=0x03
NORMAL tid=12 addr=1 fc=0x03
NORMAL tid=13 addr=2 fc=0x03
NORMAL tid=14 addr=3 fc=0x03
NORMAL tid=15 addr=4 fc=0x03
NORMAL tid=16 addr=5 fc=0x03
NORMAL tid=17 addr=6 fc=0x03
NORMAL tid=18 addr=7 fc=0x03
NORMAL tid=19 addr=8 fc=0x03
NORMAL tid=20 addr=9 fc=0x03
BURST tid=21 addr=0 fc=0x03
BURST tid=22 addr=1 fc=0x03
BURST tid=23 addr=2 fc=0x03
BURST tid=24 addr=3 fc=0x03
BURST tid=25 addr=4 fc=0x03
BURST tid=26 addr=5 fc=0x03
BURST tid=27 addr=6 fc=0x03
BURST tid=28 addr=7 fc=0x03
BURST tid=29 addr=8 fc=0x03
BURST tid=30 addr=9 fc=0x03
BURST tid=31 addr=0 fc=0x03
BURST tid=32 addr=1 fc=0x03
BURST tid=33 addr=2 fc=0x03
BURST tid=34 addr=3 fc=0x03
BURST tid=35 addr=4 fc=0x03
BURST tid=36 addr=5 fc=0x03
BURST tid=37 addr=6 fc=0x03
BURST tid=38 addr=7 fc=0x03
BURST tid=39 addr=8 fc=0x03
BURST tid=40 addr=9 fc=0x03
NORMAL tid=41 addr=0 fc=0x03
NORMAL tid=42 addr=1 fc=0x03
NORMAL tid=43 addr=2 fc=0x03
NORMAL tid=44 addr=3 fc=0x03
NORMAL tid=45 addr=4 fc=0x03
NORMAL tid=46 addr=5 fc=0x03
NORMAL tid=47 addr=6 fc=0x03
NORMAL tid=48 addr=7 fc=0x03
NORMAL tid=49 addr=8 fc=0x03
NORMAL tid=50 addr=9 fc=0x03
NORMAL tid=51 addr=0 fc=0x03
NORMAL tid=52 addr=1 fc=0x03
NORMAL tid=53 addr=2 fc=0x03
NORMAL tid=54 addr=3 fc=0x03
NORMAL tid=55 addr=4 fc=0x03
NORMAL tid=56 addr=5 fc=0x03
NORMAL tid=57 addr=6 fc=0x03
NORMAL tid=58 addr=7 fc=0x03
NORMAL tid=59 addr=8 fc=0x03
NORMAL tid=60 addr=9 fc=0x03
REQUESTS_SUCCESSFUL=60
REQUESTS_MISSED=0

RAW PCAP:
c14f37b1364a22b36ce7d7ff5e5519dbd5e922d202ac5f9683919b1364a86481  /home/chand/otshield-bench/evidence/v06/20260922T021855Z/trial-25/delay20_jitter5_loss5/raw.pcap
NORMALIZED_RECORDS= 60

CONDITION COMPLETE:
trial=25 condition=delay20_jitter5_loss5

----------------------------------------------
TRIAL=25
CONDITION=delay40_jitter10
DELAY=40ms
JITTER=10ms
LOSS=0%
----------------------------------------------
Predeclared: openplc-v06-20260922T021855Z-t25-delay40_jitter10
Normal: 40
Anomaly: 20
77b9391057d0be83657fe33c2425b003b12d3575e53665f03b5e1276313c17d9  /home/chand/otshield-bench/evidence/v06/20260922T021855Z/trial-25/delay40_jitter10/protocol.json
NETEM:
qdisc netem 8118: root refcnt 13 limit 1000 delay 40ms  10ms seed 13752359665985452888
NORMAL tid=01 addr=0 fc=0x03
NORMAL tid=02 addr=1 fc=0x03
NORMAL tid=03 addr=2 fc=0x03
NORMAL tid=04 addr=3 fc=0x03
NORMAL tid=05 addr=4 fc=0x03
NORMAL tid=06 addr=5 fc=0x03
NORMAL tid=07 addr=6 fc=0x03
NORMAL tid=08 addr=7 fc=0x03
NORMAL tid=09 addr=8 fc=0x03
NORMAL tid=10 addr=9 fc=0x03
NORMAL tid=11 addr=0 fc=0x03
NORMAL tid=12 addr=1 fc=0x03
NORMAL tid=13 addr=2 fc=0x03
NORMAL tid=14 addr=3 fc=0x03
NORMAL tid=15 addr=4 fc=0x03
NORMAL tid=16 addr=5 fc=0x03
NORMAL tid=17 addr=6 fc=0x03
NORMAL tid=18 addr=7 fc=0x03
NORMAL tid=19 addr=8 fc=0x03
NORMAL tid=20 addr=9 fc=0x03
BURST tid=21 addr=0 fc=0x03
BURST tid=22 addr=1 fc=0x03
BURST tid=23 addr=2 fc=0x03
BURST tid=24 addr=3 fc=0x03
BURST tid=25 addr=4 fc=0x03
BURST tid=26 addr=5 fc=0x03
BURST tid=27 addr=6 fc=0x03
BURST tid=28 addr=7 fc=0x03
BURST tid=29 addr=8 fc=0x03
BURST tid=30 addr=9 fc=0x03
BURST tid=31 addr=0 fc=0x03
BURST tid=32 addr=1 fc=0x03
BURST tid=33 addr=2 fc=0x03
BURST tid=34 addr=3 fc=0x03
BURST tid=35 addr=4 fc=0x03
BURST tid=36 addr=5 fc=0x03
BURST tid=37 addr=6 fc=0x03
BURST tid=38 addr=7 fc=0x03
BURST tid=39 addr=8 fc=0x03
BURST tid=40 addr=9 fc=0x03
NORMAL tid=41 addr=0 fc=0x03
NORMAL tid=42 addr=1 fc=0x03
NORMAL tid=43 addr=2 fc=0x03
NORMAL tid=44 addr=3 fc=0x03
NORMAL tid=45 addr=4 fc=0x03
NORMAL tid=46 addr=5 fc=0x03
NORMAL tid=47 addr=6 fc=0x03
NORMAL tid=48 addr=7 fc=0x03
NORMAL tid=49 addr=8 fc=0x03
NORMAL tid=50 addr=9 fc=0x03
NORMAL tid=51 addr=0 fc=0x03
NORMAL tid=52 addr=1 fc=0x03
NORMAL tid=53 addr=2 fc=0x03
NORMAL tid=54 addr=3 fc=0x03
NORMAL tid=55 addr=4 fc=0x03
NORMAL tid=56 addr=5 fc=0x03
NORMAL tid=57 addr=6 fc=0x03
NORMAL tid=58 addr=7 fc=0x03
NORMAL tid=59 addr=8 fc=0x03
NORMAL tid=60 addr=9 fc=0x03
REQUESTS_SUCCESSFUL=60
REQUESTS_MISSED=0

RAW PCAP:
121e1f86c9cf9283a7371d365be2ccc6f5de1ccb37fa52cb33072a2142b9f38a  /home/chand/otshield-bench/evidence/v06/20260922T021855Z/trial-25/delay40_jitter10/raw.pcap
NORMALIZED_RECORDS= 60

CONDITION COMPLETE:
trial=25 condition=delay40_jitter10

TRIAL 25 COMPLETE
