Execution lock: /home/chand/otshield-bench/.otshield-runtime/v06-lab.lock
==============================================
OTShield repeatability study
Trials: 25
Conditions per trial: 5
Evidence root:
/home/chand/otshield-bench/evidence/v06/20260922T174026Z
==============================================

##############################################
TRIAL 1 / 25
##############################################
 Network docker_otshield-ics-net Creating 
 Network docker_otshield-ics-net Creating 
 Network docker_otshield-ics-net Created 
 Network docker_otshield-ics-net Created 
 Container otshield-openplc Creating 
 Container otshield-openplc Created 
 Container otshield-openplc Starting 
 Container otshield-openplc Started 
OpenPLC: starting
OpenPLC: healthy
OPENPLC_EXPECTED_ID=f2d2d3d52b1123cffae30c63ad6bb72c424ef330f38d2d94a55be3ffb18fcff3
Network: docker_otshield-ics-net
Image: fortiphyd/grfics-plc:latest
Image ID: sha256:364461af6d7b56563fa6fdc6a296a2dfa6530caf07ea736bbc9a71701a360919

----------------------------------------------
TRIAL=1
CONDITION=clean
DELAY=0ms
JITTER=0ms
LOSS=0%
----------------------------------------------
Predeclared: openplc-v06-20260922T174026Z-t01-clean
Normal: 40
Anomaly: 20
342f0db96c5468752176e26d84be6e57d0ffd17ea142ec9bda0cf943f0dd29e0  /home/chand/otshield-bench/evidence/v06/20260922T174026Z/trial-1/clean/protocol.json
NETEM: clean
NORMAL tid=01 addr=0 fc=0x03
NORMAL tid=02 addr=1 fc=0x03
NORMAL tid=03 addr=2 fc=0x03
NORMAL tid=04 addr=3 fc=0x03
NORMAL tid=05 addr=4 fc=0x03
NORMAL tid=06 addr=5 fc=0x03
NORMAL tid=07 addr=6 fc=0x03
NORMAL tid=08 addr=7 fc=0x03
NORMAL tid=09 addr=8 fc=0x03
NORMAL tid=10 addr=9 fc=0x03
NORMAL tid=11 addr=0 fc=0x03
NORMAL tid=12 addr=1 fc=0x03
NORMAL tid=13 addr=2 fc=0x03
NORMAL tid=14 addr=3 fc=0x03
NORMAL tid=15 addr=4 fc=0x03
NORMAL tid=16 addr=5 fc=0x03
NORMAL tid=17 addr=6 fc=0x03
NORMAL tid=18 addr=7 fc=0x03
NORMAL tid=19 addr=8 fc=0x03
NORMAL tid=20 addr=9 fc=0x03
BURST tid=21 addr=0 fc=0x03
BURST tid=22 addr=1 fc=0x03
BURST tid=23 addr=2 fc=0x03
BURST tid=24 addr=3 fc=0x03
BURST tid=25 addr=4 fc=0x03
BURST tid=26 addr=5 fc=0x03
BURST tid=27 addr=6 fc=0x03
BURST tid=28 addr=7 fc=0x03
BURST tid=29 addr=8 fc=0x03
BURST tid=30 addr=9 fc=0x03
BURST tid=31 addr=0 fc=0x03
BURST tid=32 addr=1 fc=0x03
BURST tid=33 addr=2 fc=0x03
BURST tid=34 addr=3 fc=0x03
BURST tid=35 addr=4 fc=0x03
BURST tid=36 addr=5 fc=0x03
BURST tid=37 addr=6 fc=0x03
BURST tid=38 addr=7 fc=0x03
BURST tid=39 addr=8 fc=0x03
BURST tid=40 addr=9 fc=0x03
NORMAL tid=41 addr=0 fc=0x03
NORMAL tid=42 addr=1 fc=0x03
NORMAL tid=43 addr=2 fc=0x03
NORMAL tid=44 addr=3 fc=0x03
NORMAL tid=45 addr=4 fc=0x03
NORMAL tid=46 addr=5 fc=0x03
NORMAL tid=47 addr=6 fc=0x03
NORMAL tid=48 addr=7 fc=0x03
NORMAL tid=49 addr=8 fc=0x03
NORMAL tid=50 addr=9 fc=0x03
NORMAL tid=51 addr=0 fc=0x03
NORMAL tid=52 addr=1 fc=0x03
NORMAL tid=53 addr=2 fc=0x03
NORMAL tid=54 addr=3 fc=0x03
NORMAL tid=55 addr=4 fc=0x03
NORMAL tid=56 addr=5 fc=0x03
NORMAL tid=57 addr=6 fc=0x03
NORMAL tid=58 addr=7 fc=0x03
NORMAL tid=59 addr=8 fc=0x03
NORMAL tid=60 addr=9 fc=0x03
REQUESTS_SUCCESSFUL=60
REQUESTS_MISSED=0

RAW PCAP:
0274c6ed7b57e3647867c26fde353d15c00854a188fcc7d0cc5e29c22ad5a7b4  /home/chand/otshield-bench/evidence/v06/20260922T174026Z/trial-1/clean/raw.pcap
NORMALIZED_RECORDS= 60

CONDITION COMPLETE:
trial=1 condition=clean

----------------------------------------------
TRIAL=1
CONDITION=delay20
DELAY=20ms
JITTER=0ms
LOSS=0%
----------------------------------------------
Predeclared: openplc-v06-20260922T174026Z-t01-delay20
Normal: 40
Anomaly: 20
3e992922fc3b7b7a1679166f667f85f426956bfa44e72250ab7d05ce07027a04  /home/chand/otshield-bench/evidence/v06/20260922T174026Z/trial-1/delay20/protocol.json
NETEM:
qdisc netem 8001: root refcnt 13 limit 1000 delay 20ms seed 2092330169697092436
NORMAL tid=01 addr=0 fc=0x03
NORMAL tid=02 addr=1 fc=0x03
NORMAL tid=03 addr=2 fc=0x03
NORMAL tid=04 addr=3 fc=0x03
NORMAL tid=05 addr=4 fc=0x03
NORMAL tid=06 addr=5 fc=0x03
NORMAL tid=07 addr=6 fc=0x03
NORMAL tid=08 addr=7 fc=0x03
NORMAL tid=09 addr=8 fc=0x03
NORMAL tid=10 addr=9 fc=0x03
NORMAL tid=11 addr=0 fc=0x03
NORMAL tid=12 addr=1 fc=0x03
NORMAL tid=13 addr=2 fc=0x03
NORMAL tid=14 addr=3 fc=0x03
NORMAL tid=15 addr=4 fc=0x03
NORMAL tid=16 addr=5 fc=0x03
NORMAL tid=17 addr=6 fc=0x03
NORMAL tid=18 addr=7 fc=0x03
NORMAL tid=19 addr=8 fc=0x03
NORMAL tid=20 addr=9 fc=0x03
BURST tid=21 addr=0 fc=0x03
BURST tid=22 addr=1 fc=0x03
BURST tid=23 addr=2 fc=0x03
BURST tid=24 addr=3 fc=0x03
BURST tid=25 addr=4 fc=0x03
BURST tid=26 addr=5 fc=0x03
BURST tid=27 addr=6 fc=0x03
BURST tid=28 addr=7 fc=0x03
BURST tid=29 addr=8 fc=0x03
BURST tid=30 addr=9 fc=0x03
BURST tid=31 addr=0 fc=0x03
BURST tid=32 addr=1 fc=0x03
BURST tid=33 addr=2 fc=0x03
BURST tid=34 addr=3 fc=0x03
BURST tid=35 addr=4 fc=0x03
BURST tid=36 addr=5 fc=0x03
BURST tid=37 addr=6 fc=0x03
BURST tid=38 addr=7 fc=0x03
BURST tid=39 addr=8 fc=0x03
BURST tid=40 addr=9 fc=0x03
NORMAL tid=41 addr=0 fc=0x03
NORMAL tid=42 addr=1 fc=0x03
NORMAL tid=43 addr=2 fc=0x03
NORMAL tid=44 addr=3 fc=0x03
NORMAL tid=45 addr=4 fc=0x03
NORMAL tid=46 addr=5 fc=0x03
NORMAL tid=47 addr=6 fc=0x03
NORMAL tid=48 addr=7 fc=0x03
NORMAL tid=49 addr=8 fc=0x03
NORMAL tid=50 addr=9 fc=0x03
NORMAL tid=51 addr=0 fc=0x03
NORMAL tid=52 addr=1 fc=0x03
NORMAL tid=53 addr=2 fc=0x03
NORMAL tid=54 addr=3 fc=0x03
NORMAL tid=55 addr=4 fc=0x03
NORMAL tid=56 addr=5 fc=0x03
NORMAL tid=57 addr=6 fc=0x03
NORMAL tid=58 addr=7 fc=0x03
NORMAL tid=59 addr=8 fc=0x03
NORMAL tid=60 addr=9 fc=0x03
REQUESTS_SUCCESSFUL=60
REQUESTS_MISSED=0

RAW PCAP:
c2fa3fee39f1603494bea03fc2e8b230a62e7076712b93089cc2d004d1649936  /home/chand/otshield-bench/evidence/v06/20260922T174026Z/trial-1/delay20/raw.pcap
NORMALIZED_RECORDS= 60

CONDITION COMPLETE:
trial=1 condition=delay20

----------------------------------------------
TRIAL=1
CONDITION=delay20_jitter5_loss5
DELAY=20ms
JITTER=5ms
LOSS=5%
----------------------------------------------
Predeclared: openplc-v06-20260922T174026Z-t01-delay20_jitter5_loss5
Normal: 40
Anomaly: 20
bebc494421b04ce8af3b4701a4990e36370cd66d234099bfe8bd98f758b137e9  /home/chand/otshield-bench/evidence/v06/20260922T174026Z/trial-1/delay20_jitter5_loss5/protocol.json
NETEM:
qdisc netem 8002: root refcnt 13 limit 1000 delay 20ms  5ms loss 5% seed 3581277268106624395
NORMAL tid=01 addr=0 fc=0x03
NORMAL tid=02 addr=1 fc=0x03
NORMAL tid=03 addr=2 fc=0x03
NORMAL tid=04 addr=3 fc=0x03
NORMAL tid=05 addr=4 fc=0x03
NORMAL tid=06 addr=5 fc=0x03
NORMAL tid=07 addr=6 fc=0x03
NORMAL tid=08 addr=7 fc=0x03
NORMAL tid=09 addr=8 fc=0x03
NORMAL tid=10 addr=9 fc=0x03
NORMAL tid=11 addr=0 fc=0x03
NORMAL tid=12 addr=1 fc=0x03
NORMAL tid=13 addr=2 fc=0x03
NORMAL tid=14 addr=3 fc=0x03
NORMAL tid=15 addr=4 fc=0x03
NORMAL tid=16 addr=5 fc=0x03
NORMAL tid=17 addr=6 fc=0x03
NORMAL tid=18 addr=7 fc=0x03
NORMAL tid=19 addr=8 fc=0x03
NORMAL tid=20 addr=9 fc=0x03
BURST tid=21 addr=0 fc=0x03
BURST tid=22 addr=1 fc=0x03
BURST tid=23 addr=2 fc=0x03
BURST tid=24 addr=3 fc=0x03
BURST tid=25 addr=4 fc=0x03
BURST tid=26 addr=5 fc=0x03
BURST tid=27 addr=6 fc=0x03
BURST tid=28 addr=7 fc=0x03
BURST tid=29 addr=8 fc=0x03
BURST tid=30 addr=9 fc=0x03
BURST tid=31 addr=0 fc=0x03
BURST tid=32 addr=1 fc=0x03
BURST tid=33 addr=2 fc=0x03
BURST tid=34 addr=3 fc=0x03
BURST tid=35 addr=4 fc=0x03
BURST tid=36 addr=5 fc=0x03
BURST tid=37 addr=6 fc=0x03
BURST tid=38 addr=7 fc=0x03
BURST tid=39 addr=8 fc=0x03
BURST tid=40 addr=9 fc=0x03
NORMAL tid=41 addr=0 fc=0x03
NORMAL tid=42 addr=1 fc=0x03
NORMAL tid=43 addr=2 fc=0x03
NORMAL tid=44 addr=3 fc=0x03
NORMAL tid=45 addr=4 fc=0x03
NORMAL tid=46 addr=5 fc=0x03
NORMAL tid=47 addr=6 fc=0x03
NORMAL tid=48 addr=7 fc=0x03
NORMAL tid=49 addr=8 fc=0x03
NORMAL tid=50 addr=9 fc=0x03
NORMAL tid=51 addr=0 fc=0x03
NORMAL tid=52 addr=1 fc=0x03
NORMAL tid=53 addr=2 fc=0x03
NORMAL tid=54 addr=3 fc=0x03
NORMAL tid=55 addr=4 fc=0x03
NORMAL tid=56 addr=5 fc=0x03
NORMAL tid=57 addr=6 fc=0x03
NORMAL tid=58 addr=7 fc=0x03
NORMAL tid=59 addr=8 fc=0x03
NORMAL tid=60 addr=9 fc=0x03
REQUESTS_SUCCESSFUL=60
REQUESTS_MISSED=0

RAW PCAP:
51ba896cc1b32d7ed17b3f7c5bbed35a4c3cfa726f2ab99d690b1c02a61da276  /home/chand/otshield-bench/evidence/v06/20260922T174026Z/trial-1/delay20_jitter5_loss5/raw.pcap
NORMALIZED_RECORDS= 60

CONDITION COMPLETE:
trial=1 condition=delay20_jitter5_loss5

----------------------------------------------
TRIAL=1
CONDITION=delay40_jitter10
DELAY=40ms
JITTER=10ms
LOSS=0%
----------------------------------------------
Predeclared: openplc-v06-20260922T174026Z-t01-delay40_jitter10
Normal: 40
Anomaly: 20
e5c182dbc3688aa666b9c7c3c69415fec1cdfcad59b0f0f6a4eb603a6decdea2  /home/chand/otshield-bench/evidence/v06/20260922T174026Z/trial-1/delay40_jitter10/protocol.json
NETEM:
qdisc netem 8003: root refcnt 13 limit 1000 delay 40ms  10ms seed 3753358917736522026
NORMAL tid=01 addr=0 fc=0x03
NORMAL tid=02 addr=1 fc=0x03
NORMAL tid=03 addr=2 fc=0x03
NORMAL tid=04 addr=3 fc=0x03
NORMAL tid=05 addr=4 fc=0x03
NORMAL tid=06 addr=5 fc=0x03
NORMAL tid=07 addr=6 fc=0x03
NORMAL tid=08 addr=7 fc=0x03
NORMAL tid=09 addr=8 fc=0x03
NORMAL tid=10 addr=9 fc=0x03
NORMAL tid=11 addr=0 fc=0x03
NORMAL tid=12 addr=1 fc=0x03
NORMAL tid=13 addr=2 fc=0x03
NORMAL tid=14 addr=3 fc=0x03
NORMAL tid=15 addr=4 fc=0x03
NORMAL tid=16 addr=5 fc=0x03
NORMAL tid=17 addr=6 fc=0x03
NORMAL tid=18 addr=7 fc=0x03
NORMAL tid=19 addr=8 fc=0x03
NORMAL tid=20 addr=9 fc=0x03
BURST tid=21 addr=0 fc=0x03
BURST tid=22 addr=1 fc=0x03
BURST tid=23 addr=2 fc=0x03
BURST tid=24 addr=3 fc=0x03
BURST tid=25 addr=4 fc=0x03
BURST tid=26 addr=5 fc=0x03
BURST tid=27 addr=6 fc=0x03
BURST tid=28 addr=7 fc=0x03
BURST tid=29 addr=8 fc=0x03
BURST tid=30 addr=9 fc=0x03
BURST tid=31 addr=0 fc=0x03
BURST tid=32 addr=1 fc=0x03
BURST tid=33 addr=2 fc=0x03
BURST tid=34 addr=3 fc=0x03
BURST tid=35 addr=4 fc=0x03
BURST tid=36 addr=5 fc=0x03
BURST tid=37 addr=6 fc=0x03
BURST tid=38 addr=7 fc=0x03
BURST tid=39 addr=8 fc=0x03
BURST tid=40 addr=9 fc=0x03
NORMAL tid=41 addr=0 fc=0x03
NORMAL tid=42 addr=1 fc=0x03
NORMAL tid=43 addr=2 fc=0x03
NORMAL tid=44 addr=3 fc=0x03
NORMAL tid=45 addr=4 fc=0x03
NORMAL tid=46 addr=5 fc=0x03
NORMAL tid=47 addr=6 fc=0x03
NORMAL tid=48 addr=7 fc=0x03
NORMAL tid=49 addr=8 fc=0x03
NORMAL tid=50 addr=9 fc=0x03
NORMAL tid=51 addr=0 fc=0x03
NORMAL tid=52 addr=1 fc=0x03
NORMAL tid=53 addr=2 fc=0x03
NORMAL tid=54 addr=3 fc=0x03
NORMAL tid=55 addr=4 fc=0x03
NORMAL tid=56 addr=5 fc=0x03
NORMAL tid=57 addr=6 fc=0x03
NORMAL tid=58 addr=7 fc=0x03
NORMAL tid=59 addr=8 fc=0x03
NORMAL tid=60 addr=9 fc=0x03
REQUESTS_SUCCESSFUL=60
REQUESTS_MISSED=0

RAW PCAP:
5dbd2abf1fcdfe3ec86b2d0727e8f98a8181d78e5dccaf63b1f68a1f11a55518  /home/chand/otshield-bench/evidence/v06/20260922T174026Z/trial-1/delay40_jitter10/raw.pcap
NORMALIZED_RECORDS= 60

CONDITION COMPLETE:
trial=1 condition=delay40_jitter10

----------------------------------------------
TRIAL=1
CONDITION=delay60_jitter10
DELAY=60ms
JITTER=10ms
LOSS=0%
----------------------------------------------
Predeclared: openplc-v06-20260922T174026Z-t01-delay60_jitter10
Normal: 40
Anomaly: 20
9062121f577fb7fc3086f90fc158ff56d57d2c0ec2acc06a695ad0d5ab23bf69  /home/chand/otshield-bench/evidence/v06/20260922T174026Z/trial-1/delay60_jitter10/protocol.json
NETEM:
qdisc netem 8004: root refcnt 13 limit 1000 delay 60ms  10ms seed 4998549556453202590
NORMAL tid=01 addr=0 fc=0x03
NORMAL tid=02 addr=1 fc=0x03
NORMAL tid=03 addr=2 fc=0x03
NORMAL tid=04 addr=3 fc=0x03
NORMAL tid=05 addr=4 fc=0x03
NORMAL tid=06 addr=5 fc=0x03
NORMAL tid=07 addr=6 fc=0x03
NORMAL tid=08 addr=7 fc=0x03
NORMAL tid=09 addr=8 fc=0x03
NORMAL tid=10 addr=9 fc=0x03
NORMAL tid=11 addr=0 fc=0x03
NORMAL tid=12 addr=1 fc=0x03
NORMAL tid=13 addr=2 fc=0x03
NORMAL tid=14 addr=3 fc=0x03
NORMAL tid=15 addr=4 fc=0x03
NORMAL tid=16 addr=5 fc=0x03
NORMAL tid=17 addr=6 fc=0x03
NORMAL tid=18 addr=7 fc=0x03
NORMAL tid=19 addr=8 fc=0x03
NORMAL tid=20 addr=9 fc=0x03
BURST tid=21 addr=0 fc=0x03
BURST tid=22 addr=1 fc=0x03
BURST tid=23 addr=2 fc=0x03
BURST tid=24 addr=3 fc=0x03
BURST tid=25 addr=4 fc=0x03
BURST tid=26 addr=5 fc=0x03
BURST tid=27 addr=6 fc=0x03
BURST tid=28 addr=7 fc=0x03
BURST tid=29 addr=8 fc=0x03
BURST tid=30 addr=9 fc=0x03
BURST tid=31 addr=0 fc=0x03
BURST tid=32 addr=1 fc=0x03
BURST tid=33 addr=2 fc=0x03
BURST tid=34 addr=3 fc=0x03
BURST tid=35 addr=4 fc=0x03
BURST tid=36 addr=5 fc=0x03
BURST tid=37 addr=6 fc=0x03
BURST tid=38 addr=7 fc=0x03
BURST tid=39 addr=8 fc=0x03
BURST tid=40 addr=9 fc=0x03
NORMAL tid=41 addr=0 fc=0x03
NORMAL tid=42 addr=1 fc=0x03
NORMAL tid=43 addr=2 fc=0x03
NORMAL tid=44 addr=3 fc=0x03
NORMAL tid=45 addr=4 fc=0x03
NORMAL tid=46 addr=5 fc=0x03
NORMAL tid=47 addr=6 fc=0x03
NORMAL tid=48 addr=7 fc=0x03
NORMAL tid=49 addr=8 fc=0x03
NORMAL tid=50 addr=9 fc=0x03
NORMAL tid=51 addr=0 fc=0x03
NORMAL tid=52 addr=1 fc=0x03
NORMAL tid=53 addr=2 fc=0x03
NORMAL tid=54 addr=3 fc=0x03
NORMAL tid=55 addr=4 fc=0x03
NORMAL tid=56 addr=5 fc=0x03
NORMAL tid=57 addr=6 fc=0x03
NORMAL tid=58 addr=7 fc=0x03
NORMAL tid=59 addr=8 fc=0x03
NORMAL tid=60 addr=9 fc=0x03
REQUESTS_SUCCESSFUL=60
REQUESTS_MISSED=0

RAW PCAP:
42b7876c150b7d2c392cf0b58579222d07bd4bf3f848033ff27d3bed351ae66e  /home/chand/otshield-bench/evidence/v06/20260922T174026Z/trial-1/delay60_jitter10/raw.pcap
NORMALIZED_RECORDS= 60

CONDITION COMPLETE:
trial=1 condition=delay60_jitter10

TRIAL 1 COMPLETE

##############################################
TRIAL 2 / 25
##############################################
 Network docker_otshield-ics-net Creating 
 Network docker_otshield-ics-net Creating 
 Network docker_otshield-ics-net Created 
 Network docker_otshield-ics-net Created 
 Container otshield-openplc Creating 
 Container otshield-openplc Created 
 Container otshield-openplc Starting 
 Container otshield-openplc Started 
OpenPLC: starting
OpenPLC: healthy
OPENPLC_EXPECTED_ID=49b8516495a5bfb4740beb6247f026a65cda5e8a0013fd431c4592dc7d33985e
Network: docker_otshield-ics-net
Image: fortiphyd/grfics-plc:latest
Image ID: sha256:364461af6d7b56563fa6fdc6a296a2dfa6530caf07ea736bbc9a71701a360919

----------------------------------------------
TRIAL=2
CONDITION=delay20
DELAY=20ms
JITTER=0ms
LOSS=0%
----------------------------------------------
Predeclared: openplc-v06-20260922T174026Z-t02-delay20
Normal: 40
Anomaly: 20
6f838e08b571b02fe2c006a1047188a423163964f1ec4344787687ce33417c1a  /home/chand/otshield-bench/evidence/v06/20260922T174026Z/trial-2/delay20/protocol.json
NETEM:
qdisc netem 8005: root refcnt 13 limit 1000 delay 20ms seed 560070602259628514
NORMAL tid=01 addr=0 fc=0x03
NORMAL tid=02 addr=1 fc=0x03
NORMAL tid=03 addr=2 fc=0x03
NORMAL tid=04 addr=3 fc=0x03
NORMAL tid=05 addr=4 fc=0x03
NORMAL tid=06 addr=5 fc=0x03
NORMAL tid=07 addr=6 fc=0x03
NORMAL tid=08 addr=7 fc=0x03
NORMAL tid=09 addr=8 fc=0x03
NORMAL tid=10 addr=9 fc=0x03
NORMAL tid=11 addr=0 fc=0x03
NORMAL tid=12 addr=1 fc=0x03
NORMAL tid=13 addr=2 fc=0x03
NORMAL tid=14 addr=3 fc=0x03
NORMAL tid=15 addr=4 fc=0x03
NORMAL tid=16 addr=5 fc=0x03
NORMAL tid=17 addr=6 fc=0x03
NORMAL tid=18 addr=7 fc=0x03
NORMAL tid=19 addr=8 fc=0x03
NORMAL tid=20 addr=9 fc=0x03
BURST tid=21 addr=0 fc=0x03
BURST tid=22 addr=1 fc=0x03
BURST tid=23 addr=2 fc=0x03
BURST tid=24 addr=3 fc=0x03
BURST tid=25 addr=4 fc=0x03
BURST tid=26 addr=5 fc=0x03
BURST tid=27 addr=6 fc=0x03
BURST tid=28 addr=7 fc=0x03
BURST tid=29 addr=8 fc=0x03
BURST tid=30 addr=9 fc=0x03
BURST tid=31 addr=0 fc=0x03
BURST tid=32 addr=1 fc=0x03
BURST tid=33 addr=2 fc=0x03
BURST tid=34 addr=3 fc=0x03
BURST tid=35 addr=4 fc=0x03
BURST tid=36 addr=5 fc=0x03
BURST tid=37 addr=6 fc=0x03
BURST tid=38 addr=7 fc=0x03
BURST tid=39 addr=8 fc=0x03
BURST tid=40 addr=9 fc=0x03
NORMAL tid=41 addr=0 fc=0x03
NORMAL tid=42 addr=1 fc=0x03
NORMAL tid=43 addr=2 fc=0x03
NORMAL tid=44 addr=3 fc=0x03
NORMAL tid=45 addr=4 fc=0x03
NORMAL tid=46 addr=5 fc=0x03
NORMAL tid=47 addr=6 fc=0x03
NORMAL tid=48 addr=7 fc=0x03
NORMAL tid=49 addr=8 fc=0x03
NORMAL tid=50 addr=9 fc=0x03
NORMAL tid=51 addr=0 fc=0x03
NORMAL tid=52 addr=1 fc=0x03
NORMAL tid=53 addr=2 fc=0x03
NORMAL tid=54 addr=3 fc=0x03
NORMAL tid=55 addr=4 fc=0x03
NORMAL tid=56 addr=5 fc=0x03
NORMAL tid=57 addr=6 fc=0x03
NORMAL tid=58 addr=7 fc=0x03
NORMAL tid=59 addr=8 fc=0x03
NORMAL tid=60 addr=9 fc=0x03
REQUESTS_SUCCESSFUL=60
REQUESTS_MISSED=0

RAW PCAP:
c162acf1fc00d050c090ef7e7a584dc94edbdf47b7c4f5af36b3e3816f741708  /home/chand/otshield-bench/evidence/v06/20260922T174026Z/trial-2/delay20/raw.pcap
NORMALIZED_RECORDS= 60

CONDITION COMPLETE:
trial=2 condition=delay20

----------------------------------------------
TRIAL=2
CONDITION=delay20_jitter5_loss5
DELAY=20ms
JITTER=5ms
LOSS=5%
----------------------------------------------
Predeclared: openplc-v06-20260922T174026Z-t02-delay20_jitter5_loss5
Normal: 40
Anomaly: 20
98e467576ea840b198a0a7bab0ed75387a2a250a84c79e893c25dbb9045054a3  /home/chand/otshield-bench/evidence/v06/20260922T174026Z/trial-2/delay20_jitter5_loss5/protocol.json
NETEM:
qdisc netem 8006: root refcnt 13 limit 1000 delay 20ms  5ms loss 5% seed 7842957723639877335
NORMAL tid=01 addr=0 fc=0x03
NORMAL tid=02 addr=1 fc=0x03
NORMAL tid=03 addr=2 fc=0x03
NORMAL tid=04 addr=3 fc=0x03
NORMAL tid=05 addr=4 fc=0x03
NORMAL tid=06 addr=5 fc=0x03
NORMAL tid=07 addr=6 fc=0x03
NORMAL tid=08 addr=7 fc=0x03
NORMAL tid=09 addr=8 fc=0x03
NORMAL tid=10 addr=9 fc=0x03
NORMAL tid=11 addr=0 fc=0x03
NORMAL tid=12 addr=1 fc=0x03
NORMAL tid=13 addr=2 fc=0x03
NORMAL tid=14 addr=3 fc=0x03
NORMAL tid=15 addr=4 fc=0x03
NORMAL tid=16 addr=5 fc=0x03
NORMAL tid=17 addr=6 fc=0x03
NORMAL tid=18 addr=7 fc=0x03
NORMAL tid=19 addr=8 fc=0x03
NORMAL tid=20 addr=9 fc=0x03
BURST tid=21 addr=0 fc=0x03
BURST tid=22 addr=1 fc=0x03
BURST tid=23 addr=2 fc=0x03
BURST tid=24 addr=3 fc=0x03
BURST tid=25 addr=4 fc=0x03
BURST tid=26 addr=5 fc=0x03
BURST tid=27 addr=6 fc=0x03
BURST tid=28 addr=7 fc=0x03
BURST tid=29 addr=8 fc=0x03
BURST tid=30 addr=9 fc=0x03
BURST tid=31 addr=0 fc=0x03
BURST tid=32 addr=1 fc=0x03
BURST tid=33 addr=2 fc=0x03
BURST tid=34 addr=3 fc=0x03
BURST tid=35 addr=4 fc=0x03
BURST tid=36 addr=5 fc=0x03
BURST tid=37 addr=6 fc=0x03
BURST tid=38 addr=7 fc=0x03
BURST tid=39 addr=8 fc=0x03
BURST tid=40 addr=9 fc=0x03
NORMAL tid=41 addr=0 fc=0x03
NORMAL tid=42 addr=1 fc=0x03
NORMAL tid=43 addr=2 fc=0x03
NORMAL tid=44 addr=3 fc=0x03
NORMAL tid=45 addr=4 fc=0x03
NORMAL tid=46 addr=5 fc=0x03
NORMAL tid=47 addr=6 fc=0x03
NORMAL tid=48 addr=7 fc=0x03
NORMAL tid=49 addr=8 fc=0x03
NORMAL tid=50 addr=9 fc=0x03
NORMAL tid=51 addr=0 fc=0x03
NORMAL tid=52 addr=1 fc=0x03
NORMAL tid=53 addr=2 fc=0x03
NORMAL tid=54 addr=3 fc=0x03
NORMAL tid=55 addr=4 fc=0x03
NORMAL tid=56 addr=5 fc=0x03
NORMAL tid=57 addr=6 fc=0x03
NORMAL tid=58 addr=7 fc=0x03
NORMAL tid=59 addr=8 fc=0x03
NORMAL tid=60 addr=9 fc=0x03
REQUESTS_SUCCESSFUL=60
REQUESTS_MISSED=0

RAW PCAP:
133c05f044683e6223796e51c4d98d4ffd27f6d2beaf2a3382ab7ac77b8e605e  /home/chand/otshield-bench/evidence/v06/20260922T174026Z/trial-2/delay20_jitter5_loss5/raw.pcap
NORMALIZED_RECORDS= 60

CONDITION COMPLETE:
trial=2 condition=delay20_jitter5_loss5

----------------------------------------------
TRIAL=2
CONDITION=delay40_jitter10
DELAY=40ms
JITTER=10ms
LOSS=0%
----------------------------------------------
Predeclared: openplc-v06-20260922T174026Z-t02-delay40_jitter10
Normal: 40
Anomaly: 20
547f240c33a822c7fbc376b7946acfa6e768d30f8c2dc28a07549fc11abbfaeb  /home/chand/otshield-bench/evidence/v06/20260922T174026Z/trial-2/delay40_jitter10/protocol.json
NETEM:
qdisc netem 8007: root refcnt 13 limit 1000 delay 40ms  10ms seed 6391476493088032193
NORMAL tid=01 addr=0 fc=0x03
NORMAL tid=02 addr=1 fc=0x03
NORMAL tid=03 addr=2 fc=0x03
NORMAL tid=04 addr=3 fc=0x03
NORMAL tid=05 addr=4 fc=0x03
NORMAL tid=06 addr=5 fc=0x03
NORMAL tid=07 addr=6 fc=0x03
NORMAL tid=08 addr=7 fc=0x03
NORMAL tid=09 addr=8 fc=0x03
NORMAL tid=10 addr=9 fc=0x03
NORMAL tid=11 addr=0 fc=0x03
NORMAL tid=12 addr=1 fc=0x03
NORMAL tid=13 addr=2 fc=0x03
NORMAL tid=14 addr=3 fc=0x03
NORMAL tid=15 addr=4 fc=0x03
NORMAL tid=16 addr=5 fc=0x03
NORMAL tid=17 addr=6 fc=0x03
NORMAL tid=18 addr=7 fc=0x03
NORMAL tid=19 addr=8 fc=0x03
NORMAL tid=20 addr=9 fc=0x03
BURST tid=21 addr=0 fc=0x03
BURST tid=22 addr=1 fc=0x03
BURST tid=23 addr=2 fc=0x03
BURST tid=24 addr=3 fc=0x03
BURST tid=25 addr=4 fc=0x03
BURST tid=26 addr=5 fc=0x03
BURST tid=27 addr=6 fc=0x03
BURST tid=28 addr=7 fc=0x03
BURST tid=29 addr=8 fc=0x03
BURST tid=30 addr=9 fc=0x03
BURST tid=31 addr=0 fc=0x03
BURST tid=32 addr=1 fc=0x03
BURST tid=33 addr=2 fc=0x03
BURST tid=34 addr=3 fc=0x03
BURST tid=35 addr=4 fc=0x03
BURST tid=36 addr=5 fc=0x03
BURST tid=37 addr=6 fc=0x03
BURST tid=38 addr=7 fc=0x03
BURST tid=39 addr=8 fc=0x03
BURST tid=40 addr=9 fc=0x03
NORMAL tid=41 addr=0 fc=0x03
NORMAL tid=42 addr=1 fc=0x03
NORMAL tid=43 addr=2 fc=0x03
NORMAL tid=44 addr=3 fc=0x03
NORMAL tid=45 addr=4 fc=0x03
NORMAL tid=46 addr=5 fc=0x03
NORMAL tid=47 addr=6 fc=0x03
NORMAL tid=48 addr=7 fc=0x03
NORMAL tid=49 addr=8 fc=0x03
NORMAL tid=50 addr=9 fc=0x03
NORMAL tid=51 addr=0 fc=0x03
NORMAL tid=52 addr=1 fc=0x03
NORMAL tid=53 addr=2 fc=0x03
NORMAL tid=54 addr=3 fc=0x03
NORMAL tid=55 addr=4 fc=0x03
NORMAL tid=56 addr=5 fc=0x03
NORMAL tid=57 addr=6 fc=0x03
NORMAL tid=58 addr=7 fc=0x03
NORMAL tid=59 addr=8 fc=0x03
NORMAL tid=60 addr=9 fc=0x03
REQUESTS_SUCCESSFUL=60
REQUESTS_MISSED=0

RAW PCAP:
a77ff163b09163b885c95daecbaa83a731bdc9bd91d9e27138763ab9267c3a42  /home/chand/otshield-bench/evidence/v06/20260922T174026Z/trial-2/delay40_jitter10/raw.pcap
NORMALIZED_RECORDS= 60

CONDITION COMPLETE:
trial=2 condition=delay40_jitter10

----------------------------------------------
TRIAL=2
CONDITION=delay60_jitter10
DELAY=60ms
JITTER=10ms
LOSS=0%
----------------------------------------------
Predeclared: openplc-v06-20260922T174026Z-t02-delay60_jitter10
Normal: 40
Anomaly: 20
dc8b0bfbf91815504698542e67fca2263bae82abd8fe578866ff7fe56354f828  /home/chand/otshield-bench/evidence/v06/20260922T174026Z/trial-2/delay60_jitter10/protocol.json
NETEM:
qdisc netem 8008: root refcnt 13 limit 1000 delay 60ms  10ms seed 15852521548302125519
NORMAL tid=01 addr=0 fc=0x03
NORMAL tid=02 addr=1 fc=0x03
NORMAL tid=03 addr=2 fc=0x03
NORMAL tid=04 addr=3 fc=0x03
NORMAL tid=05 addr=4 fc=0x03
NORMAL tid=06 addr=5 fc=0x03
NORMAL tid=07 addr=6 fc=0x03
NORMAL tid=08 addr=7 fc=0x03
NORMAL tid=09 addr=8 fc=0x03
NORMAL tid=10 addr=9 fc=0x03
NORMAL tid=11 addr=0 fc=0x03
NORMAL tid=12 addr=1 fc=0x03
NORMAL tid=13 addr=2 fc=0x03
NORMAL tid=14 addr=3 fc=0x03
NORMAL tid=15 addr=4 fc=0x03
NORMAL tid=16 addr=5 fc=0x03
NORMAL tid=17 addr=6 fc=0x03
NORMAL tid=18 addr=7 fc=0x03
NORMAL tid=19 addr=8 fc=0x03
NORMAL tid=20 addr=9 fc=0x03
BURST tid=21 addr=0 fc=0x03
BURST tid=22 addr=1 fc=0x03
BURST tid=23 addr=2 fc=0x03
BURST tid=24 addr=3 fc=0x03
BURST tid=25 addr=4 fc=0x03
BURST tid=26 addr=5 fc=0x03
BURST tid=27 addr=6 fc=0x03
BURST tid=28 addr=7 fc=0x03
BURST tid=29 addr=8 fc=0x03
BURST tid=30 addr=9 fc=0x03
BURST tid=31 addr=0 fc=0x03
BURST tid=32 addr=1 fc=0x03
BURST tid=33 addr=2 fc=0x03
BURST tid=34 addr=3 fc=0x03
BURST tid=35 addr=4 fc=0x03
BURST tid=36 addr=5 fc=0x03
BURST tid=37 addr=6 fc=0x03
BURST tid=38 addr=7 fc=0x03
BURST tid=39 addr=8 fc=0x03
BURST tid=40 addr=9 fc=0x03
NORMAL tid=41 addr=0 fc=0x03
NORMAL tid=42 addr=1 fc=0x03
NORMAL tid=43 addr=2 fc=0x03
NORMAL tid=44 addr=3 fc=0x03
NORMAL tid=45 addr=4 fc=0x03
NORMAL tid=46 addr=5 fc=0x03
NORMAL tid=47 addr=6 fc=0x03
NORMAL tid=48 addr=7 fc=0x03
NORMAL tid=49 addr=8 fc=0x03
NORMAL tid=50 addr=9 fc=0x03
NORMAL tid=51 addr=0 fc=0x03
NORMAL tid=52 addr=1 fc=0x03
NORMAL tid=53 addr=2 fc=0x03
NORMAL tid=54 addr=3 fc=0x03
NORMAL tid=55 addr=4 fc=0x03
NORMAL tid=56 addr=5 fc=0x03
NORMAL tid=57 addr=6 fc=0x03
NORMAL tid=58 addr=7 fc=0x03
NORMAL tid=59 addr=8 fc=0x03
NORMAL tid=60 addr=9 fc=0x03
REQUESTS_SUCCESSFUL=60
REQUESTS_MISSED=0

RAW PCAP:
ed791ee7b342465127759c27d9ae117720e539238068918c7f42a614887b1f08  /home/chand/otshield-bench/evidence/v06/20260922T174026Z/trial-2/delay60_jitter10/raw.pcap
NORMALIZED_RECORDS= 60

CONDITION COMPLETE:
trial=2 condition=delay60_jitter10

----------------------------------------------
TRIAL=2
CONDITION=clean
DELAY=0ms
JITTER=0ms
LOSS=0%
----------------------------------------------
Predeclared: openplc-v06-20260922T174026Z-t02-clean
Normal: 40
Anomaly: 20
773b75fee8082851c41fb215f1ceb82daef074221c2fc2aa12bcade9ae52aa7d  /home/chand/otshield-bench/evidence/v06/20260922T174026Z/trial-2/clean/protocol.json
NETEM: clean
NORMAL tid=01 addr=0 fc=0x03
NORMAL tid=02 addr=1 fc=0x03
NORMAL tid=03 addr=2 fc=0x03
NORMAL tid=04 addr=3 fc=0x03
NORMAL tid=05 addr=4 fc=0x03
NORMAL tid=06 addr=5 fc=0x03
NORMAL tid=07 addr=6 fc=0x03
NORMAL tid=08 addr=7 fc=0x03
NORMAL tid=09 addr=8 fc=0x03
NORMAL tid=10 addr=9 fc=0x03
NORMAL tid=11 addr=0 fc=0x03
NORMAL tid=12 addr=1 fc=0x03
NORMAL tid=13 addr=2 fc=0x03
NORMAL tid=14 addr=3 fc=0x03
NORMAL tid=15 addr=4 fc=0x03
NORMAL tid=16 addr=5 fc=0x03
NORMAL tid=17 addr=6 fc=0x03
NORMAL tid=18 addr=7 fc=0x03
NORMAL tid=19 addr=8 fc=0x03
NORMAL tid=20 addr=9 fc=0x03
BURST tid=21 addr=0 fc=0x03
BURST tid=22 addr=1 fc=0x03
BURST tid=23 addr=2 fc=0x03
BURST tid=24 addr=3 fc=0x03
BURST tid=25 addr=4 fc=0x03
BURST tid=26 addr=5 fc=0x03
BURST tid=27 addr=6 fc=0x03
BURST tid=28 addr=7 fc=0x03
BURST tid=29 addr=8 fc=0x03
BURST tid=30 addr=9 fc=0x03
BURST tid=31 addr=0 fc=0x03
BURST tid=32 addr=1 fc=0x03
BURST tid=33 addr=2 fc=0x03
BURST tid=34 addr=3 fc=0x03
BURST tid=35 addr=4 fc=0x03
BURST tid=36 addr=5 fc=0x03
BURST tid=37 addr=6 fc=0x03
BURST tid=38 addr=7 fc=0x03
BURST tid=39 addr=8 fc=0x03
BURST tid=40 addr=9 fc=0x03
NORMAL tid=41 addr=0 fc=0x03
NORMAL tid=42 addr=1 fc=0x03
NORMAL tid=43 addr=2 fc=0x03
NORMAL tid=44 addr=3 fc=0x03
NORMAL tid=45 addr=4 fc=0x03
NORMAL tid=46 addr=5 fc=0x03
NORMAL tid=47 addr=6 fc=0x03
NORMAL tid=48 addr=7 fc=0x03
NORMAL tid=49 addr=8 fc=0x03
NORMAL tid=50 addr=9 fc=0x03
NORMAL tid=51 addr=0 fc=0x03
NORMAL tid=52 addr=1 fc=0x03
NORMAL tid=53 addr=2 fc=0x03
NORMAL tid=54 addr=3 fc=0x03
NORMAL tid=55 addr=4 fc=0x03
NORMAL tid=56 addr=5 fc=0x03
NORMAL tid=57 addr=6 fc=0x03
NORMAL tid=58 addr=7 fc=0x03
NORMAL tid=59 addr=8 fc=0x03
NORMAL tid=60 addr=9 fc=0x03
REQUESTS_SUCCESSFUL=60
REQUESTS_MISSED=0

RAW PCAP:
25faa6fe9aaac2e400210ed35daa9c0985dddb14bdadbbb86376da444f689819  /home/chand/otshield-bench/evidence/v06/20260922T174026Z/trial-2/clean/raw.pcap
NORMALIZED_RECORDS= 60

CONDITION COMPLETE:
trial=2 condition=clean

TRIAL 2 COMPLETE

##############################################
TRIAL 3 / 25
##############################################
 Network docker_otshield-ics-net Creating 
 Network docker_otshield-ics-net Creating 
 Network docker_otshield-ics-net Created 
 Network docker_otshield-ics-net Created 
 Container otshield-openplc Creating 
 Container otshield-openplc Created 
 Container otshield-openplc Starting 
 Container otshield-openplc Started 
OpenPLC: starting
OpenPLC: healthy
OPENPLC_EXPECTED_ID=f848068dd404a00ab1754048f6d894bbf51e8b2d13e6dc4699c20bb04c1098ee
Network: docker_otshield-ics-net
Image: fortiphyd/grfics-plc:latest
Image ID: sha256:364461af6d7b56563fa6fdc6a296a2dfa6530caf07ea736bbc9a71701a360919

----------------------------------------------
TRIAL=3
CONDITION=delay20_jitter5_loss5
DELAY=20ms
JITTER=5ms
LOSS=5%
----------------------------------------------
Predeclared: openplc-v06-20260922T174026Z-t03-delay20_jitter5_loss5
Normal: 40
Anomaly: 20
279df4332cad25cca03de1fe72f344ec7c9329bd38eccec3d78fd45df35f1426  /home/chand/otshield-bench/evidence/v06/20260922T174026Z/trial-3/delay20_jitter5_loss5/protocol.json
NETEM:
qdisc netem 8009: root refcnt 13 limit 1000 delay 20ms  5ms loss 5% seed 16915187327045499180
NORMAL tid=01 addr=0 fc=0x03
NORMAL tid=02 addr=1 fc=0x03
NORMAL tid=03 addr=2 fc=0x03
NORMAL tid=04 addr=3 fc=0x03
NORMAL tid=05 addr=4 fc=0x03
NORMAL tid=06 addr=5 fc=0x03
NORMAL tid=07 addr=6 fc=0x03
NORMAL tid=08 addr=7 fc=0x03
NORMAL tid=09 addr=8 fc=0x03
NORMAL tid=10 addr=9 fc=0x03
NORMAL tid=11 addr=0 fc=0x03
NORMAL tid=12 addr=1 fc=0x03
NORMAL tid=13 addr=2 fc=0x03
NORMAL tid=14 addr=3 fc=0x03
NORMAL tid=15 addr=4 fc=0x03
NORMAL tid=16 addr=5 fc=0x03
NORMAL tid=17 addr=6 fc=0x03
NORMAL tid=18 addr=7 fc=0x03
NORMAL tid=19 addr=8 fc=0x03
NORMAL tid=20 addr=9 fc=0x03
BURST tid=21 addr=0 fc=0x03
BURST tid=22 addr=1 fc=0x03
BURST tid=23 addr=2 fc=0x03
BURST tid=24 addr=3 fc=0x03
BURST tid=25 addr=4 fc=0x03
BURST tid=26 addr=5 fc=0x03
BURST tid=27 addr=6 fc=0x03
BURST tid=28 addr=7 fc=0x03
BURST tid=29 addr=8 fc=0x03
BURST tid=30 addr=9 fc=0x03
BURST tid=31 addr=0 fc=0x03
BURST tid=32 addr=1 fc=0x03
BURST tid=33 addr=2 fc=0x03
BURST tid=34 addr=3 fc=0x03
BURST tid=35 addr=4 fc=0x03
BURST tid=36 addr=5 fc=0x03
BURST tid=37 addr=6 fc=0x03
BURST tid=38 addr=7 fc=0x03
BURST tid=39 addr=8 fc=0x03
BURST tid=40 addr=9 fc=0x03
NORMAL tid=41 addr=0 fc=0x03
NORMAL tid=42 addr=1 fc=0x03
NORMAL tid=43 addr=2 fc=0x03
NORMAL tid=44 addr=3 fc=0x03
NORMAL tid=45 addr=4 fc=0x03
NORMAL tid=46 addr=5 fc=0x03
NORMAL tid=47 addr=6 fc=0x03
NORMAL tid=48 addr=7 fc=0x03
NORMAL tid=49 addr=8 fc=0x03
NORMAL tid=50 addr=9 fc=0x03
NORMAL tid=51 addr=0 fc=0x03
NORMAL tid=52 addr=1 fc=0x03
NORMAL tid=53 addr=2 fc=0x03
NORMAL tid=54 addr=3 fc=0x03
NORMAL tid=55 addr=4 fc=0x03
NORMAL tid=56 addr=5 fc=0x03
NORMAL tid=57 addr=6 fc=0x03
NORMAL tid=58 addr=7 fc=0x03
NORMAL tid=59 addr=8 fc=0x03
NORMAL tid=60 addr=9 fc=0x03
REQUESTS_SUCCESSFUL=60
REQUESTS_MISSED=0

RAW PCAP:
79f80dbafa9fa5001bc95abd8552be2f17ecbaa1faeec859a53e39cb712992dc  /home/chand/otshield-bench/evidence/v06/20260922T174026Z/trial-3/delay20_jitter5_loss5/raw.pcap
NORMALIZED_RECORDS= 60

CONDITION COMPLETE:
trial=3 condition=delay20_jitter5_loss5

----------------------------------------------
TRIAL=3
CONDITION=delay40_jitter10
DELAY=40ms
JITTER=10ms
LOSS=0%
----------------------------------------------
Predeclared: openplc-v06-20260922T174026Z-t03-delay40_jitter10
Normal: 40
Anomaly: 20
9f0b4a8ddc4c98d9ac09e3cf093f7d98d5317d1798bb01ebbde550e7975567cc  /home/chand/otshield-bench/evidence/v06/20260922T174026Z/trial-3/delay40_jitter10/protocol.json
NETEM:
qdisc netem 800a: root refcnt 13 limit 1000 delay 40ms  10ms seed 2722993107446338516
NORMAL tid=01 addr=0 fc=0x03
NORMAL tid=02 addr=1 fc=0x03
NORMAL tid=03 addr=2 fc=0x03
NORMAL tid=04 addr=3 fc=0x03
NORMAL tid=05 addr=4 fc=0x03
NORMAL tid=06 addr=5 fc=0x03
NORMAL tid=07 addr=6 fc=0x03
NORMAL tid=08 addr=7 fc=0x03
NORMAL tid=09 addr=8 fc=0x03
NORMAL tid=10 addr=9 fc=0x03
NORMAL tid=11 addr=0 fc=0x03
NORMAL tid=12 addr=1 fc=0x03
NORMAL tid=13 addr=2 fc=0x03
NORMAL tid=14 addr=3 fc=0x03
NORMAL tid=15 addr=4 fc=0x03
NORMAL tid=16 addr=5 fc=0x03
NORMAL tid=17 addr=6 fc=0x03
NORMAL tid=18 addr=7 fc=0x03
NORMAL tid=19 addr=8 fc=0x03
NORMAL tid=20 addr=9 fc=0x03
BURST tid=21 addr=0 fc=0x03
BURST tid=22 addr=1 fc=0x03
BURST tid=23 addr=2 fc=0x03
BURST tid=24 addr=3 fc=0x03
BURST tid=25 addr=4 fc=0x03
BURST tid=26 addr=5 fc=0x03
BURST tid=27 addr=6 fc=0x03
BURST tid=28 addr=7 fc=0x03
BURST tid=29 addr=8 fc=0x03
BURST tid=30 addr=9 fc=0x03
BURST tid=31 addr=0 fc=0x03
BURST tid=32 addr=1 fc=0x03
BURST tid=33 addr=2 fc=0x03
BURST tid=34 addr=3 fc=0x03
BURST tid=35 addr=4 fc=0x03
BURST tid=36 addr=5 fc=0x03
BURST tid=37 addr=6 fc=0x03
BURST tid=38 addr=7 fc=0x03
BURST tid=39 addr=8 fc=0x03
BURST tid=40 addr=9 fc=0x03
NORMAL tid=41 addr=0 fc=0x03
NORMAL tid=42 addr=1 fc=0x03
NORMAL tid=43 addr=2 fc=0x03
NORMAL tid=44 addr=3 fc=0x03
NORMAL tid=45 addr=4 fc=0x03
NORMAL tid=46 addr=5 fc=0x03
NORMAL tid=47 addr=6 fc=0x03
NORMAL tid=48 addr=7 fc=0x03
NORMAL tid=49 addr=8 fc=0x03
NORMAL tid=50 addr=9 fc=0x03
NORMAL tid=51 addr=0 fc=0x03
NORMAL tid=52 addr=1 fc=0x03
NORMAL tid=53 addr=2 fc=0x03
NORMAL tid=54 addr=3 fc=0x03
NORMAL tid=55 addr=4 fc=0x03
NORMAL tid=56 addr=5 fc=0x03
NORMAL tid=57 addr=6 fc=0x03
NORMAL tid=58 addr=7 fc=0x03
NORMAL tid=59 addr=8 fc=0x03
NORMAL tid=60 addr=9 fc=0x03
REQUESTS_SUCCESSFUL=60
REQUESTS_MISSED=0

RAW PCAP:
02f9daeac8ec45b4dba12d7dcdc17d567f751dbdc8a00e0945106545ef63797a  /home/chand/otshield-bench/evidence/v06/20260922T174026Z/trial-3/delay40_jitter10/raw.pcap
NORMALIZED_RECORDS= 60

CONDITION COMPLETE:
trial=3 condition=delay40_jitter10

----------------------------------------------
TRIAL=3
CONDITION=delay60_jitter10
DELAY=60ms
JITTER=10ms
LOSS=0%
----------------------------------------------
Predeclared: openplc-v06-20260922T174026Z-t03-delay60_jitter10
Normal: 40
Anomaly: 20
b444acf5b4bbe4f3ccd267f7f1616ad8bfb302beb2b82eda75126e7d2110da68  /home/chand/otshield-bench/evidence/v06/20260922T174026Z/trial-3/delay60_jitter10/protocol.json
NETEM:
qdisc netem 800b: root refcnt 13 limit 1000 delay 60ms  10ms seed 2999032061921452013
NORMAL tid=01 addr=0 fc=0x03
NORMAL tid=02 addr=1 fc=0x03
NORMAL tid=03 addr=2 fc=0x03
NORMAL tid=04 addr=3 fc=0x03
NORMAL tid=05 addr=4 fc=0x03
NORMAL tid=06 addr=5 fc=0x03
NORMAL tid=07 addr=6 fc=0x03
NORMAL tid=08 addr=7 fc=0x03
NORMAL tid=09 addr=8 fc=0x03
NORMAL tid=10 addr=9 fc=0x03
NORMAL tid=11 addr=0 fc=0x03
NORMAL tid=12 addr=1 fc=0x03
NORMAL tid=13 addr=2 fc=0x03
NORMAL tid=14 addr=3 fc=0x03
NORMAL tid=15 addr=4 fc=0x03
NORMAL tid=16 addr=5 fc=0x03
NORMAL tid=17 addr=6 fc=0x03
NORMAL tid=18 addr=7 fc=0x03
NORMAL tid=19 addr=8 fc=0x03
NORMAL tid=20 addr=9 fc=0x03
BURST tid=21 addr=0 fc=0x03
BURST tid=22 addr=1 fc=0x03
BURST tid=23 addr=2 fc=0x03
BURST tid=24 addr=3 fc=0x03
BURST tid=25 addr=4 fc=0x03
BURST tid=26 addr=5 fc=0x03
BURST tid=27 addr=6 fc=0x03
BURST tid=28 addr=7 fc=0x03
BURST tid=29 addr=8 fc=0x03
BURST tid=30 addr=9 fc=0x03
BURST tid=31 addr=0 fc=0x03
BURST tid=32 addr=1 fc=0x03
BURST tid=33 addr=2 fc=0x03
BURST tid=34 addr=3 fc=0x03
BURST tid=35 addr=4 fc=0x03
BURST tid=36 addr=5 fc=0x03
BURST tid=37 addr=6 fc=0x03
BURST tid=38 addr=7 fc=0x03
BURST tid=39 addr=8 fc=0x03
BURST tid=40 addr=9 fc=0x03
NORMAL tid=41 addr=0 fc=0x03
NORMAL tid=42 addr=1 fc=0x03
NORMAL tid=43 addr=2 fc=0x03
NORMAL tid=44 addr=3 fc=0x03
NORMAL tid=45 addr=4 fc=0x03
NORMAL tid=46 addr=5 fc=0x03
NORMAL tid=47 addr=6 fc=0x03
NORMAL tid=48 addr=7 fc=0x03
NORMAL tid=49 addr=8 fc=0x03
NORMAL tid=50 addr=9 fc=0x03
NORMAL tid=51 addr=0 fc=0x03
NORMAL tid=52 addr=1 fc=0x03
NORMAL tid=53 addr=2 fc=0x03
NORMAL tid=54 addr=3 fc=0x03
NORMAL tid=55 addr=4 fc=0x03
NORMAL tid=56 addr=5 fc=0x03
NORMAL tid=57 addr=6 fc=0x03
NORMAL tid=58 addr=7 fc=0x03
NORMAL tid=59 addr=8 fc=0x03
NORMAL tid=60 addr=9 fc=0x03
REQUESTS_SUCCESSFUL=60
REQUESTS_MISSED=0

RAW PCAP:
44812b52721ba04e82b47ede9f0fa45918f501da363fb64ac9959c286580157b  /home/chand/otshield-bench/evidence/v06/20260922T174026Z/trial-3/delay60_jitter10/raw.pcap
NORMALIZED_RECORDS= 60

CONDITION COMPLETE:
trial=3 condition=delay60_jitter10

----------------------------------------------
TRIAL=3
CONDITION=clean
DELAY=0ms
JITTER=0ms
LOSS=0%
----------------------------------------------
Predeclared: openplc-v06-20260922T174026Z-t03-clean
Normal: 40
Anomaly: 20
3d0eb26301af7a17adcc3a9d1044a79e78f7a1f308d0cc2f9744ffae03663fea  /home/chand/otshield-bench/evidence/v06/20260922T174026Z/trial-3/clean/protocol.json
NETEM: clean
NORMAL tid=01 addr=0 fc=0x03
NORMAL tid=02 addr=1 fc=0x03
NORMAL tid=03 addr=2 fc=0x03
NORMAL tid=04 addr=3 fc=0x03
NORMAL tid=05 addr=4 fc=0x03
NORMAL tid=06 addr=5 fc=0x03
NORMAL tid=07 addr=6 fc=0x03
NORMAL tid=08 addr=7 fc=0x03
NORMAL tid=09 addr=8 fc=0x03
NORMAL tid=10 addr=9 fc=0x03
NORMAL tid=11 addr=0 fc=0x03
NORMAL tid=12 addr=1 fc=0x03
NORMAL tid=13 addr=2 fc=0x03
NORMAL tid=14 addr=3 fc=0x03
NORMAL tid=15 addr=4 fc=0x03
NORMAL tid=16 addr=5 fc=0x03
NORMAL tid=17 addr=6 fc=0x03
NORMAL tid=18 addr=7 fc=0x03
NORMAL tid=19 addr=8 fc=0x03
NORMAL tid=20 addr=9 fc=0x03
BURST tid=21 addr=0 fc=0x03
BURST tid=22 addr=1 fc=0x03
BURST tid=23 addr=2 fc=0x03
BURST tid=24 addr=3 fc=0x03
BURST tid=25 addr=4 fc=0x03
BURST tid=26 addr=5 fc=0x03
BURST tid=27 addr=6 fc=0x03
BURST tid=28 addr=7 fc=0x03
BURST tid=29 addr=8 fc=0x03
BURST tid=30 addr=9 fc=0x03
BURST tid=31 addr=0 fc=0x03
BURST tid=32 addr=1 fc=0x03
BURST tid=33 addr=2 fc=0x03
BURST tid=34 addr=3 fc=0x03
BURST tid=35 addr=4 fc=0x03
BURST tid=36 addr=5 fc=0x03
BURST tid=37 addr=6 fc=0x03
BURST tid=38 addr=7 fc=0x03
BURST tid=39 addr=8 fc=0x03
BURST tid=40 addr=9 fc=0x03
NORMAL tid=41 addr=0 fc=0x03
NORMAL tid=42 addr=1 fc=0x03
NORMAL tid=43 addr=2 fc=0x03
NORMAL tid=44 addr=3 fc=0x03
NORMAL tid=45 addr=4 fc=0x03
NORMAL tid=46 addr=5 fc=0x03
NORMAL tid=47 addr=6 fc=0x03
NORMAL tid=48 addr=7 fc=0x03
NORMAL tid=49 addr=8 fc=0x03
NORMAL tid=50 addr=9 fc=0x03
NORMAL tid=51 addr=0 fc=0x03
NORMAL tid=52 addr=1 fc=0x03
NORMAL tid=53 addr=2 fc=0x03
NORMAL tid=54 addr=3 fc=0x03
NORMAL tid=55 addr=4 fc=0x03
NORMAL tid=56 addr=5 fc=0x03
NORMAL tid=57 addr=6 fc=0x03
NORMAL tid=58 addr=7 fc=0x03
NORMAL tid=59 addr=8 fc=0x03
NORMAL tid=60 addr=9 fc=0x03
REQUESTS_SUCCESSFUL=60
REQUESTS_MISSED=0

RAW PCAP:
710445fa412b99d4857de02db60cba07a93c4e5af8a980b51cdd0ec8825899b3  /home/chand/otshield-bench/evidence/v06/20260922T174026Z/trial-3/clean/raw.pcap
NORMALIZED_RECORDS= 60

CONDITION COMPLETE:
trial=3 condition=clean

----------------------------------------------
TRIAL=3
CONDITION=delay20
DELAY=20ms
JITTER=0ms
LOSS=0%
----------------------------------------------
Predeclared: openplc-v06-20260922T174026Z-t03-delay20
Normal: 40
Anomaly: 20
a57fb90458da411624217b63bf0d10a2f3a38dafa1407bf43284f9d0fcd4c70f  /home/chand/otshield-bench/evidence/v06/20260922T174026Z/trial-3/delay20/protocol.json
NETEM:
qdisc netem 800c: root refcnt 13 limit 1000 delay 20ms seed 4228808041271487525
NORMAL tid=01 addr=0 fc=0x03
NORMAL tid=02 addr=1 fc=0x03
NORMAL tid=03 addr=2 fc=0x03
NORMAL tid=04 addr=3 fc=0x03
NORMAL tid=05 addr=4 fc=0x03
NORMAL tid=06 addr=5 fc=0x03
NORMAL tid=07 addr=6 fc=0x03
NORMAL tid=08 addr=7 fc=0x03
NORMAL tid=09 addr=8 fc=0x03
NORMAL tid=10 addr=9 fc=0x03
NORMAL tid=11 addr=0 fc=0x03
NORMAL tid=12 addr=1 fc=0x03
NORMAL tid=13 addr=2 fc=0x03
NORMAL tid=14 addr=3 fc=0x03
NORMAL tid=15 addr=4 fc=0x03
NORMAL tid=16 addr=5 fc=0x03
NORMAL tid=17 addr=6 fc=0x03
NORMAL tid=18 addr=7 fc=0x03
NORMAL tid=19 addr=8 fc=0x03
NORMAL tid=20 addr=9 fc=0x03
BURST tid=21 addr=0 fc=0x03
BURST tid=22 addr=1 fc=0x03
BURST tid=23 addr=2 fc=0x03
BURST tid=24 addr=3 fc=0x03
BURST tid=25 addr=4 fc=0x03
BURST tid=26 addr=5 fc=0x03
BURST tid=27 addr=6 fc=0x03
BURST tid=28 addr=7 fc=0x03
BURST tid=29 addr=8 fc=0x03
BURST tid=30 addr=9 fc=0x03
BURST tid=31 addr=0 fc=0x03
BURST tid=32 addr=1 fc=0x03
BURST tid=33 addr=2 fc=0x03
BURST tid=34 addr=3 fc=0x03
BURST tid=35 addr=4 fc=0x03
BURST tid=36 addr=5 fc=0x03
BURST tid=37 addr=6 fc=0x03
BURST tid=38 addr=7 fc=0x03
BURST tid=39 addr=8 fc=0x03
BURST tid=40 addr=9 fc=0x03
NORMAL tid=41 addr=0 fc=0x03
NORMAL tid=42 addr=1 fc=0x03
NORMAL tid=43 addr=2 fc=0x03
NORMAL tid=44 addr=3 fc=0x03
NORMAL tid=45 addr=4 fc=0x03
NORMAL tid=46 addr=5 fc=0x03
NORMAL tid=47 addr=6 fc=0x03
NORMAL tid=48 addr=7 fc=0x03
NORMAL tid=49 addr=8 fc=0x03
NORMAL tid=50 addr=9 fc=0x03
NORMAL tid=51 addr=0 fc=0x03
NORMAL tid=52 addr=1 fc=0x03
NORMAL tid=53 addr=2 fc=0x03
NORMAL tid=54 addr=3 fc=0x03
NORMAL tid=55 addr=4 fc=0x03
NORMAL tid=56 addr=5 fc=0x03
NORMAL tid=57 addr=6 fc=0x03
NORMAL tid=58 addr=7 fc=0x03
NORMAL tid=59 addr=8 fc=0x03
NORMAL tid=60 addr=9 fc=0x03
REQUESTS_SUCCESSFUL=60
REQUESTS_MISSED=0

RAW PCAP:
c815ed0fed189db89cc780eda515448bb0d0e0c385f7f3a0a5bb2929e33e4d39  /home/chand/otshield-bench/evidence/v06/20260922T174026Z/trial-3/delay20/raw.pcap
NORMALIZED_RECORDS= 60

CONDITION COMPLETE:
trial=3 condition=delay20

TRIAL 3 COMPLETE

##############################################
TRIAL 4 / 25
##############################################
 Network docker_otshield-ics-net Creating 
 Network docker_otshield-ics-net Creating 
 Network docker_otshield-ics-net Created 
 Network docker_otshield-ics-net Created 
 Container otshield-openplc Creating 
 Container otshield-openplc Created 
 Container otshield-openplc Starting 
 Container otshield-openplc Started 
OpenPLC: starting
OpenPLC: healthy
OPENPLC_EXPECTED_ID=00a843e451e245f06305c7dc23552e4ff9a38f026c8e5bb652ea67543aa1ecad
Network: docker_otshield-ics-net
Image: fortiphyd/grfics-plc:latest
Image ID: sha256:364461af6d7b56563fa6fdc6a296a2dfa6530caf07ea736bbc9a71701a360919

----------------------------------------------
TRIAL=4
CONDITION=delay40_jitter10
DELAY=40ms
JITTER=10ms
LOSS=0%
----------------------------------------------
Predeclared: openplc-v06-20260922T174026Z-t04-delay40_jitter10
Normal: 40
Anomaly: 20
5df062ba30fda52da1aef239c4a47c9860ffc087f86c43838e76604e9872571d  /home/chand/otshield-bench/evidence/v06/20260922T174026Z/trial-4/delay40_jitter10/protocol.json
NETEM:
qdisc netem 800d: root refcnt 13 limit 1000 delay 40ms  10ms seed 6717302289370951015
NORMAL tid=01 addr=0 fc=0x03
NORMAL tid=02 addr=1 fc=0x03
NORMAL tid=03 addr=2 fc=0x03
NORMAL tid=04 addr=3 fc=0x03
NORMAL tid=05 addr=4 fc=0x03
NORMAL tid=06 addr=5 fc=0x03
NORMAL tid=07 addr=6 fc=0x03
NORMAL tid=08 addr=7 fc=0x03
NORMAL tid=09 addr=8 fc=0x03
NORMAL tid=10 addr=9 fc=0x03
NORMAL tid=11 addr=0 fc=0x03
NORMAL tid=12 addr=1 fc=0x03
NORMAL tid=13 addr=2 fc=0x03
NORMAL tid=14 addr=3 fc=0x03
NORMAL tid=15 addr=4 fc=0x03
NORMAL tid=16 addr=5 fc=0x03
NORMAL tid=17 addr=6 fc=0x03
NORMAL tid=18 addr=7 fc=0x03
NORMAL tid=19 addr=8 fc=0x03
NORMAL tid=20 addr=9 fc=0x03
BURST tid=21 addr=0 fc=0x03
BURST tid=22 addr=1 fc=0x03
BURST tid=23 addr=2 fc=0x03
BURST tid=24 addr=3 fc=0x03
BURST tid=25 addr=4 fc=0x03
BURST tid=26 addr=5 fc=0x03
BURST tid=27 addr=6 fc=0x03
BURST tid=28 addr=7 fc=0x03
BURST tid=29 addr=8 fc=0x03
BURST tid=30 addr=9 fc=0x03
BURST tid=31 addr=0 fc=0x03
BURST tid=32 addr=1 fc=0x03
BURST tid=33 addr=2 fc=0x03
BURST tid=34 addr=3 fc=0x03
BURST tid=35 addr=4 fc=0x03
BURST tid=36 addr=5 fc=0x03
BURST tid=37 addr=6 fc=0x03
BURST tid=38 addr=7 fc=0x03
BURST tid=39 addr=8 fc=0x03
BURST tid=40 addr=9 fc=0x03
NORMAL tid=41 addr=0 fc=0x03
NORMAL tid=42 addr=1 fc=0x03
NORMAL tid=43 addr=2 fc=0x03
NORMAL tid=44 addr=3 fc=0x03
NORMAL tid=45 addr=4 fc=0x03
NORMAL tid=46 addr=5 fc=0x03
NORMAL tid=47 addr=6 fc=0x03
NORMAL tid=48 addr=7 fc=0x03
NORMAL tid=49 addr=8 fc=0x03
NORMAL tid=50 addr=9 fc=0x03
NORMAL tid=51 addr=0 fc=0x03
NORMAL tid=52 addr=1 fc=0x03
NORMAL tid=53 addr=2 fc=0x03
NORMAL tid=54 addr=3 fc=0x03
NORMAL tid=55 addr=4 fc=0x03
NORMAL tid=56 addr=5 fc=0x03
NORMAL tid=57 addr=6 fc=0x03
NORMAL tid=58 addr=7 fc=0x03
NORMAL tid=59 addr=8 fc=0x03
NORMAL tid=60 addr=9 fc=0x03
REQUESTS_SUCCESSFUL=60
REQUESTS_MISSED=0

RAW PCAP:
5685231c0278a144ebd04bb0335213a66a323ebf17bc375ec4af6f746d9ab12b  /home/chand/otshield-bench/evidence/v06/20260922T174026Z/trial-4/delay40_jitter10/raw.pcap
NORMALIZED_RECORDS= 60

CONDITION COMPLETE:
trial=4 condition=delay40_jitter10

----------------------------------------------
TRIAL=4
CONDITION=delay60_jitter10
DELAY=60ms
JITTER=10ms
LOSS=0%
----------------------------------------------
Predeclared: openplc-v06-20260922T174026Z-t04-delay60_jitter10
Normal: 40
Anomaly: 20
90368bfac089573fd6cb2016c1b42286350cd705e371c59fb6280a5065e901b4  /home/chand/otshield-bench/evidence/v06/20260922T174026Z/trial-4/delay60_jitter10/protocol.json
NETEM:
qdisc netem 800e: root refcnt 13 limit 1000 delay 60ms  10ms seed 10764423789194591212
NORMAL tid=01 addr=0 fc=0x03
NORMAL tid=02 addr=1 fc=0x03
NORMAL tid=03 addr=2 fc=0x03
NORMAL tid=04 addr=3 fc=0x03
NORMAL tid=05 addr=4 fc=0x03
NORMAL tid=06 addr=5 fc=0x03
NORMAL tid=07 addr=6 fc=0x03
NORMAL tid=08 addr=7 fc=0x03
NORMAL tid=09 addr=8 fc=0x03
NORMAL tid=10 addr=9 fc=0x03
NORMAL tid=11 addr=0 fc=0x03
NORMAL tid=12 addr=1 fc=0x03
NORMAL tid=13 addr=2 fc=0x03
NORMAL tid=14 addr=3 fc=0x03
NORMAL tid=15 addr=4 fc=0x03
NORMAL tid=16 addr=5 fc=0x03
NORMAL tid=17 addr=6 fc=0x03
NORMAL tid=18 addr=7 fc=0x03
NORMAL tid=19 addr=8 fc=0x03
NORMAL tid=20 addr=9 fc=0x03
BURST tid=21 addr=0 fc=0x03
BURST tid=22 addr=1 fc=0x03
BURST tid=23 addr=2 fc=0x03
BURST tid=24 addr=3 fc=0x03
BURST tid=25 addr=4 fc=0x03
BURST tid=26 addr=5 fc=0x03
BURST tid=27 addr=6 fc=0x03
BURST tid=28 addr=7 fc=0x03
BURST tid=29 addr=8 fc=0x03
BURST tid=30 addr=9 fc=0x03
BURST tid=31 addr=0 fc=0x03
BURST tid=32 addr=1 fc=0x03
BURST tid=33 addr=2 fc=0x03
BURST tid=34 addr=3 fc=0x03
BURST tid=35 addr=4 fc=0x03
BURST tid=36 addr=5 fc=0x03
BURST tid=37 addr=6 fc=0x03
BURST tid=38 addr=7 fc=0x03
BURST tid=39 addr=8 fc=0x03
BURST tid=40 addr=9 fc=0x03
NORMAL tid=41 addr=0 fc=0x03
NORMAL tid=42 addr=1 fc=0x03
NORMAL tid=43 addr=2 fc=0x03
NORMAL tid=44 addr=3 fc=0x03
NORMAL tid=45 addr=4 fc=0x03
NORMAL tid=46 addr=5 fc=0x03
NORMAL tid=47 addr=6 fc=0x03
NORMAL tid=48 addr=7 fc=0x03
NORMAL tid=49 addr=8 fc=0x03
NORMAL tid=50 addr=9 fc=0x03
NORMAL tid=51 addr=0 fc=0x03
NORMAL tid=52 addr=1 fc=0x03
NORMAL tid=53 addr=2 fc=0x03
NORMAL tid=54 addr=3 fc=0x03
NORMAL tid=55 addr=4 fc=0x03
NORMAL tid=56 addr=5 fc=0x03
NORMAL tid=57 addr=6 fc=0x03
NORMAL tid=58 addr=7 fc=0x03
NORMAL tid=59 addr=8 fc=0x03
NORMAL tid=60 addr=9 fc=0x03
REQUESTS_SUCCESSFUL=60
REQUESTS_MISSED=0

RAW PCAP:
12e6e8f6e79fc6e373d173d3a986a42c5e5b8db3200e2742d43a459b5d0319c4  /home/chand/otshield-bench/evidence/v06/20260922T174026Z/trial-4/delay60_jitter10/raw.pcap
NORMALIZED_RECORDS= 60

CONDITION COMPLETE:
trial=4 condition=delay60_jitter10

----------------------------------------------
TRIAL=4
CONDITION=clean
DELAY=0ms
JITTER=0ms
LOSS=0%
----------------------------------------------
Predeclared: openplc-v06-20260922T174026Z-t04-clean
Normal: 40
Anomaly: 20
12eb411297ac3e20fb4f2cfeaefcfd13c54cad522b0b75e0e7d3bf15a6c1da8a  /home/chand/otshield-bench/evidence/v06/20260922T174026Z/trial-4/clean/protocol.json
NETEM: clean
NORMAL tid=01 addr=0 fc=0x03
NORMAL tid=02 addr=1 fc=0x03
NORMAL tid=03 addr=2 fc=0x03
NORMAL tid=04 addr=3 fc=0x03
NORMAL tid=05 addr=4 fc=0x03
NORMAL tid=06 addr=5 fc=0x03
NORMAL tid=07 addr=6 fc=0x03
NORMAL tid=08 addr=7 fc=0x03
NORMAL tid=09 addr=8 fc=0x03
NORMAL tid=10 addr=9 fc=0x03
NORMAL tid=11 addr=0 fc=0x03
NORMAL tid=12 addr=1 fc=0x03
NORMAL tid=13 addr=2 fc=0x03
NORMAL tid=14 addr=3 fc=0x03
NORMAL tid=15 addr=4 fc=0x03
NORMAL tid=16 addr=5 fc=0x03
NORMAL tid=17 addr=6 fc=0x03
NORMAL tid=18 addr=7 fc=0x03
NORMAL tid=19 addr=8 fc=0x03
NORMAL tid=20 addr=9 fc=0x03
BURST tid=21 addr=0 fc=0x03
BURST tid=22 addr=1 fc=0x03
BURST tid=23 addr=2 fc=0x03
BURST tid=24 addr=3 fc=0x03
BURST tid=25 addr=4 fc=0x03
BURST tid=26 addr=5 fc=0x03
BURST tid=27 addr=6 fc=0x03
BURST tid=28 addr=7 fc=0x03
BURST tid=29 addr=8 fc=0x03
BURST tid=30 addr=9 fc=0x03
BURST tid=31 addr=0 fc=0x03
BURST tid=32 addr=1 fc=0x03
BURST tid=33 addr=2 fc=0x03
BURST tid=34 addr=3 fc=0x03
BURST tid=35 addr=4 fc=0x03
BURST tid=36 addr=5 fc=0x03
BURST tid=37 addr=6 fc=0x03
BURST tid=38 addr=7 fc=0x03
BURST tid=39 addr=8 fc=0x03
BURST tid=40 addr=9 fc=0x03
NORMAL tid=41 addr=0 fc=0x03
NORMAL tid=42 addr=1 fc=0x03
NORMAL tid=43 addr=2 fc=0x03
NORMAL tid=44 addr=3 fc=0x03
NORMAL tid=45 addr=4 fc=0x03
NORMAL tid=46 addr=5 fc=0x03
NORMAL tid=47 addr=6 fc=0x03
NORMAL tid=48 addr=7 fc=0x03
NORMAL tid=49 addr=8 fc=0x03
NORMAL tid=50 addr=9 fc=0x03
NORMAL tid=51 addr=0 fc=0x03
NORMAL tid=52 addr=1 fc=0x03
NORMAL tid=53 addr=2 fc=0x03
NORMAL tid=54 addr=3 fc=0x03
NORMAL tid=55 addr=4 fc=0x03
NORMAL tid=56 addr=5 fc=0x03
NORMAL tid=57 addr=6 fc=0x03
NORMAL tid=58 addr=7 fc=0x03
NORMAL tid=59 addr=8 fc=0x03
NORMAL tid=60 addr=9 fc=0x03
REQUESTS_SUCCESSFUL=60
REQUESTS_MISSED=0

RAW PCAP:
f708b80106dc87aa2e9aa6f92ae4258926e865168048121317e81ab551677c7b  /home/chand/otshield-bench/evidence/v06/20260922T174026Z/trial-4/clean/raw.pcap
NORMALIZED_RECORDS= 60

CONDITION COMPLETE:
trial=4 condition=clean

----------------------------------------------
TRIAL=4
CONDITION=delay20
DELAY=20ms
JITTER=0ms
LOSS=0%
----------------------------------------------
Predeclared: openplc-v06-20260922T174026Z-t04-delay20
Normal: 40
Anomaly: 20
b20590363fdc2e7d2dd57ee165424dd2ca0db4d93f0a49047524893713ee1005  /home/chand/otshield-bench/evidence/v06/20260922T174026Z/trial-4/delay20/protocol.json
NETEM:
qdisc netem 800f: root refcnt 13 limit 1000 delay 20ms seed 10160417027625074026
NORMAL tid=01 addr=0 fc=0x03
NORMAL tid=02 addr=1 fc=0x03
NORMAL tid=03 addr=2 fc=0x03
NORMAL tid=04 addr=3 fc=0x03
NORMAL tid=05 addr=4 fc=0x03
NORMAL tid=06 addr=5 fc=0x03
NORMAL tid=07 addr=6 fc=0x03
NORMAL tid=08 addr=7 fc=0x03
NORMAL tid=09 addr=8 fc=0x03
NORMAL tid=10 addr=9 fc=0x03
NORMAL tid=11 addr=0 fc=0x03
NORMAL tid=12 addr=1 fc=0x03
NORMAL tid=13 addr=2 fc=0x03
NORMAL tid=14 addr=3 fc=0x03
NORMAL tid=15 addr=4 fc=0x03
NORMAL tid=16 addr=5 fc=0x03
NORMAL tid=17 addr=6 fc=0x03
NORMAL tid=18 addr=7 fc=0x03
NORMAL tid=19 addr=8 fc=0x03
NORMAL tid=20 addr=9 fc=0x03
BURST tid=21 addr=0 fc=0x03
BURST tid=22 addr=1 fc=0x03
BURST tid=23 addr=2 fc=0x03
BURST tid=24 addr=3 fc=0x03
BURST tid=25 addr=4 fc=0x03
BURST tid=26 addr=5 fc=0x03
BURST tid=27 addr=6 fc=0x03
BURST tid=28 addr=7 fc=0x03
BURST tid=29 addr=8 fc=0x03
BURST tid=30 addr=9 fc=0x03
BURST tid=31 addr=0 fc=0x03
BURST tid=32 addr=1 fc=0x03
BURST tid=33 addr=2 fc=0x03
BURST tid=34 addr=3 fc=0x03
BURST tid=35 addr=4 fc=0x03
BURST tid=36 addr=5 fc=0x03
BURST tid=37 addr=6 fc=0x03
BURST tid=38 addr=7 fc=0x03
BURST tid=39 addr=8 fc=0x03
BURST tid=40 addr=9 fc=0x03
NORMAL tid=41 addr=0 fc=0x03
NORMAL tid=42 addr=1 fc=0x03
NORMAL tid=43 addr=2 fc=0x03
NORMAL tid=44 addr=3 fc=0x03
NORMAL tid=45 addr=4 fc=0x03
NORMAL tid=46 addr=5 fc=0x03
NORMAL tid=47 addr=6 fc=0x03
NORMAL tid=48 addr=7 fc=0x03
NORMAL tid=49 addr=8 fc=0x03
NORMAL tid=50 addr=9 fc=0x03
NORMAL tid=51 addr=0 fc=0x03
NORMAL tid=52 addr=1 fc=0x03
NORMAL tid=53 addr=2 fc=0x03
NORMAL tid=54 addr=3 fc=0x03
NORMAL tid=55 addr=4 fc=0x03
NORMAL tid=56 addr=5 fc=0x03
NORMAL tid=57 addr=6 fc=0x03
NORMAL tid=58 addr=7 fc=0x03
NORMAL tid=59 addr=8 fc=0x03
NORMAL tid=60 addr=9 fc=0x03
REQUESTS_SUCCESSFUL=60
REQUESTS_MISSED=0

RAW PCAP:
4afa38b423b7187b6674808ee71c32b63bf7e7def4bbc6e459e993aac7418452  /home/chand/otshield-bench/evidence/v06/20260922T174026Z/trial-4/delay20/raw.pcap
NORMALIZED_RECORDS= 60

CONDITION COMPLETE:
trial=4 condition=delay20

----------------------------------------------
TRIAL=4
CONDITION=delay20_jitter5_loss5
DELAY=20ms
JITTER=5ms
LOSS=5%
----------------------------------------------
Predeclared: openplc-v06-20260922T174026Z-t04-delay20_jitter5_loss5
Normal: 40
Anomaly: 20
60126e95b9b8292f1df519bbd74732ac863ff34aaea7b3dea334780ffa6f7475  /home/chand/otshield-bench/evidence/v06/20260922T174026Z/trial-4/delay20_jitter5_loss5/protocol.json
NETEM:
qdisc netem 8010: root refcnt 13 limit 1000 delay 20ms  5ms loss 5% seed 15035555412216857761
NORMAL tid=01 addr=0 fc=0x03
NORMAL tid=02 addr=1 fc=0x03
NORMAL tid=03 addr=2 fc=0x03
NORMAL tid=04 addr=3 fc=0x03
NORMAL tid=05 addr=4 fc=0x03
NORMAL tid=06 addr=5 fc=0x03
NORMAL tid=07 addr=6 fc=0x03
NORMAL tid=08 addr=7 fc=0x03
NORMAL tid=09 addr=8 fc=0x03
NORMAL tid=10 addr=9 fc=0x03
NORMAL tid=11 addr=0 fc=0x03
NORMAL tid=12 addr=1 fc=0x03
NORMAL tid=13 addr=2 fc=0x03
NORMAL tid=14 addr=3 fc=0x03
NORMAL tid=15 addr=4 fc=0x03
NORMAL tid=16 addr=5 fc=0x03
NORMAL tid=17 addr=6 fc=0x03
NORMAL tid=18 addr=7 fc=0x03
NORMAL tid=19 addr=8 fc=0x03
NORMAL tid=20 addr=9 fc=0x03
BURST tid=21 addr=0 fc=0x03
BURST tid=22 addr=1 fc=0x03
BURST tid=23 addr=2 fc=0x03
BURST tid=24 addr=3 fc=0x03
BURST tid=25 addr=4 fc=0x03
BURST tid=26 addr=5 fc=0x03
BURST tid=27 addr=6 fc=0x03
BURST tid=28 addr=7 fc=0x03
BURST tid=29 addr=8 fc=0x03
BURST tid=30 addr=9 fc=0x03
BURST tid=31 addr=0 fc=0x03
BURST tid=32 addr=1 fc=0x03
BURST tid=33 addr=2 fc=0x03
BURST tid=34 addr=3 fc=0x03
BURST tid=35 addr=4 fc=0x03
BURST tid=36 addr=5 fc=0x03
BURST tid=37 addr=6 fc=0x03
BURST tid=38 addr=7 fc=0x03
BURST tid=39 addr=8 fc=0x03
BURST tid=40 addr=9 fc=0x03
NORMAL tid=41 addr=0 fc=0x03
NORMAL tid=42 addr=1 fc=0x03
NORMAL tid=43 addr=2 fc=0x03
NORMAL tid=44 addr=3 fc=0x03
NORMAL tid=45 addr=4 fc=0x03
NORMAL tid=46 addr=5 fc=0x03
NORMAL tid=47 addr=6 fc=0x03
NORMAL tid=48 addr=7 fc=0x03
NORMAL tid=49 addr=8 fc=0x03
NORMAL tid=50 addr=9 fc=0x03
NORMAL tid=51 addr=0 fc=0x03
NORMAL tid=52 addr=1 fc=0x03
NORMAL tid=53 addr=2 fc=0x03
NORMAL tid=54 addr=3 fc=0x03
NORMAL tid=55 addr=4 fc=0x03
NORMAL tid=56 addr=5 fc=0x03
NORMAL tid=57 addr=6 fc=0x03
NORMAL tid=58 addr=7 fc=0x03
NORMAL tid=59 addr=8 fc=0x03
NORMAL tid=60 addr=9 fc=0x03
REQUESTS_SUCCESSFUL=60
REQUESTS_MISSED=0

RAW PCAP:
2631e2970593b4c18a1f31375e4658e3321d83d6ce3ab76660f59290fb757ec2  /home/chand/otshield-bench/evidence/v06/20260922T174026Z/trial-4/delay20_jitter5_loss5/raw.pcap
NORMALIZED_RECORDS= 60

CONDITION COMPLETE:
trial=4 condition=delay20_jitter5_loss5

TRIAL 4 COMPLETE

##############################################
TRIAL 5 / 25
##############################################
 Network docker_otshield-ics-net Creating 
 Network docker_otshield-ics-net Creating 
 Network docker_otshield-ics-net Created 
 Network docker_otshield-ics-net Created 
 Container otshield-openplc Creating 
 Container otshield-openplc Created 
 Container otshield-openplc Starting 
 Container otshield-openplc Started 
OpenPLC: starting
OpenPLC: healthy
OPENPLC_EXPECTED_ID=60f60a32ac408ad802893665e623411ddd281e13d2f4759a36cc29de26a62c5c
Network: docker_otshield-ics-net
Image: fortiphyd/grfics-plc:latest
Image ID: sha256:364461af6d7b56563fa6fdc6a296a2dfa6530caf07ea736bbc9a71701a360919

----------------------------------------------
TRIAL=5
CONDITION=delay60_jitter10
DELAY=60ms
JITTER=10ms
LOSS=0%
----------------------------------------------
Predeclared: openplc-v06-20260922T174026Z-t05-delay60_jitter10
Normal: 40
Anomaly: 20
e347614156d284e1cd5eb5082d35a05d4d9ebc6d35c3a648fa0da1e4c869b4fe  /home/chand/otshield-bench/evidence/v06/20260922T174026Z/trial-5/delay60_jitter10/protocol.json
NETEM:
qdisc netem 8011: root refcnt 13 limit 1000 delay 60ms  10ms seed 7436418660229236258
NORMAL tid=01 addr=0 fc=0x03
NORMAL tid=02 addr=1 fc=0x03
NORMAL tid=03 addr=2 fc=0x03
NORMAL tid=04 addr=3 fc=0x03
NORMAL tid=05 addr=4 fc=0x03
NORMAL tid=06 addr=5 fc=0x03
NORMAL tid=07 addr=6 fc=0x03
NORMAL tid=08 addr=7 fc=0x03
NORMAL tid=09 addr=8 fc=0x03
NORMAL tid=10 addr=9 fc=0x03
NORMAL tid=11 addr=0 fc=0x03
NORMAL tid=12 addr=1 fc=0x03
NORMAL tid=13 addr=2 fc=0x03
NORMAL tid=14 addr=3 fc=0x03
NORMAL tid=15 addr=4 fc=0x03
NORMAL tid=16 addr=5 fc=0x03
NORMAL tid=17 addr=6 fc=0x03
NORMAL tid=18 addr=7 fc=0x03
NORMAL tid=19 addr=8 fc=0x03
NORMAL tid=20 addr=9 fc=0x03
BURST tid=21 addr=0 fc=0x03
BURST tid=22 addr=1 fc=0x03
BURST tid=23 addr=2 fc=0x03
BURST tid=24 addr=3 fc=0x03
BURST tid=25 addr=4 fc=0x03
BURST tid=26 addr=5 fc=0x03
BURST tid=27 addr=6 fc=0x03
BURST tid=28 addr=7 fc=0x03
BURST tid=29 addr=8 fc=0x03
BURST tid=30 addr=9 fc=0x03
BURST tid=31 addr=0 fc=0x03
BURST tid=32 addr=1 fc=0x03
BURST tid=33 addr=2 fc=0x03
BURST tid=34 addr=3 fc=0x03
BURST tid=35 addr=4 fc=0x03
BURST tid=36 addr=5 fc=0x03
BURST tid=37 addr=6 fc=0x03
BURST tid=38 addr=7 fc=0x03
BURST tid=39 addr=8 fc=0x03
BURST tid=40 addr=9 fc=0x03
NORMAL tid=41 addr=0 fc=0x03
NORMAL tid=42 addr=1 fc=0x03
NORMAL tid=43 addr=2 fc=0x03
NORMAL tid=44 addr=3 fc=0x03
NORMAL tid=45 addr=4 fc=0x03
NORMAL tid=46 addr=5 fc=0x03
NORMAL tid=47 addr=6 fc=0x03
NORMAL tid=48 addr=7 fc=0x03
NORMAL tid=49 addr=8 fc=0x03
NORMAL tid=50 addr=9 fc=0x03
NORMAL tid=51 addr=0 fc=0x03
NORMAL tid=52 addr=1 fc=0x03
NORMAL tid=53 addr=2 fc=0x03
NORMAL tid=54 addr=3 fc=0x03
NORMAL tid=55 addr=4 fc=0x03
NORMAL tid=56 addr=5 fc=0x03
NORMAL tid=57 addr=6 fc=0x03
NORMAL tid=58 addr=7 fc=0x03
NORMAL tid=59 addr=8 fc=0x03
NORMAL tid=60 addr=9 fc=0x03
REQUESTS_SUCCESSFUL=60
REQUESTS_MISSED=0

RAW PCAP:
12a77548cd4b0c414ec3370d0530046e46e427c69658044c675939f6decea147  /home/chand/otshield-bench/evidence/v06/20260922T174026Z/trial-5/delay60_jitter10/raw.pcap
NORMALIZED_RECORDS= 60

CONDITION COMPLETE:
trial=5 condition=delay60_jitter10

----------------------------------------------
TRIAL=5
CONDITION=clean
DELAY=0ms
JITTER=0ms
LOSS=0%
----------------------------------------------
Predeclared: openplc-v06-20260922T174026Z-t05-clean
Normal: 40
Anomaly: 20
8a78408ab1f8f66ae19dbbbc0627e5e780ded3d3667f5c5a5930577b41cb2405  /home/chand/otshield-bench/evidence/v06/20260922T174026Z/trial-5/clean/protocol.json
NETEM: clean
NORMAL tid=01 addr=0 fc=0x03
NORMAL tid=02 addr=1 fc=0x03
NORMAL tid=03 addr=2 fc=0x03
NORMAL tid=04 addr=3 fc=0x03
NORMAL tid=05 addr=4 fc=0x03
NORMAL tid=06 addr=5 fc=0x03
NORMAL tid=07 addr=6 fc=0x03
NORMAL tid=08 addr=7 fc=0x03
NORMAL tid=09 addr=8 fc=0x03
NORMAL tid=10 addr=9 fc=0x03
NORMAL tid=11 addr=0 fc=0x03
NORMAL tid=12 addr=1 fc=0x03
NORMAL tid=13 addr=2 fc=0x03
NORMAL tid=14 addr=3 fc=0x03
NORMAL tid=15 addr=4 fc=0x03
NORMAL tid=16 addr=5 fc=0x03
NORMAL tid=17 addr=6 fc=0x03
NORMAL tid=18 addr=7 fc=0x03
NORMAL tid=19 addr=8 fc=0x03
NORMAL tid=20 addr=9 fc=0x03
BURST tid=21 addr=0 fc=0x03
BURST tid=22 addr=1 fc=0x03
BURST tid=23 addr=2 fc=0x03
BURST tid=24 addr=3 fc=0x03
BURST tid=25 addr=4 fc=0x03
BURST tid=26 addr=5 fc=0x03
BURST tid=27 addr=6 fc=0x03
BURST tid=28 addr=7 fc=0x03
BURST tid=29 addr=8 fc=0x03
BURST tid=30 addr=9 fc=0x03
BURST tid=31 addr=0 fc=0x03
BURST tid=32 addr=1 fc=0x03
BURST tid=33 addr=2 fc=0x03
BURST tid=34 addr=3 fc=0x03
BURST tid=35 addr=4 fc=0x03
BURST tid=36 addr=5 fc=0x03
BURST tid=37 addr=6 fc=0x03
BURST tid=38 addr=7 fc=0x03
BURST tid=39 addr=8 fc=0x03
BURST tid=40 addr=9 fc=0x03
NORMAL tid=41 addr=0 fc=0x03
NORMAL tid=42 addr=1 fc=0x03
NORMAL tid=43 addr=2 fc=0x03
NORMAL tid=44 addr=3 fc=0x03
NORMAL tid=45 addr=4 fc=0x03
NORMAL tid=46 addr=5 fc=0x03
NORMAL tid=47 addr=6 fc=0x03
NORMAL tid=48 addr=7 fc=0x03
NORMAL tid=49 addr=8 fc=0x03
NORMAL tid=50 addr=9 fc=0x03
NORMAL tid=51 addr=0 fc=0x03
NORMAL tid=52 addr=1 fc=0x03
NORMAL tid=53 addr=2 fc=0x03
NORMAL tid=54 addr=3 fc=0x03
NORMAL tid=55 addr=4 fc=0x03
NORMAL tid=56 addr=5 fc=0x03
NORMAL tid=57 addr=6 fc=0x03
NORMAL tid=58 addr=7 fc=0x03
NORMAL tid=59 addr=8 fc=0x03
NORMAL tid=60 addr=9 fc=0x03
REQUESTS_SUCCESSFUL=60
REQUESTS_MISSED=0

RAW PCAP:
4951ff721ada1958e4079ee89baaab4faab3c1776657a6e19592c516f4c7bde5  /home/chand/otshield-bench/evidence/v06/20260922T174026Z/trial-5/clean/raw.pcap
NORMALIZED_RECORDS= 60

CONDITION COMPLETE:
trial=5 condition=clean

----------------------------------------------
TRIAL=5
CONDITION=delay20
DELAY=20ms
JITTER=0ms
LOSS=0%
----------------------------------------------
Predeclared: openplc-v06-20260922T174026Z-t05-delay20
Normal: 40
Anomaly: 20
5ce93c807e57cc6f1f0ef9e8de8dace31acf286ae7221e1255bf7d53d69d35e5  /home/chand/otshield-bench/evidence/v06/20260922T174026Z/trial-5/delay20/protocol.json
NETEM:
qdisc netem 8012: root refcnt 13 limit 1000 delay 20ms seed 17020073674678856311
NORMAL tid=01 addr=0 fc=0x03
NORMAL tid=02 addr=1 fc=0x03
NORMAL tid=03 addr=2 fc=0x03
NORMAL tid=04 addr=3 fc=0x03
NORMAL tid=05 addr=4 fc=0x03
NORMAL tid=06 addr=5 fc=0x03
NORMAL tid=07 addr=6 fc=0x03
NORMAL tid=08 addr=7 fc=0x03
NORMAL tid=09 addr=8 fc=0x03
NORMAL tid=10 addr=9 fc=0x03
NORMAL tid=11 addr=0 fc=0x03
NORMAL tid=12 addr=1 fc=0x03
NORMAL tid=13 addr=2 fc=0x03
NORMAL tid=14 addr=3 fc=0x03
NORMAL tid=15 addr=4 fc=0x03
NORMAL tid=16 addr=5 fc=0x03
NORMAL tid=17 addr=6 fc=0x03
NORMAL tid=18 addr=7 fc=0x03
NORMAL tid=19 addr=8 fc=0x03
NORMAL tid=20 addr=9 fc=0x03
BURST tid=21 addr=0 fc=0x03
BURST tid=22 addr=1 fc=0x03
BURST tid=23 addr=2 fc=0x03
BURST tid=24 addr=3 fc=0x03
BURST tid=25 addr=4 fc=0x03
BURST tid=26 addr=5 fc=0x03
BURST tid=27 addr=6 fc=0x03
BURST tid=28 addr=7 fc=0x03
BURST tid=29 addr=8 fc=0x03
BURST tid=30 addr=9 fc=0x03
BURST tid=31 addr=0 fc=0x03
BURST tid=32 addr=1 fc=0x03
BURST tid=33 addr=2 fc=0x03
BURST tid=34 addr=3 fc=0x03
BURST tid=35 addr=4 fc=0x03
BURST tid=36 addr=5 fc=0x03
BURST tid=37 addr=6 fc=0x03
BURST tid=38 addr=7 fc=0x03
BURST tid=39 addr=8 fc=0x03
BURST tid=40 addr=9 fc=0x03
NORMAL tid=41 addr=0 fc=0x03
NORMAL tid=42 addr=1 fc=0x03
NORMAL tid=43 addr=2 fc=0x03
NORMAL tid=44 addr=3 fc=0x03
NORMAL tid=45 addr=4 fc=0x03
NORMAL tid=46 addr=5 fc=0x03
NORMAL tid=47 addr=6 fc=0x03
NORMAL tid=48 addr=7 fc=0x03
NORMAL tid=49 addr=8 fc=0x03
NORMAL tid=50 addr=9 fc=0x03
NORMAL tid=51 addr=0 fc=0x03
NORMAL tid=52 addr=1 fc=0x03
NORMAL tid=53 addr=2 fc=0x03
NORMAL tid=54 addr=3 fc=0x03
NORMAL tid=55 addr=4 fc=0x03
NORMAL tid=56 addr=5 fc=0x03
NORMAL tid=57 addr=6 fc=0x03
NORMAL tid=58 addr=7 fc=0x03
NORMAL tid=59 addr=8 fc=0x03
NORMAL tid=60 addr=9 fc=0x03
REQUESTS_SUCCESSFUL=60
REQUESTS_MISSED=0

RAW PCAP:
cfb6c949563b9c941b23f7772c611e584f08679fec12e9582460d653aded071e  /home/chand/otshield-bench/evidence/v06/20260922T174026Z/trial-5/delay20/raw.pcap
NORMALIZED_RECORDS= 60

CONDITION COMPLETE:
trial=5 condition=delay20

----------------------------------------------
TRIAL=5
CONDITION=delay20_jitter5_loss5
DELAY=20ms
JITTER=5ms
LOSS=5%
----------------------------------------------
Predeclared: openplc-v06-20260922T174026Z-t05-delay20_jitter5_loss5
Normal: 40
Anomaly: 20
64fe7c16cd8628a265bb34058930aeb2c99a096a13ae1ad9f2348807d8e5a805  /home/chand/otshield-bench/evidence/v06/20260922T174026Z/trial-5/delay20_jitter5_loss5/protocol.json
NETEM:
qdisc netem 8013: root refcnt 13 limit 1000 delay 20ms  5ms loss 5% seed 7314919971929468257
NORMAL tid=01 addr=0 fc=0x03
NORMAL tid=02 addr=1 fc=0x03
NORMAL tid=03 addr=2 fc=0x03
NORMAL tid=04 addr=3 fc=0x03
NORMAL tid=05 addr=4 fc=0x03
NORMAL tid=06 addr=5 fc=0x03
NORMAL tid=07 addr=6 fc=0x03
NORMAL tid=08 addr=7 fc=0x03
NORMAL tid=09 addr=8 fc=0x03
NORMAL tid=10 addr=9 fc=0x03
NORMAL tid=11 addr=0 fc=0x03
NORMAL tid=12 addr=1 fc=0x03
NORMAL tid=13 addr=2 fc=0x03
NORMAL tid=14 addr=3 fc=0x03
NORMAL tid=15 addr=4 fc=0x03
NORMAL tid=16 addr=5 fc=0x03
NORMAL tid=17 addr=6 fc=0x03
NORMAL tid=18 addr=7 fc=0x03
NORMAL tid=19 addr=8 fc=0x03
NORMAL tid=20 addr=9 fc=0x03
BURST tid=21 addr=0 fc=0x03
BURST tid=22 addr=1 fc=0x03
BURST tid=23 addr=2 fc=0x03
BURST tid=24 addr=3 fc=0x03
BURST tid=25 addr=4 fc=0x03
BURST tid=26 addr=5 fc=0x03
BURST tid=27 addr=6 fc=0x03
BURST tid=28 addr=7 fc=0x03
BURST tid=29 addr=8 fc=0x03
BURST tid=30 addr=9 fc=0x03
BURST tid=31 addr=0 fc=0x03
BURST tid=32 addr=1 fc=0x03
BURST tid=33 addr=2 fc=0x03
BURST tid=34 addr=3 fc=0x03
BURST tid=35 addr=4 fc=0x03
BURST tid=36 addr=5 fc=0x03
BURST tid=37 addr=6 fc=0x03
BURST tid=38 addr=7 fc=0x03
BURST tid=39 addr=8 fc=0x03
BURST tid=40 addr=9 fc=0x03
NORMAL tid=41 addr=0 fc=0x03
NORMAL tid=42 addr=1 fc=0x03
NORMAL tid=43 addr=2 fc=0x03
NORMAL tid=44 addr=3 fc=0x03
NORMAL tid=45 addr=4 fc=0x03
NORMAL tid=46 addr=5 fc=0x03
NORMAL tid=47 addr=6 fc=0x03
NORMAL tid=48 addr=7 fc=0x03
NORMAL tid=49 addr=8 fc=0x03
NORMAL tid=50 addr=9 fc=0x03
NORMAL tid=51 addr=0 fc=0x03
NORMAL tid=52 addr=1 fc=0x03
NORMAL tid=53 addr=2 fc=0x03
NORMAL tid=54 addr=3 fc=0x03
NORMAL tid=55 addr=4 fc=0x03
NORMAL tid=56 addr=5 fc=0x03
NORMAL tid=57 addr=6 fc=0x03
NORMAL tid=58 addr=7 fc=0x03
NORMAL tid=59 addr=8 fc=0x03
NORMAL tid=60 addr=9 fc=0x03
REQUESTS_SUCCESSFUL=60
REQUESTS_MISSED=0

RAW PCAP:
a8645ea83bf47562643b53e291defda8ed39b0c33ba94a0379df7f5155c136eb  /home/chand/otshield-bench/evidence/v06/20260922T174026Z/trial-5/delay20_jitter5_loss5/raw.pcap
NORMALIZED_RECORDS= 60

CONDITION COMPLETE:
trial=5 condition=delay20_jitter5_loss5

----------------------------------------------
TRIAL=5
CONDITION=delay40_jitter10
DELAY=40ms
JITTER=10ms
LOSS=0%
----------------------------------------------
Predeclared: openplc-v06-20260922T174026Z-t05-delay40_jitter10
Normal: 40
Anomaly: 20
212170cea22d9f1fb880243d8c9cc41f4dbc34552571f6743a25238e0a99460b  /home/chand/otshield-bench/evidence/v06/20260922T174026Z/trial-5/delay40_jitter10/protocol.json
NETEM:
qdisc netem 8014: root refcnt 13 limit 1000 delay 40ms  10ms seed 5625003787317155175
NORMAL tid=01 addr=0 fc=0x03
NORMAL tid=02 addr=1 fc=0x03
NORMAL tid=03 addr=2 fc=0x03
NORMAL tid=04 addr=3 fc=0x03
NORMAL tid=05 addr=4 fc=0x03
NORMAL tid=06 addr=5 fc=0x03
NORMAL tid=07 addr=6 fc=0x03
NORMAL tid=08 addr=7 fc=0x03
NORMAL tid=09 addr=8 fc=0x03
NORMAL tid=10 addr=9 fc=0x03
NORMAL tid=11 addr=0 fc=0x03
NORMAL tid=12 addr=1 fc=0x03
NORMAL tid=13 addr=2 fc=0x03
NORMAL tid=14 addr=3 fc=0x03
NORMAL tid=15 addr=4 fc=0x03
NORMAL tid=16 addr=5 fc=0x03
NORMAL tid=17 addr=6 fc=0x03
NORMAL tid=18 addr=7 fc=0x03
NORMAL tid=19 addr=8 fc=0x03
NORMAL tid=20 addr=9 fc=0x03
BURST tid=21 addr=0 fc=0x03
BURST tid=22 addr=1 fc=0x03
BURST tid=23 addr=2 fc=0x03
BURST tid=24 addr=3 fc=0x03
BURST tid=25 addr=4 fc=0x03
BURST tid=26 addr=5 fc=0x03
BURST tid=27 addr=6 fc=0x03
BURST tid=28 addr=7 fc=0x03
BURST tid=29 addr=8 fc=0x03
BURST tid=30 addr=9 fc=0x03
BURST tid=31 addr=0 fc=0x03
BURST tid=32 addr=1 fc=0x03
BURST tid=33 addr=2 fc=0x03
BURST tid=34 addr=3 fc=0x03
BURST tid=35 addr=4 fc=0x03
BURST tid=36 addr=5 fc=0x03
BURST tid=37 addr=6 fc=0x03
BURST tid=38 addr=7 fc=0x03
BURST tid=39 addr=8 fc=0x03
BURST tid=40 addr=9 fc=0x03
NORMAL tid=41 addr=0 fc=0x03
NORMAL tid=42 addr=1 fc=0x03
NORMAL tid=43 addr=2 fc=0x03
NORMAL tid=44 addr=3 fc=0x03
NORMAL tid=45 addr=4 fc=0x03
NORMAL tid=46 addr=5 fc=0x03
NORMAL tid=47 addr=6 fc=0x03
NORMAL tid=48 addr=7 fc=0x03
NORMAL tid=49 addr=8 fc=0x03
NORMAL tid=50 addr=9 fc=0x03
NORMAL tid=51 addr=0 fc=0x03
NORMAL tid=52 addr=1 fc=0x03
NORMAL tid=53 addr=2 fc=0x03
NORMAL tid=54 addr=3 fc=0x03
NORMAL tid=55 addr=4 fc=0x03
NORMAL tid=56 addr=5 fc=0x03
NORMAL tid=57 addr=6 fc=0x03
NORMAL tid=58 addr=7 fc=0x03
NORMAL tid=59 addr=8 fc=0x03
NORMAL tid=60 addr=9 fc=0x03
REQUESTS_SUCCESSFUL=60
REQUESTS_MISSED=0

RAW PCAP:
2ade0e8c544488a5f62e80d2c479116537d1e33ccd588d487723085257717b2e  /home/chand/otshield-bench/evidence/v06/20260922T174026Z/trial-5/delay40_jitter10/raw.pcap
NORMALIZED_RECORDS= 60

CONDITION COMPLETE:
trial=5 condition=delay40_jitter10

TRIAL 5 COMPLETE

##############################################
TRIAL 6 / 25
##############################################
 Network docker_otshield-ics-net Creating 
 Network docker_otshield-ics-net Creating 
 Network docker_otshield-ics-net Created 
 Network docker_otshield-ics-net Created 
 Container otshield-openplc Creating 
 Container otshield-openplc Created 
 Container otshield-openplc Starting 
 Container otshield-openplc Started 
OpenPLC: starting
OpenPLC: healthy
OPENPLC_EXPECTED_ID=58c48323b92cfa21fd4da59ff1200df53a6c8c00a847b272bd63edffd7412b36
Network: docker_otshield-ics-net
Image: fortiphyd/grfics-plc:latest
Image ID: sha256:364461af6d7b56563fa6fdc6a296a2dfa6530caf07ea736bbc9a71701a360919

----------------------------------------------
TRIAL=6
CONDITION=clean
DELAY=0ms
JITTER=0ms
LOSS=0%
----------------------------------------------
Predeclared: openplc-v06-20260922T174026Z-t06-clean
Normal: 40
Anomaly: 20
604439218bf87a868ab95fea38ce521e7c3c751d4ee2232317b6a3e1697a628e  /home/chand/otshield-bench/evidence/v06/20260922T174026Z/trial-6/clean/protocol.json
NETEM: clean
NORMAL tid=01 addr=0 fc=0x03
NORMAL tid=02 addr=1 fc=0x03
NORMAL tid=03 addr=2 fc=0x03
NORMAL tid=04 addr=3 fc=0x03
NORMAL tid=05 addr=4 fc=0x03
NORMAL tid=06 addr=5 fc=0x03
NORMAL tid=07 addr=6 fc=0x03
NORMAL tid=08 addr=7 fc=0x03
NORMAL tid=09 addr=8 fc=0x03
NORMAL tid=10 addr=9 fc=0x03
NORMAL tid=11 addr=0 fc=0x03
NORMAL tid=12 addr=1 fc=0x03
NORMAL tid=13 addr=2 fc=0x03
NORMAL tid=14 addr=3 fc=0x03
NORMAL tid=15 addr=4 fc=0x03
NORMAL tid=16 addr=5 fc=0x03
NORMAL tid=17 addr=6 fc=0x03
NORMAL tid=18 addr=7 fc=0x03
NORMAL tid=19 addr=8 fc=0x03
NORMAL tid=20 addr=9 fc=0x03
BURST tid=21 addr=0 fc=0x03
BURST tid=22 addr=1 fc=0x03
BURST tid=23 addr=2 fc=0x03
BURST tid=24 addr=3 fc=0x03
BURST tid=25 addr=4 fc=0x03
BURST tid=26 addr=5 fc=0x03
BURST tid=27 addr=6 fc=0x03
BURST tid=28 addr=7 fc=0x03
BURST tid=29 addr=8 fc=0x03
BURST tid=30 addr=9 fc=0x03
BURST tid=31 addr=0 fc=0x03
BURST tid=32 addr=1 fc=0x03
BURST tid=33 addr=2 fc=0x03
BURST tid=34 addr=3 fc=0x03
BURST tid=35 addr=4 fc=0x03
BURST tid=36 addr=5 fc=0x03
BURST tid=37 addr=6 fc=0x03
BURST tid=38 addr=7 fc=0x03
BURST tid=39 addr=8 fc=0x03
BURST tid=40 addr=9 fc=0x03
NORMAL tid=41 addr=0 fc=0x03
NORMAL tid=42 addr=1 fc=0x03
NORMAL tid=43 addr=2 fc=0x03
NORMAL tid=44 addr=3 fc=0x03
NORMAL tid=45 addr=4 fc=0x03
NORMAL tid=46 addr=5 fc=0x03
NORMAL tid=47 addr=6 fc=0x03
NORMAL tid=48 addr=7 fc=0x03
NORMAL tid=49 addr=8 fc=0x03
NORMAL tid=50 addr=9 fc=0x03
NORMAL tid=51 addr=0 fc=0x03
NORMAL tid=52 addr=1 fc=0x03
NORMAL tid=53 addr=2 fc=0x03
NORMAL tid=54 addr=3 fc=0x03
NORMAL tid=55 addr=4 fc=0x03
NORMAL tid=56 addr=5 fc=0x03
NORMAL tid=57 addr=6 fc=0x03
NORMAL tid=58 addr=7 fc=0x03
NORMAL tid=59 addr=8 fc=0x03
NORMAL tid=60 addr=9 fc=0x03
REQUESTS_SUCCESSFUL=60
REQUESTS_MISSED=0

RAW PCAP:
ba2c1c26d1e29fdf4470de06c8228eaad14fe8aeeb3c50fecebe6e036453d771  /home/chand/otshield-bench/evidence/v06/20260922T174026Z/trial-6/clean/raw.pcap
NORMALIZED_RECORDS= 60

CONDITION COMPLETE:
trial=6 condition=clean

----------------------------------------------
TRIAL=6
CONDITION=delay20
DELAY=20ms
JITTER=0ms
LOSS=0%
----------------------------------------------
Predeclared: openplc-v06-20260922T174026Z-t06-delay20
Normal: 40
Anomaly: 20
932bd6c338ced212cd6fbe178c3cb01bf5a19faec6dd51180373f1cb0c127916  /home/chand/otshield-bench/evidence/v06/20260922T174026Z/trial-6/delay20/protocol.json
NETEM:
qdisc netem 8015: root refcnt 13 limit 1000 delay 20ms seed 1875624381129932208
NORMAL tid=01 addr=0 fc=0x03
NORMAL tid=02 addr=1 fc=0x03
NORMAL tid=03 addr=2 fc=0x03
NORMAL tid=04 addr=3 fc=0x03
NORMAL tid=05 addr=4 fc=0x03
NORMAL tid=06 addr=5 fc=0x03
NORMAL tid=07 addr=6 fc=0x03
NORMAL tid=08 addr=7 fc=0x03
NORMAL tid=09 addr=8 fc=0x03
NORMAL tid=10 addr=9 fc=0x03
NORMAL tid=11 addr=0 fc=0x03
NORMAL tid=12 addr=1 fc=0x03
NORMAL tid=13 addr=2 fc=0x03
NORMAL tid=14 addr=3 fc=0x03
NORMAL tid=15 addr=4 fc=0x03
NORMAL tid=16 addr=5 fc=0x03
NORMAL tid=17 addr=6 fc=0x03
NORMAL tid=18 addr=7 fc=0x03
NORMAL tid=19 addr=8 fc=0x03
NORMAL tid=20 addr=9 fc=0x03
BURST tid=21 addr=0 fc=0x03
BURST tid=22 addr=1 fc=0x03
BURST tid=23 addr=2 fc=0x03
BURST tid=24 addr=3 fc=0x03
BURST tid=25 addr=4 fc=0x03
BURST tid=26 addr=5 fc=0x03
BURST tid=27 addr=6 fc=0x03
BURST tid=28 addr=7 fc=0x03
BURST tid=29 addr=8 fc=0x03
BURST tid=30 addr=9 fc=0x03
BURST tid=31 addr=0 fc=0x03
BURST tid=32 addr=1 fc=0x03
BURST tid=33 addr=2 fc=0x03
BURST tid=34 addr=3 fc=0x03
BURST tid=35 addr=4 fc=0x03
BURST tid=36 addr=5 fc=0x03
BURST tid=37 addr=6 fc=0x03
BURST tid=38 addr=7 fc=0x03
BURST tid=39 addr=8 fc=0x03
BURST tid=40 addr=9 fc=0x03
NORMAL tid=41 addr=0 fc=0x03
NORMAL tid=42 addr=1 fc=0x03
NORMAL tid=43 addr=2 fc=0x03
NORMAL tid=44 addr=3 fc=0x03
NORMAL tid=45 addr=4 fc=0x03
NORMAL tid=46 addr=5 fc=0x03
NORMAL tid=47 addr=6 fc=0x03
NORMAL tid=48 addr=7 fc=0x03
NORMAL tid=49 addr=8 fc=0x03
NORMAL tid=50 addr=9 fc=0x03
NORMAL tid=51 addr=0 fc=0x03
NORMAL tid=52 addr=1 fc=0x03
NORMAL tid=53 addr=2 fc=0x03
NORMAL tid=54 addr=3 fc=0x03
NORMAL tid=55 addr=4 fc=0x03
NORMAL tid=56 addr=5 fc=0x03
NORMAL tid=57 addr=6 fc=0x03
NORMAL tid=58 addr=7 fc=0x03
NORMAL tid=59 addr=8 fc=0x03
NORMAL tid=60 addr=9 fc=0x03
REQUESTS_SUCCESSFUL=60
REQUESTS_MISSED=0

RAW PCAP:
72dcb312416574a290b60b256bed60a88b1dff547208619b17abe90968fa65a6  /home/chand/otshield-bench/evidence/v06/20260922T174026Z/trial-6/delay20/raw.pcap
NORMALIZED_RECORDS= 60

CONDITION COMPLETE:
trial=6 condition=delay20

----------------------------------------------
TRIAL=6
CONDITION=delay20_jitter5_loss5
DELAY=20ms
JITTER=5ms
LOSS=5%
----------------------------------------------
Predeclared: openplc-v06-20260922T174026Z-t06-delay20_jitter5_loss5
Normal: 40
Anomaly: 20
bf4120d037fd4f7ef27e58c5b7f9107579f7b1e1bd584eebb79ae98296ffc21c  /home/chand/otshield-bench/evidence/v06/20260922T174026Z/trial-6/delay20_jitter5_loss5/protocol.json
NETEM:
qdisc netem 8016: root refcnt 13 limit 1000 delay 20ms  5ms loss 5% seed 8826835805698179340
NORMAL tid=01 addr=0 fc=0x03
NORMAL tid=02 addr=1 fc=0x03
NORMAL tid=03 addr=2 fc=0x03
NORMAL tid=04 addr=3 fc=0x03
NORMAL tid=05 addr=4 fc=0x03
NORMAL tid=06 addr=5 fc=0x03
NORMAL tid=07 addr=6 fc=0x03
NORMAL tid=08 addr=7 fc=0x03
NORMAL tid=09 addr=8 fc=0x03
NORMAL tid=10 addr=9 fc=0x03
NORMAL tid=11 addr=0 fc=0x03
NORMAL tid=12 addr=1 fc=0x03
NORMAL tid=13 addr=2 fc=0x03
NORMAL tid=14 addr=3 fc=0x03
NORMAL tid=15 addr=4 fc=0x03
NORMAL tid=16 addr=5 fc=0x03
NORMAL tid=17 addr=6 fc=0x03
NORMAL tid=18 addr=7 fc=0x03
NORMAL tid=19 addr=8 fc=0x03
NORMAL tid=20 addr=9 fc=0x03
BURST tid=21 addr=0 fc=0x03
BURST tid=22 addr=1 fc=0x03
BURST tid=23 addr=2 fc=0x03
BURST tid=24 addr=3 fc=0x03
BURST tid=25 addr=4 fc=0x03
BURST tid=26 addr=5 fc=0x03
BURST tid=27 addr=6 fc=0x03
BURST tid=28 addr=7 fc=0x03
BURST tid=29 addr=8 fc=0x03
BURST tid=30 addr=9 fc=0x03
BURST tid=31 addr=0 fc=0x03
BURST tid=32 addr=1 fc=0x03
BURST tid=33 addr=2 fc=0x03
BURST tid=34 addr=3 fc=0x03
BURST tid=35 addr=4 fc=0x03
BURST tid=36 addr=5 fc=0x03
BURST tid=37 addr=6 fc=0x03
BURST tid=38 addr=7 fc=0x03
BURST tid=39 addr=8 fc=0x03
BURST tid=40 addr=9 fc=0x03
NORMAL tid=41 addr=0 fc=0x03
NORMAL tid=42 addr=1 fc=0x03
NORMAL tid=43 addr=2 fc=0x03
NORMAL tid=44 addr=3 fc=0x03
NORMAL tid=45 addr=4 fc=0x03
NORMAL tid=46 addr=5 fc=0x03
NORMAL tid=47 addr=6 fc=0x03
NORMAL tid=48 addr=7 fc=0x03
NORMAL tid=49 addr=8 fc=0x03
NORMAL tid=50 addr=9 fc=0x03
NORMAL tid=51 addr=0 fc=0x03
NORMAL tid=52 addr=1 fc=0x03
NORMAL tid=53 addr=2 fc=0x03
NORMAL tid=54 addr=3 fc=0x03
NORMAL tid=55 addr=4 fc=0x03
NORMAL tid=56 addr=5 fc=0x03
NORMAL tid=57 addr=6 fc=0x03
NORMAL tid=58 addr=7 fc=0x03
NORMAL tid=59 addr=8 fc=0x03
NORMAL tid=60 addr=9 fc=0x03
REQUESTS_SUCCESSFUL=60
REQUESTS_MISSED=0

RAW PCAP:
471a9e75afe3da2c9759123ef95eacda82a36bed509f74b3cd15e902d381e99a  /home/chand/otshield-bench/evidence/v06/20260922T174026Z/trial-6/delay20_jitter5_loss5/raw.pcap
NORMALIZED_RECORDS= 60

CONDITION COMPLETE:
trial=6 condition=delay20_jitter5_loss5

----------------------------------------------
TRIAL=6
CONDITION=delay40_jitter10
DELAY=40ms
JITTER=10ms
LOSS=0%
----------------------------------------------
Predeclared: openplc-v06-20260922T174026Z-t06-delay40_jitter10
Normal: 40
Anomaly: 20
8a12e67c3b622938bcee59ac00c94d663d34930731762cd79e05fe4939fa168c  /home/chand/otshield-bench/evidence/v06/20260922T174026Z/trial-6/delay40_jitter10/protocol.json
NETEM:
qdisc netem 8017: root refcnt 13 limit 1000 delay 40ms  10ms seed 15110771136832832983
NORMAL tid=01 addr=0 fc=0x03
NORMAL tid=02 addr=1 fc=0x03
NORMAL tid=03 addr=2 fc=0x03
NORMAL tid=04 addr=3 fc=0x03
NORMAL tid=05 addr=4 fc=0x03
NORMAL tid=06 addr=5 fc=0x03
NORMAL tid=07 addr=6 fc=0x03
NORMAL tid=08 addr=7 fc=0x03
NORMAL tid=09 addr=8 fc=0x03
NORMAL tid=10 addr=9 fc=0x03
NORMAL tid=11 addr=0 fc=0x03
NORMAL tid=12 addr=1 fc=0x03
NORMAL tid=13 addr=2 fc=0x03
NORMAL tid=14 addr=3 fc=0x03
NORMAL tid=15 addr=4 fc=0x03
NORMAL tid=16 addr=5 fc=0x03
NORMAL tid=17 addr=6 fc=0x03
NORMAL tid=18 addr=7 fc=0x03
NORMAL tid=19 addr=8 fc=0x03
NORMAL tid=20 addr=9 fc=0x03
BURST tid=21 addr=0 fc=0x03
BURST tid=22 addr=1 fc=0x03
BURST tid=23 addr=2 fc=0x03
BURST tid=24 addr=3 fc=0x03
BURST tid=25 addr=4 fc=0x03
BURST tid=26 addr=5 fc=0x03
BURST tid=27 addr=6 fc=0x03
BURST tid=28 addr=7 fc=0x03
BURST tid=29 addr=8 fc=0x03
BURST tid=30 addr=9 fc=0x03
BURST tid=31 addr=0 fc=0x03
BURST tid=32 addr=1 fc=0x03
BURST tid=33 addr=2 fc=0x03
BURST tid=34 addr=3 fc=0x03
BURST tid=35 addr=4 fc=0x03
BURST tid=36 addr=5 fc=0x03
BURST tid=37 addr=6 fc=0x03
BURST tid=38 addr=7 fc=0x03
BURST tid=39 addr=8 fc=0x03
BURST tid=40 addr=9 fc=0x03
NORMAL tid=41 addr=0 fc=0x03
NORMAL tid=42 addr=1 fc=0x03
NORMAL tid=43 addr=2 fc=0x03
NORMAL tid=44 addr=3 fc=0x03
NORMAL tid=45 addr=4 fc=0x03
NORMAL tid=46 addr=5 fc=0x03
NORMAL tid=47 addr=6 fc=0x03
NORMAL tid=48 addr=7 fc=0x03
NORMAL tid=49 addr=8 fc=0x03
NORMAL tid=50 addr=9 fc=0x03
NORMAL tid=51 addr=0 fc=0x03
NORMAL tid=52 addr=1 fc=0x03
NORMAL tid=53 addr=2 fc=0x03
NORMAL tid=54 addr=3 fc=0x03
NORMAL tid=55 addr=4 fc=0x03
NORMAL tid=56 addr=5 fc=0x03
NORMAL tid=57 addr=6 fc=0x03
NORMAL tid=58 addr=7 fc=0x03
NORMAL tid=59 addr=8 fc=0x03
NORMAL tid=60 addr=9 fc=0x03
REQUESTS_SUCCESSFUL=60
REQUESTS_MISSED=0

RAW PCAP:
d74bd94345b9263495ec97ce8459a63ff668d42f4223d5519cef4e006f39fd3b  /home/chand/otshield-bench/evidence/v06/20260922T174026Z/trial-6/delay40_jitter10/raw.pcap
NORMALIZED_RECORDS= 60

CONDITION COMPLETE:
trial=6 condition=delay40_jitter10

----------------------------------------------
TRIAL=6
CONDITION=delay60_jitter10
DELAY=60ms
JITTER=10ms
LOSS=0%
----------------------------------------------
Predeclared: openplc-v06-20260922T174026Z-t06-delay60_jitter10
Normal: 40
Anomaly: 20
ec5c92fdd0ae14ed67b39fa1c2b6a00472d5a3a034a69a17912757fa56c2283f  /home/chand/otshield-bench/evidence/v06/20260922T174026Z/trial-6/delay60_jitter10/protocol.json
NETEM:
qdisc netem 8018: root refcnt 13 limit 1000 delay 60ms  10ms seed 4604954977492410565
NORMAL tid=01 addr=0 fc=0x03
NORMAL tid=02 addr=1 fc=0x03
NORMAL tid=03 addr=2 fc=0x03
NORMAL tid=04 addr=3 fc=0x03
NORMAL tid=05 addr=4 fc=0x03
NORMAL tid=06 addr=5 fc=0x03
NORMAL tid=07 addr=6 fc=0x03
NORMAL tid=08 addr=7 fc=0x03
NORMAL tid=09 addr=8 fc=0x03
NORMAL tid=10 addr=9 fc=0x03
NORMAL tid=11 addr=0 fc=0x03
NORMAL tid=12 addr=1 fc=0x03
NORMAL tid=13 addr=2 fc=0x03
NORMAL tid=14 addr=3 fc=0x03
NORMAL tid=15 addr=4 fc=0x03
NORMAL tid=16 addr=5 fc=0x03
NORMAL tid=17 addr=6 fc=0x03
NORMAL tid=18 addr=7 fc=0x03
NORMAL tid=19 addr=8 fc=0x03
NORMAL tid=20 addr=9 fc=0x03
BURST tid=21 addr=0 fc=0x03
BURST tid=22 addr=1 fc=0x03
BURST tid=23 addr=2 fc=0x03
BURST tid=24 addr=3 fc=0x03
BURST tid=25 addr=4 fc=0x03
BURST tid=26 addr=5 fc=0x03
BURST tid=27 addr=6 fc=0x03
BURST tid=28 addr=7 fc=0x03
BURST tid=29 addr=8 fc=0x03
BURST tid=30 addr=9 fc=0x03
BURST tid=31 addr=0 fc=0x03
BURST tid=32 addr=1 fc=0x03
BURST tid=33 addr=2 fc=0x03
BURST tid=34 addr=3 fc=0x03
BURST tid=35 addr=4 fc=0x03
BURST tid=36 addr=5 fc=0x03
BURST tid=37 addr=6 fc=0x03
BURST tid=38 addr=7 fc=0x03
BURST tid=39 addr=8 fc=0x03
BURST tid=40 addr=9 fc=0x03
NORMAL tid=41 addr=0 fc=0x03
NORMAL tid=42 addr=1 fc=0x03
NORMAL tid=43 addr=2 fc=0x03
NORMAL tid=44 addr=3 fc=0x03
NORMAL tid=45 addr=4 fc=0x03
NORMAL tid=46 addr=5 fc=0x03
NORMAL tid=47 addr=6 fc=0x03
NORMAL tid=48 addr=7 fc=0x03
NORMAL tid=49 addr=8 fc=0x03
NORMAL tid=50 addr=9 fc=0x03
NORMAL tid=51 addr=0 fc=0x03
NORMAL tid=52 addr=1 fc=0x03
NORMAL tid=53 addr=2 fc=0x03
NORMAL tid=54 addr=3 fc=0x03
NORMAL tid=55 addr=4 fc=0x03
NORMAL tid=56 addr=5 fc=0x03
NORMAL tid=57 addr=6 fc=0x03
NORMAL tid=58 addr=7 fc=0x03
NORMAL tid=59 addr=8 fc=0x03
NORMAL tid=60 addr=9 fc=0x03
REQUESTS_SUCCESSFUL=60
REQUESTS_MISSED=0

RAW PCAP:
f84581384512b704f5aa8dd54d296b18df4fe440b6cab982f679e23faf9e5b41  /home/chand/otshield-bench/evidence/v06/20260922T174026Z/trial-6/delay60_jitter10/raw.pcap
NORMALIZED_RECORDS= 60

CONDITION COMPLETE:
trial=6 condition=delay60_jitter10

TRIAL 6 COMPLETE

##############################################
TRIAL 7 / 25
##############################################
 Network docker_otshield-ics-net Creating 
 Network docker_otshield-ics-net Creating 
 Network docker_otshield-ics-net Created 
 Network docker_otshield-ics-net Created 
 Container otshield-openplc Creating 
 Container otshield-openplc Created 
 Container otshield-openplc Starting 
 Container otshield-openplc Started 
OpenPLC: starting
OpenPLC: healthy
OPENPLC_EXPECTED_ID=2c04487263e45ba5b1eee2ffb4a0ab910bbd607d273b2fee09a3693ea8da911f
Network: docker_otshield-ics-net
Image: fortiphyd/grfics-plc:latest
Image ID: sha256:364461af6d7b56563fa6fdc6a296a2dfa6530caf07ea736bbc9a71701a360919

----------------------------------------------
TRIAL=7
CONDITION=delay20
DELAY=20ms
JITTER=0ms
LOSS=0%
----------------------------------------------
Predeclared: openplc-v06-20260922T174026Z-t07-delay20
Normal: 40
Anomaly: 20
8249432ee722bbb79178b464591e330e4683e56451902dce4f417c3f92be629f  /home/chand/otshield-bench/evidence/v06/20260922T174026Z/trial-7/delay20/protocol.json
NETEM:
qdisc netem 8019: root refcnt 13 limit 1000 delay 20ms seed 14766224075171988362
NORMAL tid=01 addr=0 fc=0x03
NORMAL tid=02 addr=1 fc=0x03
NORMAL tid=03 addr=2 fc=0x03
NORMAL tid=04 addr=3 fc=0x03
NORMAL tid=05 addr=4 fc=0x03
NORMAL tid=06 addr=5 fc=0x03
NORMAL tid=07 addr=6 fc=0x03
NORMAL tid=08 addr=7 fc=0x03
NORMAL tid=09 addr=8 fc=0x03
NORMAL tid=10 addr=9 fc=0x03
NORMAL tid=11 addr=0 fc=0x03
NORMAL tid=12 addr=1 fc=0x03
NORMAL tid=13 addr=2 fc=0x03
NORMAL tid=14 addr=3 fc=0x03
NORMAL tid=15 addr=4 fc=0x03
NORMAL tid=16 addr=5 fc=0x03
NORMAL tid=17 addr=6 fc=0x03
NORMAL tid=18 addr=7 fc=0x03
NORMAL tid=19 addr=8 fc=0x03
NORMAL tid=20 addr=9 fc=0x03
BURST tid=21 addr=0 fc=0x03
BURST tid=22 addr=1 fc=0x03
BURST tid=23 addr=2 fc=0x03
BURST tid=24 addr=3 fc=0x03
BURST tid=25 addr=4 fc=0x03
BURST tid=26 addr=5 fc=0x03
BURST tid=27 addr=6 fc=0x03
BURST tid=28 addr=7 fc=0x03
BURST tid=29 addr=8 fc=0x03
BURST tid=30 addr=9 fc=0x03
BURST tid=31 addr=0 fc=0x03
BURST tid=32 addr=1 fc=0x03
BURST tid=33 addr=2 fc=0x03
BURST tid=34 addr=3 fc=0x03
BURST tid=35 addr=4 fc=0x03
BURST tid=36 addr=5 fc=0x03
BURST tid=37 addr=6 fc=0x03
BURST tid=38 addr=7 fc=0x03
BURST tid=39 addr=8 fc=0x03
BURST tid=40 addr=9 fc=0x03
NORMAL tid=41 addr=0 fc=0x03
NORMAL tid=42 addr=1 fc=0x03
NORMAL tid=43 addr=2 fc=0x03
NORMAL tid=44 addr=3 fc=0x03
NORMAL tid=45 addr=4 fc=0x03
NORMAL tid=46 addr=5 fc=0x03
NORMAL tid=47 addr=6 fc=0x03
NORMAL tid=48 addr=7 fc=0x03
NORMAL tid=49 addr=8 fc=0x03
NORMAL tid=50 addr=9 fc=0x03
NORMAL tid=51 addr=0 fc=0x03
NORMAL tid=52 addr=1 fc=0x03
NORMAL tid=53 addr=2 fc=0x03
NORMAL tid=54 addr=3 fc=0x03
NORMAL tid=55 addr=4 fc=0x03
NORMAL tid=56 addr=5 fc=0x03
NORMAL tid=57 addr=6 fc=0x03
NORMAL tid=58 addr=7 fc=0x03
NORMAL tid=59 addr=8 fc=0x03
NORMAL tid=60 addr=9 fc=0x03
REQUESTS_SUCCESSFUL=60
REQUESTS_MISSED=0

RAW PCAP:
6b277d2c90994cf2ae2ba1f51fb0c13dab24c123445822d0460aeb82fb751735  /home/chand/otshield-bench/evidence/v06/20260922T174026Z/trial-7/delay20/raw.pcap
NORMALIZED_RECORDS= 60

CONDITION COMPLETE:
trial=7 condition=delay20

----------------------------------------------
TRIAL=7
CONDITION=delay20_jitter5_loss5
DELAY=20ms
JITTER=5ms
LOSS=5%
----------------------------------------------
Predeclared: openplc-v06-20260922T174026Z-t07-delay20_jitter5_loss5
Normal: 40
Anomaly: 20
2a7d7e4d3c489ab3d79ab2db6d5271b09fdaeef617c01de91e06db73d2247cfe  /home/chand/otshield-bench/evidence/v06/20260922T174026Z/trial-7/delay20_jitter5_loss5/protocol.json
NETEM:
qdisc netem 801a: root refcnt 13 limit 1000 delay 20ms  5ms loss 5% seed 15744082915089971332
NORMAL tid=01 addr=0 fc=0x03
NORMAL tid=02 addr=1 fc=0x03
NORMAL tid=03 addr=2 fc=0x03
NORMAL tid=04 addr=3 fc=0x03
NORMAL tid=05 addr=4 fc=0x03
NORMAL tid=06 addr=5 fc=0x03
NORMAL tid=07 addr=6 fc=0x03
NORMAL tid=08 addr=7 fc=0x03
NORMAL tid=09 addr=8 fc=0x03
NORMAL tid=10 addr=9 fc=0x03
NORMAL tid=11 addr=0 fc=0x03
NORMAL tid=12 addr=1 fc=0x03
NORMAL tid=13 addr=2 fc=0x03
NORMAL tid=14 addr=3 fc=0x03
NORMAL tid=15 addr=4 fc=0x03
NORMAL tid=16 addr=5 fc=0x03
NORMAL tid=17 addr=6 fc=0x03
NORMAL tid=18 addr=7 fc=0x03
NORMAL tid=19 addr=8 fc=0x03
NORMAL tid=20 addr=9 fc=0x03
BURST tid=21 addr=0 fc=0x03
BURST tid=22 addr=1 fc=0x03
BURST tid=23 addr=2 fc=0x03
BURST tid=24 addr=3 fc=0x03
BURST tid=25 addr=4 fc=0x03
BURST tid=26 addr=5 fc=0x03
BURST tid=27 addr=6 fc=0x03
BURST tid=28 addr=7 fc=0x03
BURST tid=29 addr=8 fc=0x03
BURST tid=30 addr=9 fc=0x03
BURST tid=31 addr=0 fc=0x03
BURST tid=32 addr=1 fc=0x03
BURST tid=33 addr=2 fc=0x03
BURST tid=34 addr=3 fc=0x03
BURST tid=35 addr=4 fc=0x03
BURST tid=36 addr=5 fc=0x03
BURST tid=37 addr=6 fc=0x03
BURST tid=38 addr=7 fc=0x03
BURST tid=39 addr=8 fc=0x03
BURST tid=40 addr=9 fc=0x03
NORMAL tid=41 addr=0 fc=0x03
NORMAL tid=42 addr=1 fc=0x03
NORMAL tid=43 addr=2 fc=0x03
NORMAL tid=44 addr=3 fc=0x03
NORMAL tid=45 addr=4 fc=0x03
NORMAL tid=46 addr=5 fc=0x03
NORMAL tid=47 addr=6 fc=0x03
NORMAL tid=48 addr=7 fc=0x03
NORMAL tid=49 addr=8 fc=0x03
NORMAL tid=50 addr=9 fc=0x03
NORMAL tid=51 addr=0 fc=0x03
NORMAL tid=52 addr=1 fc=0x03
NORMAL tid=53 addr=2 fc=0x03
NORMAL tid=54 addr=3 fc=0x03
NORMAL tid=55 addr=4 fc=0x03
NORMAL tid=56 addr=5 fc=0x03
NORMAL tid=57 addr=6 fc=0x03
NORMAL tid=58 addr=7 fc=0x03
NORMAL tid=59 addr=8 fc=0x03
NORMAL tid=60 addr=9 fc=0x03
REQUESTS_SUCCESSFUL=60
REQUESTS_MISSED=0

RAW PCAP:
a460cdca617523bd2085bd285843478811ebf9f357841f0f0707f52fbd1623fc  /home/chand/otshield-bench/evidence/v06/20260922T174026Z/trial-7/delay20_jitter5_loss5/raw.pcap
NORMALIZED_RECORDS= 60

CONDITION COMPLETE:
trial=7 condition=delay20_jitter5_loss5

----------------------------------------------
TRIAL=7
CONDITION=delay40_jitter10
DELAY=40ms
JITTER=10ms
LOSS=0%
----------------------------------------------
Predeclared: openplc-v06-20260922T174026Z-t07-delay40_jitter10
Normal: 40
Anomaly: 20
1e55212af3ed31926a94529f90561d59a0289efcbbe9bb04f77f3ecc357e3b03  /home/chand/otshield-bench/evidence/v06/20260922T174026Z/trial-7/delay40_jitter10/protocol.json
NETEM:
qdisc netem 801b: root refcnt 13 limit 1000 delay 40ms  10ms seed 2156847314485121094
NORMAL tid=01 addr=0 fc=0x03
NORMAL tid=02 addr=1 fc=0x03
NORMAL tid=03 addr=2 fc=0x03
NORMAL tid=04 addr=3 fc=0x03
NORMAL tid=05 addr=4 fc=0x03
NORMAL tid=06 addr=5 fc=0x03
NORMAL tid=07 addr=6 fc=0x03
NORMAL tid=08 addr=7 fc=0x03
NORMAL tid=09 addr=8 fc=0x03
NORMAL tid=10 addr=9 fc=0x03
NORMAL tid=11 addr=0 fc=0x03
NORMAL tid=12 addr=1 fc=0x03
NORMAL tid=13 addr=2 fc=0x03
NORMAL tid=14 addr=3 fc=0x03
NORMAL tid=15 addr=4 fc=0x03
NORMAL tid=16 addr=5 fc=0x03
NORMAL tid=17 addr=6 fc=0x03
NORMAL tid=18 addr=7 fc=0x03
NORMAL tid=19 addr=8 fc=0x03
NORMAL tid=20 addr=9 fc=0x03
BURST tid=21 addr=0 fc=0x03
BURST tid=22 addr=1 fc=0x03
BURST tid=23 addr=2 fc=0x03
BURST tid=24 addr=3 fc=0x03
BURST tid=25 addr=4 fc=0x03
BURST tid=26 addr=5 fc=0x03
BURST tid=27 addr=6 fc=0x03
BURST tid=28 addr=7 fc=0x03
BURST tid=29 addr=8 fc=0x03
BURST tid=30 addr=9 fc=0x03
BURST tid=31 addr=0 fc=0x03
BURST tid=32 addr=1 fc=0x03
BURST tid=33 addr=2 fc=0x03
BURST tid=34 addr=3 fc=0x03
BURST tid=35 addr=4 fc=0x03
BURST tid=36 addr=5 fc=0x03
BURST tid=37 addr=6 fc=0x03
BURST tid=38 addr=7 fc=0x03
BURST tid=39 addr=8 fc=0x03
BURST tid=40 addr=9 fc=0x03
NORMAL tid=41 addr=0 fc=0x03
NORMAL tid=42 addr=1 fc=0x03
NORMAL tid=43 addr=2 fc=0x03
NORMAL tid=44 addr=3 fc=0x03
NORMAL tid=45 addr=4 fc=0x03
NORMAL tid=46 addr=5 fc=0x03
NORMAL tid=47 addr=6 fc=0x03
NORMAL tid=48 addr=7 fc=0x03
NORMAL tid=49 addr=8 fc=0x03
NORMAL tid=50 addr=9 fc=0x03
NORMAL tid=51 addr=0 fc=0x03
NORMAL tid=52 addr=1 fc=0x03
NORMAL tid=53 addr=2 fc=0x03
NORMAL tid=54 addr=3 fc=0x03
NORMAL tid=55 addr=4 fc=0x03
NORMAL tid=56 addr=5 fc=0x03
NORMAL tid=57 addr=6 fc=0x03
NORMAL tid=58 addr=7 fc=0x03
NORMAL tid=59 addr=8 fc=0x03
NORMAL tid=60 addr=9 fc=0x03
REQUESTS_SUCCESSFUL=60
REQUESTS_MISSED=0

RAW PCAP:
560cd68d6bdf997647501d5705b4212ddb84d12b9df1ecf6cd58913178581f89  /home/chand/otshield-bench/evidence/v06/20260922T174026Z/trial-7/delay40_jitter10/raw.pcap
NORMALIZED_RECORDS= 60

CONDITION COMPLETE:
trial=7 condition=delay40_jitter10

----------------------------------------------
TRIAL=7
CONDITION=delay60_jitter10
DELAY=60ms
JITTER=10ms
LOSS=0%
----------------------------------------------
Predeclared: openplc-v06-20260922T174026Z-t07-delay60_jitter10
Normal: 40
Anomaly: 20
6acd173fdb913e68a1e52f411463713f942f013c74f9a3c6a75e231148842d09  /home/chand/otshield-bench/evidence/v06/20260922T174026Z/trial-7/delay60_jitter10/protocol.json
NETEM:
qdisc netem 801c: root refcnt 13 limit 1000 delay 60ms  10ms seed 1465416079151694163
NORMAL tid=01 addr=0 fc=0x03
NORMAL tid=02 addr=1 fc=0x03
NORMAL tid=03 addr=2 fc=0x03
NORMAL tid=04 addr=3 fc=0x03
NORMAL tid=05 addr=4 fc=0x03
NORMAL tid=06 addr=5 fc=0x03
NORMAL tid=07 addr=6 fc=0x03
NORMAL tid=08 addr=7 fc=0x03
NORMAL tid=09 addr=8 fc=0x03
NORMAL tid=10 addr=9 fc=0x03
NORMAL tid=11 addr=0 fc=0x03
NORMAL tid=12 addr=1 fc=0x03
NORMAL tid=13 addr=2 fc=0x03
NORMAL tid=14 addr=3 fc=0x03
NORMAL tid=15 addr=4 fc=0x03
NORMAL tid=16 addr=5 fc=0x03
NORMAL tid=17 addr=6 fc=0x03
NORMAL tid=18 addr=7 fc=0x03
NORMAL tid=19 addr=8 fc=0x03
NORMAL tid=20 addr=9 fc=0x03
BURST tid=21 addr=0 fc=0x03
BURST tid=22 addr=1 fc=0x03
BURST tid=23 addr=2 fc=0x03
BURST tid=24 addr=3 fc=0x03
BURST tid=25 addr=4 fc=0x03
BURST tid=26 addr=5 fc=0x03
BURST tid=27 addr=6 fc=0x03
BURST tid=28 addr=7 fc=0x03
BURST tid=29 addr=8 fc=0x03
BURST tid=30 addr=9 fc=0x03
BURST tid=31 addr=0 fc=0x03
BURST tid=32 addr=1 fc=0x03
BURST tid=33 addr=2 fc=0x03
BURST tid=34 addr=3 fc=0x03
BURST tid=35 addr=4 fc=0x03
BURST tid=36 addr=5 fc=0x03
BURST tid=37 addr=6 fc=0x03
BURST tid=38 addr=7 fc=0x03
BURST tid=39 addr=8 fc=0x03
BURST tid=40 addr=9 fc=0x03
NORMAL tid=41 addr=0 fc=0x03
NORMAL tid=42 addr=1 fc=0x03
NORMAL tid=43 addr=2 fc=0x03
NORMAL tid=44 addr=3 fc=0x03
NORMAL tid=45 addr=4 fc=0x03
NORMAL tid=46 addr=5 fc=0x03
NORMAL tid=47 addr=6 fc=0x03
NORMAL tid=48 addr=7 fc=0x03
NORMAL tid=49 addr=8 fc=0x03
NORMAL tid=50 addr=9 fc=0x03
NORMAL tid=51 addr=0 fc=0x03
NORMAL tid=52 addr=1 fc=0x03
NORMAL tid=53 addr=2 fc=0x03
NORMAL tid=54 addr=3 fc=0x03
NORMAL tid=55 addr=4 fc=0x03
NORMAL tid=56 addr=5 fc=0x03
NORMAL tid=57 addr=6 fc=0x03
NORMAL tid=58 addr=7 fc=0x03
NORMAL tid=59 addr=8 fc=0x03
NORMAL tid=60 addr=9 fc=0x03
REQUESTS_SUCCESSFUL=60
REQUESTS_MISSED=0

RAW PCAP:
5851885386ba961c71fee664dc92322b7356554879846a8f60ce80fa3b081659  /home/chand/otshield-bench/evidence/v06/20260922T174026Z/trial-7/delay60_jitter10/raw.pcap
NORMALIZED_RECORDS= 60

CONDITION COMPLETE:
trial=7 condition=delay60_jitter10

----------------------------------------------
TRIAL=7
CONDITION=clean
DELAY=0ms
JITTER=0ms
LOSS=0%
----------------------------------------------
Predeclared: openplc-v06-20260922T174026Z-t07-clean
Normal: 40
Anomaly: 20
d9d6a66810c04e969cb2ea78a079ccdb07227ceb7d2dc03d24351ccb1d07111d  /home/chand/otshield-bench/evidence/v06/20260922T174026Z/trial-7/clean/protocol.json
NETEM: clean
NORMAL tid=01 addr=0 fc=0x03
NORMAL tid=02 addr=1 fc=0x03
NORMAL tid=03 addr=2 fc=0x03
NORMAL tid=04 addr=3 fc=0x03
NORMAL tid=05 addr=4 fc=0x03
NORMAL tid=06 addr=5 fc=0x03
NORMAL tid=07 addr=6 fc=0x03
NORMAL tid=08 addr=7 fc=0x03
NORMAL tid=09 addr=8 fc=0x03
NORMAL tid=10 addr=9 fc=0x03
NORMAL tid=11 addr=0 fc=0x03
NORMAL tid=12 addr=1 fc=0x03
NORMAL tid=13 addr=2 fc=0x03
NORMAL tid=14 addr=3 fc=0x03
NORMAL tid=15 addr=4 fc=0x03
NORMAL tid=16 addr=5 fc=0x03
NORMAL tid=17 addr=6 fc=0x03
NORMAL tid=18 addr=7 fc=0x03
NORMAL tid=19 addr=8 fc=0x03
NORMAL tid=20 addr=9 fc=0x03
BURST tid=21 addr=0 fc=0x03
BURST tid=22 addr=1 fc=0x03
BURST tid=23 addr=2 fc=0x03
BURST tid=24 addr=3 fc=0x03
BURST tid=25 addr=4 fc=0x03
BURST tid=26 addr=5 fc=0x03
BURST tid=27 addr=6 fc=0x03
BURST tid=28 addr=7 fc=0x03
BURST tid=29 addr=8 fc=0x03
BURST tid=30 addr=9 fc=0x03
BURST tid=31 addr=0 fc=0x03
BURST tid=32 addr=1 fc=0x03
BURST tid=33 addr=2 fc=0x03
BURST tid=34 addr=3 fc=0x03
BURST tid=35 addr=4 fc=0x03
BURST tid=36 addr=5 fc=0x03
BURST tid=37 addr=6 fc=0x03
BURST tid=38 addr=7 fc=0x03
BURST tid=39 addr=8 fc=0x03
BURST tid=40 addr=9 fc=0x03
NORMAL tid=41 addr=0 fc=0x03
NORMAL tid=42 addr=1 fc=0x03
NORMAL tid=43 addr=2 fc=0x03
NORMAL tid=44 addr=3 fc=0x03
NORMAL tid=45 addr=4 fc=0x03
NORMAL tid=46 addr=5 fc=0x03
NORMAL tid=47 addr=6 fc=0x03
NORMAL tid=48 addr=7 fc=0x03
NORMAL tid=49 addr=8 fc=0x03
NORMAL tid=50 addr=9 fc=0x03
NORMAL tid=51 addr=0 fc=0x03
NORMAL tid=52 addr=1 fc=0x03
NORMAL tid=53 addr=2 fc=0x03
NORMAL tid=54 addr=3 fc=0x03
NORMAL tid=55 addr=4 fc=0x03
NORMAL tid=56 addr=5 fc=0x03
NORMAL tid=57 addr=6 fc=0x03
NORMAL tid=58 addr=7 fc=0x03
NORMAL tid=59 addr=8 fc=0x03
NORMAL tid=60 addr=9 fc=0x03
REQUESTS_SUCCESSFUL=60
REQUESTS_MISSED=0

RAW PCAP:
1660b03b59875b1ed5c060c40ebacb4062c5912551d2ecc6d6de82bf99680319  /home/chand/otshield-bench/evidence/v06/20260922T174026Z/trial-7/clean/raw.pcap
NORMALIZED_RECORDS= 60

CONDITION COMPLETE:
trial=7 condition=clean

TRIAL 7 COMPLETE

##############################################
TRIAL 8 / 25
##############################################
 Network docker_otshield-ics-net Creating 
 Network docker_otshield-ics-net Creating 
 Network docker_otshield-ics-net Created 
 Network docker_otshield-ics-net Created 
 Container otshield-openplc Creating 
 Container otshield-openplc Created 
 Container otshield-openplc Starting 
 Container otshield-openplc Started 
OpenPLC: starting
OpenPLC: healthy
OPENPLC_EXPECTED_ID=06ec891593b0d3e9e9b97f60133f75ece5c77bca503f3b64e514b47c11912da2
Network: docker_otshield-ics-net
Image: fortiphyd/grfics-plc:latest
Image ID: sha256:364461af6d7b56563fa6fdc6a296a2dfa6530caf07ea736bbc9a71701a360919

----------------------------------------------
TRIAL=8
CONDITION=delay20_jitter5_loss5
DELAY=20ms
JITTER=5ms
LOSS=5%
----------------------------------------------
Predeclared: openplc-v06-20260922T174026Z-t08-delay20_jitter5_loss5
Normal: 40
Anomaly: 20
b1a6fd8959ddd65a4ae0f95081d7c616f7569a5ad9e78f26276d702bba83136b  /home/chand/otshield-bench/evidence/v06/20260922T174026Z/trial-8/delay20_jitter5_loss5/protocol.json
NETEM:
qdisc netem 801d: root refcnt 13 limit 1000 delay 20ms  5ms loss 5% seed 10943092751284556474
NORMAL tid=01 addr=0 fc=0x03
NORMAL tid=02 addr=1 fc=0x03
NORMAL tid=03 addr=2 fc=0x03
NORMAL tid=04 addr=3 fc=0x03
NORMAL tid=05 addr=4 fc=0x03
NORMAL tid=06 addr=5 fc=0x03
NORMAL tid=07 addr=6 fc=0x03
NORMAL tid=08 addr=7 fc=0x03
NORMAL tid=09 addr=8 fc=0x03
NORMAL tid=10 addr=9 fc=0x03
NORMAL tid=11 addr=0 fc=0x03
NORMAL tid=12 addr=1 fc=0x03
NORMAL tid=13 addr=2 fc=0x03
NORMAL tid=14 addr=3 fc=0x03
NORMAL tid=15 addr=4 fc=0x03
NORMAL tid=16 addr=5 fc=0x03
NORMAL tid=17 addr=6 fc=0x03
NORMAL tid=18 addr=7 fc=0x03
NORMAL tid=19 addr=8 fc=0x03
NORMAL tid=20 addr=9 fc=0x03
BURST tid=21 addr=0 fc=0x03
BURST tid=22 addr=1 fc=0x03
BURST tid=23 addr=2 fc=0x03
BURST tid=24 addr=3 fc=0x03
BURST tid=25 addr=4 fc=0x03
BURST tid=26 addr=5 fc=0x03
BURST tid=27 addr=6 fc=0x03
BURST tid=28 addr=7 fc=0x03
BURST tid=29 addr=8 fc=0x03
BURST tid=30 addr=9 fc=0x03
BURST tid=31 addr=0 fc=0x03
BURST tid=32 addr=1 fc=0x03
BURST tid=33 addr=2 fc=0x03
BURST tid=34 addr=3 fc=0x03
BURST tid=35 addr=4 fc=0x03
BURST tid=36 addr=5 fc=0x03
BURST tid=37 addr=6 fc=0x03
BURST tid=38 addr=7 fc=0x03
BURST tid=39 addr=8 fc=0x03
BURST tid=40 addr=9 fc=0x03
NORMAL tid=41 addr=0 fc=0x03
NORMAL tid=42 addr=1 fc=0x03
NORMAL tid=43 addr=2 fc=0x03
NORMAL tid=44 addr=3 fc=0x03
NORMAL tid=45 addr=4 fc=0x03
NORMAL tid=46 addr=5 fc=0x03
NORMAL tid=47 addr=6 fc=0x03
NORMAL tid=48 addr=7 fc=0x03
NORMAL tid=49 addr=8 fc=0x03
NORMAL tid=50 addr=9 fc=0x03
NORMAL tid=51 addr=0 fc=0x03
NORMAL tid=52 addr=1 fc=0x03
NORMAL tid=53 addr=2 fc=0x03
NORMAL tid=54 addr=3 fc=0x03
NORMAL tid=55 addr=4 fc=0x03
NORMAL tid=56 addr=5 fc=0x03
NORMAL tid=57 addr=6 fc=0x03
NORMAL tid=58 addr=7 fc=0x03
NORMAL tid=59 addr=8 fc=0x03
NORMAL tid=60 addr=9 fc=0x03
REQUESTS_SUCCESSFUL=60
REQUESTS_MISSED=0

RAW PCAP:
7d3786a08e6bd85fd143080b741c6af5c227867ed1e689b24c699b4652c71a42  /home/chand/otshield-bench/evidence/v06/20260922T174026Z/trial-8/delay20_jitter5_loss5/raw.pcap
NORMALIZED_RECORDS= 60

CONDITION COMPLETE:
trial=8 condition=delay20_jitter5_loss5

----------------------------------------------
TRIAL=8
CONDITION=delay40_jitter10
DELAY=40ms
JITTER=10ms
LOSS=0%
----------------------------------------------
Predeclared: openplc-v06-20260922T174026Z-t08-delay40_jitter10
Normal: 40
Anomaly: 20
a461e9af3a1c96a9a3056b20703bfe1f8b66d0eac55c2ee4a511df4f65531128  /home/chand/otshield-bench/evidence/v06/20260922T174026Z/trial-8/delay40_jitter10/protocol.json
NETEM:
qdisc netem 801e: root refcnt 13 limit 1000 delay 40ms  10ms seed 4029932781712708892
NORMAL tid=01 addr=0 fc=0x03
NORMAL tid=02 addr=1 fc=0x03
NORMAL tid=03 addr=2 fc=0x03
NORMAL tid=04 addr=3 fc=0x03
NORMAL tid=05 addr=4 fc=0x03
NORMAL tid=06 addr=5 fc=0x03
NORMAL tid=07 addr=6 fc=0x03
NORMAL tid=08 addr=7 fc=0x03
NORMAL tid=09 addr=8 fc=0x03
NORMAL tid=10 addr=9 fc=0x03
NORMAL tid=11 addr=0 fc=0x03
NORMAL tid=12 addr=1 fc=0x03
NORMAL tid=13 addr=2 fc=0x03
NORMAL tid=14 addr=3 fc=0x03
NORMAL tid=15 addr=4 fc=0x03
NORMAL tid=16 addr=5 fc=0x03
NORMAL tid=17 addr=6 fc=0x03
NORMAL tid=18 addr=7 fc=0x03
NORMAL tid=19 addr=8 fc=0x03
NORMAL tid=20 addr=9 fc=0x03
BURST tid=21 addr=0 fc=0x03
BURST tid=22 addr=1 fc=0x03
BURST tid=23 addr=2 fc=0x03
BURST tid=24 addr=3 fc=0x03
BURST tid=25 addr=4 fc=0x03
BURST tid=26 addr=5 fc=0x03
BURST tid=27 addr=6 fc=0x03
BURST tid=28 addr=7 fc=0x03
BURST tid=29 addr=8 fc=0x03
BURST tid=30 addr=9 fc=0x03
BURST tid=31 addr=0 fc=0x03
BURST tid=32 addr=1 fc=0x03
BURST tid=33 addr=2 fc=0x03
BURST tid=34 addr=3 fc=0x03
BURST tid=35 addr=4 fc=0x03
BURST tid=36 addr=5 fc=0x03
BURST tid=37 addr=6 fc=0x03
BURST tid=38 addr=7 fc=0x03
BURST tid=39 addr=8 fc=0x03
BURST tid=40 addr=9 fc=0x03
NORMAL tid=41 addr=0 fc=0x03
NORMAL tid=42 addr=1 fc=0x03
NORMAL tid=43 addr=2 fc=0x03
NORMAL tid=44 addr=3 fc=0x03
NORMAL tid=45 addr=4 fc=0x03
NORMAL tid=46 addr=5 fc=0x03
NORMAL tid=47 addr=6 fc=0x03
NORMAL tid=48 addr=7 fc=0x03
NORMAL tid=49 addr=8 fc=0x03
NORMAL tid=50 addr=9 fc=0x03
NORMAL tid=51 addr=0 fc=0x03
NORMAL tid=52 addr=1 fc=0x03
NORMAL tid=53 addr=2 fc=0x03
NORMAL tid=54 addr=3 fc=0x03
NORMAL tid=55 addr=4 fc=0x03
NORMAL tid=56 addr=5 fc=0x03
NORMAL tid=57 addr=6 fc=0x03
NORMAL tid=58 addr=7 fc=0x03
NORMAL tid=59 addr=8 fc=0x03
NORMAL tid=60 addr=9 fc=0x03
REQUESTS_SUCCESSFUL=60
REQUESTS_MISSED=0

RAW PCAP:
0983742b377bcce3d9d758deb64f6bf0f9d608286e530e901c4b1fc13fb143ce  /home/chand/otshield-bench/evidence/v06/20260922T174026Z/trial-8/delay40_jitter10/raw.pcap
NORMALIZED_RECORDS= 60

CONDITION COMPLETE:
trial=8 condition=delay40_jitter10

----------------------------------------------
TRIAL=8
CONDITION=delay60_jitter10
DELAY=60ms
JITTER=10ms
LOSS=0%
----------------------------------------------
Predeclared: openplc-v06-20260922T174026Z-t08-delay60_jitter10
Normal: 40
Anomaly: 20
557bad7f5a48a0a6b00db39b4285e5a94628b7426afe7aa5c58958a49a928939  /home/chand/otshield-bench/evidence/v06/20260922T174026Z/trial-8/delay60_jitter10/protocol.json
NETEM:
qdisc netem 801f: root refcnt 13 limit 1000 delay 60ms  10ms seed 78910112476622681
NORMAL tid=01 addr=0 fc=0x03
NORMAL tid=02 addr=1 fc=0x03
NORMAL tid=03 addr=2 fc=0x03
NORMAL tid=04 addr=3 fc=0x03
NORMAL tid=05 addr=4 fc=0x03
NORMAL tid=06 addr=5 fc=0x03
NORMAL tid=07 addr=6 fc=0x03
NORMAL tid=08 addr=7 fc=0x03
NORMAL tid=09 addr=8 fc=0x03
NORMAL tid=10 addr=9 fc=0x03
NORMAL tid=11 addr=0 fc=0x03
NORMAL tid=12 addr=1 fc=0x03
NORMAL tid=13 addr=2 fc=0x03
NORMAL tid=14 addr=3 fc=0x03
NORMAL tid=15 addr=4 fc=0x03
NORMAL tid=16 addr=5 fc=0x03
NORMAL tid=17 addr=6 fc=0x03
NORMAL tid=18 addr=7 fc=0x03
NORMAL tid=19 addr=8 fc=0x03
NORMAL tid=20 addr=9 fc=0x03
BURST tid=21 addr=0 fc=0x03
BURST tid=22 addr=1 fc=0x03
BURST tid=23 addr=2 fc=0x03
BURST tid=24 addr=3 fc=0x03
BURST tid=25 addr=4 fc=0x03
BURST tid=26 addr=5 fc=0x03
BURST tid=27 addr=6 fc=0x03
BURST tid=28 addr=7 fc=0x03
BURST tid=29 addr=8 fc=0x03
BURST tid=30 addr=9 fc=0x03
BURST tid=31 addr=0 fc=0x03
BURST tid=32 addr=1 fc=0x03
BURST tid=33 addr=2 fc=0x03
BURST tid=34 addr=3 fc=0x03
BURST tid=35 addr=4 fc=0x03
BURST tid=36 addr=5 fc=0x03
BURST tid=37 addr=6 fc=0x03
BURST tid=38 addr=7 fc=0x03
BURST tid=39 addr=8 fc=0x03
BURST tid=40 addr=9 fc=0x03
NORMAL tid=41 addr=0 fc=0x03
NORMAL tid=42 addr=1 fc=0x03
NORMAL tid=43 addr=2 fc=0x03
NORMAL tid=44 addr=3 fc=0x03
NORMAL tid=45 addr=4 fc=0x03
NORMAL tid=46 addr=5 fc=0x03
NORMAL tid=47 addr=6 fc=0x03
NORMAL tid=48 addr=7 fc=0x03
NORMAL tid=49 addr=8 fc=0x03
NORMAL tid=50 addr=9 fc=0x03
NORMAL tid=51 addr=0 fc=0x03
NORMAL tid=52 addr=1 fc=0x03
NORMAL tid=53 addr=2 fc=0x03
NORMAL tid=54 addr=3 fc=0x03
NORMAL tid=55 addr=4 fc=0x03
NORMAL tid=56 addr=5 fc=0x03
NORMAL tid=57 addr=6 fc=0x03
NORMAL tid=58 addr=7 fc=0x03
NORMAL tid=59 addr=8 fc=0x03
NORMAL tid=60 addr=9 fc=0x03
REQUESTS_SUCCESSFUL=60
REQUESTS_MISSED=0

RAW PCAP:
50c5a0516a5ddb402e5228ef49213cfc3e612dad1f506dcd232f2a9c408edb7c  /home/chand/otshield-bench/evidence/v06/20260922T174026Z/trial-8/delay60_jitter10/raw.pcap
NORMALIZED_RECORDS= 60

CONDITION COMPLETE:
trial=8 condition=delay60_jitter10

----------------------------------------------
TRIAL=8
CONDITION=clean
DELAY=0ms
JITTER=0ms
LOSS=0%
----------------------------------------------
Predeclared: openplc-v06-20260922T174026Z-t08-clean
Normal: 40
Anomaly: 20
327cbb07963a79e446c1ebf1751737eb6aee2d2f4bdc8a1a4f309be7368794d1  /home/chand/otshield-bench/evidence/v06/20260922T174026Z/trial-8/clean/protocol.json
NETEM: clean
NORMAL tid=01 addr=0 fc=0x03
NORMAL tid=02 addr=1 fc=0x03
NORMAL tid=03 addr=2 fc=0x03
NORMAL tid=04 addr=3 fc=0x03
NORMAL tid=05 addr=4 fc=0x03
NORMAL tid=06 addr=5 fc=0x03
NORMAL tid=07 addr=6 fc=0x03
NORMAL tid=08 addr=7 fc=0x03
NORMAL tid=09 addr=8 fc=0x03
NORMAL tid=10 addr=9 fc=0x03
NORMAL tid=11 addr=0 fc=0x03
NORMAL tid=12 addr=1 fc=0x03
NORMAL tid=13 addr=2 fc=0x03
NORMAL tid=14 addr=3 fc=0x03
NORMAL tid=15 addr=4 fc=0x03
NORMAL tid=16 addr=5 fc=0x03
NORMAL tid=17 addr=6 fc=0x03
NORMAL tid=18 addr=7 fc=0x03
NORMAL tid=19 addr=8 fc=0x03
NORMAL tid=20 addr=9 fc=0x03
BURST tid=21 addr=0 fc=0x03
BURST tid=22 addr=1 fc=0x03
BURST tid=23 addr=2 fc=0x03
BURST tid=24 addr=3 fc=0x03
BURST tid=25 addr=4 fc=0x03
BURST tid=26 addr=5 fc=0x03
BURST tid=27 addr=6 fc=0x03
BURST tid=28 addr=7 fc=0x03
BURST tid=29 addr=8 fc=0x03
BURST tid=30 addr=9 fc=0x03
BURST tid=31 addr=0 fc=0x03
BURST tid=32 addr=1 fc=0x03
BURST tid=33 addr=2 fc=0x03
BURST tid=34 addr=3 fc=0x03
BURST tid=35 addr=4 fc=0x03
BURST tid=36 addr=5 fc=0x03
BURST tid=37 addr=6 fc=0x03
BURST tid=38 addr=7 fc=0x03
BURST tid=39 addr=8 fc=0x03
BURST tid=40 addr=9 fc=0x03
NORMAL tid=41 addr=0 fc=0x03
NORMAL tid=42 addr=1 fc=0x03
NORMAL tid=43 addr=2 fc=0x03
NORMAL tid=44 addr=3 fc=0x03
NORMAL tid=45 addr=4 fc=0x03
NORMAL tid=46 addr=5 fc=0x03
NORMAL tid=47 addr=6 fc=0x03
NORMAL tid=48 addr=7 fc=0x03
NORMAL tid=49 addr=8 fc=0x03
NORMAL tid=50 addr=9 fc=0x03
NORMAL tid=51 addr=0 fc=0x03
NORMAL tid=52 addr=1 fc=0x03
NORMAL tid=53 addr=2 fc=0x03
NORMAL tid=54 addr=3 fc=0x03
NORMAL tid=55 addr=4 fc=0x03
NORMAL tid=56 addr=5 fc=0x03
NORMAL tid=57 addr=6 fc=0x03
NORMAL tid=58 addr=7 fc=0x03
NORMAL tid=59 addr=8 fc=0x03
NORMAL tid=60 addr=9 fc=0x03
REQUESTS_SUCCESSFUL=60
REQUESTS_MISSED=0

RAW PCAP:
9a27e2dc341fc9413d2567e2c78ffa94127ea0f9183a58408ad180246bd9d964  /home/chand/otshield-bench/evidence/v06/20260922T174026Z/trial-8/clean/raw.pcap
NORMALIZED_RECORDS= 60

CONDITION COMPLETE:
trial=8 condition=clean

----------------------------------------------
TRIAL=8
CONDITION=delay20
DELAY=20ms
JITTER=0ms
LOSS=0%
----------------------------------------------
Predeclared: openplc-v06-20260922T174026Z-t08-delay20
Normal: 40
Anomaly: 20
a207d128723a0b2e5804ce4986f20ef8880507524e792ffa5835893ce425f65b  /home/chand/otshield-bench/evidence/v06/20260922T174026Z/trial-8/delay20/protocol.json
NETEM:
qdisc netem 8020: root refcnt 13 limit 1000 delay 20ms seed 2155736302217181360
NORMAL tid=01 addr=0 fc=0x03
NORMAL tid=02 addr=1 fc=0x03
NORMAL tid=03 addr=2 fc=0x03
NORMAL tid=04 addr=3 fc=0x03
NORMAL tid=05 addr=4 fc=0x03
NORMAL tid=06 addr=5 fc=0x03
NORMAL tid=07 addr=6 fc=0x03
NORMAL tid=08 addr=7 fc=0x03
NORMAL tid=09 addr=8 fc=0x03
NORMAL tid=10 addr=9 fc=0x03
NORMAL tid=11 addr=0 fc=0x03
NORMAL tid=12 addr=1 fc=0x03
NORMAL tid=13 addr=2 fc=0x03
NORMAL tid=14 addr=3 fc=0x03
NORMAL tid=15 addr=4 fc=0x03
NORMAL tid=16 addr=5 fc=0x03
NORMAL tid=17 addr=6 fc=0x03
NORMAL tid=18 addr=7 fc=0x03
NORMAL tid=19 addr=8 fc=0x03
NORMAL tid=20 addr=9 fc=0x03
BURST tid=21 addr=0 fc=0x03
BURST tid=22 addr=1 fc=0x03
BURST tid=23 addr=2 fc=0x03
BURST tid=24 addr=3 fc=0x03
BURST tid=25 addr=4 fc=0x03
BURST tid=26 addr=5 fc=0x03
BURST tid=27 addr=6 fc=0x03
BURST tid=28 addr=7 fc=0x03
BURST tid=29 addr=8 fc=0x03
BURST tid=30 addr=9 fc=0x03
BURST tid=31 addr=0 fc=0x03
BURST tid=32 addr=1 fc=0x03
BURST tid=33 addr=2 fc=0x03
BURST tid=34 addr=3 fc=0x03
BURST tid=35 addr=4 fc=0x03
BURST tid=36 addr=5 fc=0x03
BURST tid=37 addr=6 fc=0x03
BURST tid=38 addr=7 fc=0x03
BURST tid=39 addr=8 fc=0x03
BURST tid=40 addr=9 fc=0x03
NORMAL tid=41 addr=0 fc=0x03
NORMAL tid=42 addr=1 fc=0x03
NORMAL tid=43 addr=2 fc=0x03
NORMAL tid=44 addr=3 fc=0x03
NORMAL tid=45 addr=4 fc=0x03
NORMAL tid=46 addr=5 fc=0x03
NORMAL tid=47 addr=6 fc=0x03
NORMAL tid=48 addr=7 fc=0x03
NORMAL tid=49 addr=8 fc=0x03
NORMAL tid=50 addr=9 fc=0x03
NORMAL tid=51 addr=0 fc=0x03
NORMAL tid=52 addr=1 fc=0x03
NORMAL tid=53 addr=2 fc=0x03
NORMAL tid=54 addr=3 fc=0x03
NORMAL tid=55 addr=4 fc=0x03
NORMAL tid=56 addr=5 fc=0x03
NORMAL tid=57 addr=6 fc=0x03
NORMAL tid=58 addr=7 fc=0x03
NORMAL tid=59 addr=8 fc=0x03
NORMAL tid=60 addr=9 fc=0x03
REQUESTS_SUCCESSFUL=60
REQUESTS_MISSED=0

RAW PCAP:
7054396da66cfdb8a44b3ad9a7a8441acac60ea5b8eeae9b687c981564ae016a  /home/chand/otshield-bench/evidence/v06/20260922T174026Z/trial-8/delay20/raw.pcap
NORMALIZED_RECORDS= 60

CONDITION COMPLETE:
trial=8 condition=delay20

TRIAL 8 COMPLETE

##############################################
TRIAL 9 / 25
##############################################
 Network docker_otshield-ics-net Creating 
 Network docker_otshield-ics-net Creating 
 Network docker_otshield-ics-net Created 
 Network docker_otshield-ics-net Created 
 Container otshield-openplc Creating 
 Container otshield-openplc Created 
 Container otshield-openplc Starting 
 Container otshield-openplc Started 
OpenPLC: starting
OpenPLC: healthy
OPENPLC_EXPECTED_ID=66180788a544e48d05e8c03e46a629dcd84be52d41fe8464161c341bba748549
Network: docker_otshield-ics-net
Image: fortiphyd/grfics-plc:latest
Image ID: sha256:364461af6d7b56563fa6fdc6a296a2dfa6530caf07ea736bbc9a71701a360919

----------------------------------------------
TRIAL=9
CONDITION=delay40_jitter10
DELAY=40ms
JITTER=10ms
LOSS=0%
----------------------------------------------
Predeclared: openplc-v06-20260922T174026Z-t09-delay40_jitter10
Normal: 40
Anomaly: 20
6a4959b0650fd9f7903b75e16c4acca3fc1d5edcfc064bd31ae79e959db07ef3  /home/chand/otshield-bench/evidence/v06/20260922T174026Z/trial-9/delay40_jitter10/protocol.json
NETEM:
qdisc netem 8021: root refcnt 13 limit 1000 delay 40ms  10ms seed 16212541060836253937
NORMAL tid=01 addr=0 fc=0x03
NORMAL tid=02 addr=1 fc=0x03
NORMAL tid=03 addr=2 fc=0x03
NORMAL tid=04 addr=3 fc=0x03
NORMAL tid=05 addr=4 fc=0x03
NORMAL tid=06 addr=5 fc=0x03
NORMAL tid=07 addr=6 fc=0x03
NORMAL tid=08 addr=7 fc=0x03
NORMAL tid=09 addr=8 fc=0x03
NORMAL tid=10 addr=9 fc=0x03
NORMAL tid=11 addr=0 fc=0x03
NORMAL tid=12 addr=1 fc=0x03
NORMAL tid=13 addr=2 fc=0x03
NORMAL tid=14 addr=3 fc=0x03
NORMAL tid=15 addr=4 fc=0x03
NORMAL tid=16 addr=5 fc=0x03
NORMAL tid=17 addr=6 fc=0x03
NORMAL tid=18 addr=7 fc=0x03
NORMAL tid=19 addr=8 fc=0x03
NORMAL tid=20 addr=9 fc=0x03
BURST tid=21 addr=0 fc=0x03
BURST tid=22 addr=1 fc=0x03
BURST tid=23 addr=2 fc=0x03
BURST tid=24 addr=3 fc=0x03
BURST tid=25 addr=4 fc=0x03
BURST tid=26 addr=5 fc=0x03
BURST tid=27 addr=6 fc=0x03
BURST tid=28 addr=7 fc=0x03
BURST tid=29 addr=8 fc=0x03
BURST tid=30 addr=9 fc=0x03
BURST tid=31 addr=0 fc=0x03
BURST tid=32 addr=1 fc=0x03
BURST tid=33 addr=2 fc=0x03
BURST tid=34 addr=3 fc=0x03
BURST tid=35 addr=4 fc=0x03
BURST tid=36 addr=5 fc=0x03
BURST tid=37 addr=6 fc=0x03
BURST tid=38 addr=7 fc=0x03
BURST tid=39 addr=8 fc=0x03
BURST tid=40 addr=9 fc=0x03
NORMAL tid=41 addr=0 fc=0x03
NORMAL tid=42 addr=1 fc=0x03
NORMAL tid=43 addr=2 fc=0x03
NORMAL tid=44 addr=3 fc=0x03
NORMAL tid=45 addr=4 fc=0x03
NORMAL tid=46 addr=5 fc=0x03
NORMAL tid=47 addr=6 fc=0x03
NORMAL tid=48 addr=7 fc=0x03
NORMAL tid=49 addr=8 fc=0x03
NORMAL tid=50 addr=9 fc=0x03
NORMAL tid=51 addr=0 fc=0x03
NORMAL tid=52 addr=1 fc=0x03
NORMAL tid=53 addr=2 fc=0x03
NORMAL tid=54 addr=3 fc=0x03
NORMAL tid=55 addr=4 fc=0x03
NORMAL tid=56 addr=5 fc=0x03
NORMAL tid=57 addr=6 fc=0x03
NORMAL tid=58 addr=7 fc=0x03
NORMAL tid=59 addr=8 fc=0x03
NORMAL tid=60 addr=9 fc=0x03
REQUESTS_SUCCESSFUL=60
REQUESTS_MISSED=0

RAW PCAP:
d22748201865cd057caf8db7e422fcfee5547c814e238dbce0d6ab9599eb80a2  /home/chand/otshield-bench/evidence/v06/20260922T174026Z/trial-9/delay40_jitter10/raw.pcap
NORMALIZED_RECORDS= 60

CONDITION COMPLETE:
trial=9 condition=delay40_jitter10

----------------------------------------------
TRIAL=9
CONDITION=delay60_jitter10
DELAY=60ms
JITTER=10ms
LOSS=0%
----------------------------------------------
Predeclared: openplc-v06-20260922T174026Z-t09-delay60_jitter10
Normal: 40
Anomaly: 20
126dcabf0ae2aba3199f45716c05064fe52cd630ed3b44cc0af201e3343a2937  /home/chand/otshield-bench/evidence/v06/20260922T174026Z/trial-9/delay60_jitter10/protocol.json
NETEM:
qdisc netem 8022: root refcnt 13 limit 1000 delay 60ms  10ms seed 978007159913367418
NORMAL tid=01 addr=0 fc=0x03
NORMAL tid=02 addr=1 fc=0x03
NORMAL tid=03 addr=2 fc=0x03
NORMAL tid=04 addr=3 fc=0x03
NORMAL tid=05 addr=4 fc=0x03
NORMAL tid=06 addr=5 fc=0x03
NORMAL tid=07 addr=6 fc=0x03
NORMAL tid=08 addr=7 fc=0x03
NORMAL tid=09 addr=8 fc=0x03
NORMAL tid=10 addr=9 fc=0x03
NORMAL tid=11 addr=0 fc=0x03
NORMAL tid=12 addr=1 fc=0x03
NORMAL tid=13 addr=2 fc=0x03
NORMAL tid=14 addr=3 fc=0x03
NORMAL tid=15 addr=4 fc=0x03
NORMAL tid=16 addr=5 fc=0x03
NORMAL tid=17 addr=6 fc=0x03
NORMAL tid=18 addr=7 fc=0x03
NORMAL tid=19 addr=8 fc=0x03
NORMAL tid=20 addr=9 fc=0x03
BURST tid=21 addr=0 fc=0x03
BURST tid=22 addr=1 fc=0x03
BURST tid=23 addr=2 fc=0x03
BURST tid=24 addr=3 fc=0x03
BURST tid=25 addr=4 fc=0x03
BURST tid=26 addr=5 fc=0x03
BURST tid=27 addr=6 fc=0x03
BURST tid=28 addr=7 fc=0x03
BURST tid=29 addr=8 fc=0x03
BURST tid=30 addr=9 fc=0x03
BURST tid=31 addr=0 fc=0x03
BURST tid=32 addr=1 fc=0x03
BURST tid=33 addr=2 fc=0x03
BURST tid=34 addr=3 fc=0x03
BURST tid=35 addr=4 fc=0x03
BURST tid=36 addr=5 fc=0x03
BURST tid=37 addr=6 fc=0x03
BURST tid=38 addr=7 fc=0x03
BURST tid=39 addr=8 fc=0x03
BURST tid=40 addr=9 fc=0x03
NORMAL tid=41 addr=0 fc=0x03
NORMAL tid=42 addr=1 fc=0x03
NORMAL tid=43 addr=2 fc=0x03
NORMAL tid=44 addr=3 fc=0x03
NORMAL tid=45 addr=4 fc=0x03
NORMAL tid=46 addr=5 fc=0x03
NORMAL tid=47 addr=6 fc=0x03
NORMAL tid=48 addr=7 fc=0x03
NORMAL tid=49 addr=8 fc=0x03
NORMAL tid=50 addr=9 fc=0x03
NORMAL tid=51 addr=0 fc=0x03
NORMAL tid=52 addr=1 fc=0x03
NORMAL tid=53 addr=2 fc=0x03
NORMAL tid=54 addr=3 fc=0x03
NORMAL tid=55 addr=4 fc=0x03
NORMAL tid=56 addr=5 fc=0x03
NORMAL tid=57 addr=6 fc=0x03
NORMAL tid=58 addr=7 fc=0x03
NORMAL tid=59 addr=8 fc=0x03
NORMAL tid=60 addr=9 fc=0x03
REQUESTS_SUCCESSFUL=60
REQUESTS_MISSED=0

RAW PCAP:
9056a043275e9bbe495768ddd640f92ebb2e0f15c94af0045dfab8b08d01b29c  /home/chand/otshield-bench/evidence/v06/20260922T174026Z/trial-9/delay60_jitter10/raw.pcap
NORMALIZED_RECORDS= 60

CONDITION COMPLETE:
trial=9 condition=delay60_jitter10

----------------------------------------------
TRIAL=9
CONDITION=clean
DELAY=0ms
JITTER=0ms
LOSS=0%
----------------------------------------------
Predeclared: openplc-v06-20260922T174026Z-t09-clean
Normal: 40
Anomaly: 20
51e5663f388f76a1935a1cc5c60dde23bff38c487401cd9cf1457e6e01430837  /home/chand/otshield-bench/evidence/v06/20260922T174026Z/trial-9/clean/protocol.json
NETEM: clean
NORMAL tid=01 addr=0 fc=0x03
NORMAL tid=02 addr=1 fc=0x03
NORMAL tid=03 addr=2 fc=0x03
NORMAL tid=04 addr=3 fc=0x03
NORMAL tid=05 addr=4 fc=0x03
NORMAL tid=06 addr=5 fc=0x03
NORMAL tid=07 addr=6 fc=0x03
NORMAL tid=08 addr=7 fc=0x03
NORMAL tid=09 addr=8 fc=0x03
NORMAL tid=10 addr=9 fc=0x03
NORMAL tid=11 addr=0 fc=0x03
NORMAL tid=12 addr=1 fc=0x03
NORMAL tid=13 addr=2 fc=0x03
NORMAL tid=14 addr=3 fc=0x03
NORMAL tid=15 addr=4 fc=0x03
NORMAL tid=16 addr=5 fc=0x03
NORMAL tid=17 addr=6 fc=0x03
NORMAL tid=18 addr=7 fc=0x03
NORMAL tid=19 addr=8 fc=0x03
NORMAL tid=20 addr=9 fc=0x03
BURST tid=21 addr=0 fc=0x03
BURST tid=22 addr=1 fc=0x03
BURST tid=23 addr=2 fc=0x03
BURST tid=24 addr=3 fc=0x03
BURST tid=25 addr=4 fc=0x03
BURST tid=26 addr=5 fc=0x03
BURST tid=27 addr=6 fc=0x03
BURST tid=28 addr=7 fc=0x03
BURST tid=29 addr=8 fc=0x03
BURST tid=30 addr=9 fc=0x03
BURST tid=31 addr=0 fc=0x03
BURST tid=32 addr=1 fc=0x03
BURST tid=33 addr=2 fc=0x03
BURST tid=34 addr=3 fc=0x03
BURST tid=35 addr=4 fc=0x03
BURST tid=36 addr=5 fc=0x03
BURST tid=37 addr=6 fc=0x03
BURST tid=38 addr=7 fc=0x03
BURST tid=39 addr=8 fc=0x03
BURST tid=40 addr=9 fc=0x03
NORMAL tid=41 addr=0 fc=0x03
NORMAL tid=42 addr=1 fc=0x03
NORMAL tid=43 addr=2 fc=0x03
NORMAL tid=44 addr=3 fc=0x03
NORMAL tid=45 addr=4 fc=0x03
NORMAL tid=46 addr=5 fc=0x03
NORMAL tid=47 addr=6 fc=0x03
NORMAL tid=48 addr=7 fc=0x03
NORMAL tid=49 addr=8 fc=0x03
NORMAL tid=50 addr=9 fc=0x03
NORMAL tid=51 addr=0 fc=0x03
NORMAL tid=52 addr=1 fc=0x03
NORMAL tid=53 addr=2 fc=0x03
NORMAL tid=54 addr=3 fc=0x03
NORMAL tid=55 addr=4 fc=0x03
NORMAL tid=56 addr=5 fc=0x03
NORMAL tid=57 addr=6 fc=0x03
NORMAL tid=58 addr=7 fc=0x03
NORMAL tid=59 addr=8 fc=0x03
NORMAL tid=60 addr=9 fc=0x03
REQUESTS_SUCCESSFUL=60
REQUESTS_MISSED=0

RAW PCAP:
821f2ce8e668ebb20ab74257a89a170e34050d1a43bb9b8242b6de8274e9b730  /home/chand/otshield-bench/evidence/v06/20260922T174026Z/trial-9/clean/raw.pcap
NORMALIZED_RECORDS= 60

CONDITION COMPLETE:
trial=9 condition=clean

----------------------------------------------
TRIAL=9
CONDITION=delay20
DELAY=20ms
JITTER=0ms
LOSS=0%
----------------------------------------------
Predeclared: openplc-v06-20260922T174026Z-t09-delay20
Normal: 40
Anomaly: 20
97d4b3d6aca16f42782a3af879532680944d14b7367e274b9880250842500f9a  /home/chand/otshield-bench/evidence/v06/20260922T174026Z/trial-9/delay20/protocol.json
NETEM:
qdisc netem 8023: root refcnt 13 limit 1000 delay 20ms seed 13094399820629556591
NORMAL tid=01 addr=0 fc=0x03
NORMAL tid=02 addr=1 fc=0x03
NORMAL tid=03 addr=2 fc=0x03
NORMAL tid=04 addr=3 fc=0x03
NORMAL tid=05 addr=4 fc=0x03
NORMAL tid=06 addr=5 fc=0x03
NORMAL tid=07 addr=6 fc=0x03
NORMAL tid=08 addr=7 fc=0x03
NORMAL tid=09 addr=8 fc=0x03
NORMAL tid=10 addr=9 fc=0x03
NORMAL tid=11 addr=0 fc=0x03
NORMAL tid=12 addr=1 fc=0x03
NORMAL tid=13 addr=2 fc=0x03
NORMAL tid=14 addr=3 fc=0x03
NORMAL tid=15 addr=4 fc=0x03
NORMAL tid=16 addr=5 fc=0x03
NORMAL tid=17 addr=6 fc=0x03
NORMAL tid=18 addr=7 fc=0x03
NORMAL tid=19 addr=8 fc=0x03
NORMAL tid=20 addr=9 fc=0x03
BURST tid=21 addr=0 fc=0x03
BURST tid=22 addr=1 fc=0x03
BURST tid=23 addr=2 fc=0x03
BURST tid=24 addr=3 fc=0x03
BURST tid=25 addr=4 fc=0x03
BURST tid=26 addr=5 fc=0x03
BURST tid=27 addr=6 fc=0x03
BURST tid=28 addr=7 fc=0x03
BURST tid=29 addr=8 fc=0x03
BURST tid=30 addr=9 fc=0x03
BURST tid=31 addr=0 fc=0x03
BURST tid=32 addr=1 fc=0x03
BURST tid=33 addr=2 fc=0x03
BURST tid=34 addr=3 fc=0x03
BURST tid=35 addr=4 fc=0x03
BURST tid=36 addr=5 fc=0x03
BURST tid=37 addr=6 fc=0x03
BURST tid=38 addr=7 fc=0x03
BURST tid=39 addr=8 fc=0x03
BURST tid=40 addr=9 fc=0x03
NORMAL tid=41 addr=0 fc=0x03
NORMAL tid=42 addr=1 fc=0x03
NORMAL tid=43 addr=2 fc=0x03
NORMAL tid=44 addr=3 fc=0x03
NORMAL tid=45 addr=4 fc=0x03
NORMAL tid=46 addr=5 fc=0x03
NORMAL tid=47 addr=6 fc=0x03
NORMAL tid=48 addr=7 fc=0x03
NORMAL tid=49 addr=8 fc=0x03
NORMAL tid=50 addr=9 fc=0x03
NORMAL tid=51 addr=0 fc=0x03
NORMAL tid=52 addr=1 fc=0x03
NORMAL tid=53 addr=2 fc=0x03
NORMAL tid=54 addr=3 fc=0x03
NORMAL tid=55 addr=4 fc=0x03
NORMAL tid=56 addr=5 fc=0x03
NORMAL tid=57 addr=6 fc=0x03
NORMAL tid=58 addr=7 fc=0x03
NORMAL tid=59 addr=8 fc=0x03
NORMAL tid=60 addr=9 fc=0x03
REQUESTS_SUCCESSFUL=60
REQUESTS_MISSED=0

RAW PCAP:
9921128bc7534481d0a8f0ba66df214101a67ca6305d9973d904b60281a7b9a5  /home/chand/otshield-bench/evidence/v06/20260922T174026Z/trial-9/delay20/raw.pcap
NORMALIZED_RECORDS= 60

CONDITION COMPLETE:
trial=9 condition=delay20

----------------------------------------------
TRIAL=9
CONDITION=delay20_jitter5_loss5
DELAY=20ms
JITTER=5ms
LOSS=5%
----------------------------------------------
Predeclared: openplc-v06-20260922T174026Z-t09-delay20_jitter5_loss5
Normal: 40
Anomaly: 20
6b069884c409474c353cbbb918d6fe465dc94a333e5d871667db1986f64dd3b8  /home/chand/otshield-bench/evidence/v06/20260922T174026Z/trial-9/delay20_jitter5_loss5/protocol.json
NETEM:
qdisc netem 8024: root refcnt 13 limit 1000 delay 20ms  5ms loss 5% seed 15662561398783914591
NORMAL tid=01 addr=0 fc=0x03
NORMAL tid=02 addr=1 fc=0x03
NORMAL tid=03 addr=2 fc=0x03
NORMAL tid=04 addr=3 fc=0x03
NORMAL tid=05 addr=4 fc=0x03
NORMAL tid=06 addr=5 fc=0x03
NORMAL tid=07 addr=6 fc=0x03
NORMAL tid=08 addr=7 fc=0x03
NORMAL tid=09 addr=8 fc=0x03
NORMAL tid=10 addr=9 fc=0x03
NORMAL tid=11 addr=0 fc=0x03
NORMAL tid=12 addr=1 fc=0x03
NORMAL tid=13 addr=2 fc=0x03
NORMAL tid=14 addr=3 fc=0x03
NORMAL tid=15 addr=4 fc=0x03
NORMAL tid=16 addr=5 fc=0x03
NORMAL tid=17 addr=6 fc=0x03
NORMAL tid=18 addr=7 fc=0x03
NORMAL tid=19 addr=8 fc=0x03
NORMAL tid=20 addr=9 fc=0x03
BURST tid=21 addr=0 fc=0x03
BURST tid=22 addr=1 fc=0x03
BURST tid=23 addr=2 fc=0x03
BURST tid=24 addr=3 fc=0x03
BURST tid=25 addr=4 fc=0x03
BURST tid=26 addr=5 fc=0x03
BURST tid=27 addr=6 fc=0x03
BURST tid=28 addr=7 fc=0x03
BURST tid=29 addr=8 fc=0x03
BURST tid=30 addr=9 fc=0x03
BURST tid=31 addr=0 fc=0x03
BURST tid=32 addr=1 fc=0x03
BURST tid=33 addr=2 fc=0x03
BURST tid=34 addr=3 fc=0x03
BURST tid=35 addr=4 fc=0x03
BURST tid=36 addr=5 fc=0x03
BURST tid=37 addr=6 fc=0x03
BURST tid=38 addr=7 fc=0x03
BURST tid=39 addr=8 fc=0x03
BURST tid=40 addr=9 fc=0x03
NORMAL tid=41 addr=0 fc=0x03
NORMAL tid=42 addr=1 fc=0x03
NORMAL tid=43 addr=2 fc=0x03
NORMAL tid=44 addr=3 fc=0x03
NORMAL tid=45 addr=4 fc=0x03
NORMAL tid=46 addr=5 fc=0x03
NORMAL tid=47 addr=6 fc=0x03
NORMAL tid=48 addr=7 fc=0x03
NORMAL tid=49 addr=8 fc=0x03
NORMAL tid=50 addr=9 fc=0x03
NORMAL tid=51 addr=0 fc=0x03
NORMAL tid=52 addr=1 fc=0x03
NORMAL tid=53 addr=2 fc=0x03
NORMAL tid=54 addr=3 fc=0x03
NORMAL tid=55 addr=4 fc=0x03
NORMAL tid=56 addr=5 fc=0x03
NORMAL tid=57 addr=6 fc=0x03
NORMAL tid=58 addr=7 fc=0x03
NORMAL tid=59 addr=8 fc=0x03
NORMAL tid=60 addr=9 fc=0x03
REQUESTS_SUCCESSFUL=60
REQUESTS_MISSED=0

RAW PCAP:
e5cf0c90a37eeb8bd4f633afddd6f8618b562c962f27e50aa37c957fccc9af59  /home/chand/otshield-bench/evidence/v06/20260922T174026Z/trial-9/delay20_jitter5_loss5/raw.pcap
NORMALIZED_RECORDS= 60

CONDITION COMPLETE:
trial=9 condition=delay20_jitter5_loss5

TRIAL 9 COMPLETE

##############################################
TRIAL 10 / 25
##############################################
 Network docker_otshield-ics-net Creating 
 Network docker_otshield-ics-net Creating 
 Network docker_otshield-ics-net Created 
 Network docker_otshield-ics-net Created 
 Container otshield-openplc Creating 
 Container otshield-openplc Created 
 Container otshield-openplc Starting 
 Container otshield-openplc Started 
OpenPLC: starting
OpenPLC: healthy
OPENPLC_EXPECTED_ID=d5645c30abc37d5a89d2dacb1e1ae3f5aef15e409d3797b0d61d8041afd2fa81
Network: docker_otshield-ics-net
Image: fortiphyd/grfics-plc:latest
Image ID: sha256:364461af6d7b56563fa6fdc6a296a2dfa6530caf07ea736bbc9a71701a360919

----------------------------------------------
TRIAL=10
CONDITION=delay60_jitter10
DELAY=60ms
JITTER=10ms
LOSS=0%
----------------------------------------------
Predeclared: openplc-v06-20260922T174026Z-t10-delay60_jitter10
Normal: 40
Anomaly: 20
b8304212e619df44bb9eeadaed2c69fa7ffaceed91c15a8aee1379d447243c11  /home/chand/otshield-bench/evidence/v06/20260922T174026Z/trial-10/delay60_jitter10/protocol.json
NETEM:
qdisc netem 8025: root refcnt 13 limit 1000 delay 60ms  10ms seed 15036477301254319323
NORMAL tid=01 addr=0 fc=0x03
NORMAL tid=02 addr=1 fc=0x03
NORMAL tid=03 addr=2 fc=0x03
NORMAL tid=04 addr=3 fc=0x03
NORMAL tid=05 addr=4 fc=0x03
NORMAL tid=06 addr=5 fc=0x03
NORMAL tid=07 addr=6 fc=0x03
NORMAL tid=08 addr=7 fc=0x03
NORMAL tid=09 addr=8 fc=0x03
NORMAL tid=10 addr=9 fc=0x03
NORMAL tid=11 addr=0 fc=0x03
NORMAL tid=12 addr=1 fc=0x03
NORMAL tid=13 addr=2 fc=0x03
NORMAL tid=14 addr=3 fc=0x03
NORMAL tid=15 addr=4 fc=0x03
NORMAL tid=16 addr=5 fc=0x03
NORMAL tid=17 addr=6 fc=0x03
NORMAL tid=18 addr=7 fc=0x03
NORMAL tid=19 addr=8 fc=0x03
NORMAL tid=20 addr=9 fc=0x03
BURST tid=21 addr=0 fc=0x03
BURST tid=22 addr=1 fc=0x03
BURST tid=23 addr=2 fc=0x03
BURST tid=24 addr=3 fc=0x03
BURST tid=25 addr=4 fc=0x03
BURST tid=26 addr=5 fc=0x03
BURST tid=27 addr=6 fc=0x03
BURST tid=28 addr=7 fc=0x03
BURST tid=29 addr=8 fc=0x03
BURST tid=30 addr=9 fc=0x03
BURST tid=31 addr=0 fc=0x03
BURST tid=32 addr=1 fc=0x03
BURST tid=33 addr=2 fc=0x03
BURST tid=34 addr=3 fc=0x03
BURST tid=35 addr=4 fc=0x03
BURST tid=36 addr=5 fc=0x03
BURST tid=37 addr=6 fc=0x03
BURST tid=38 addr=7 fc=0x03
BURST tid=39 addr=8 fc=0x03
BURST tid=40 addr=9 fc=0x03
NORMAL tid=41 addr=0 fc=0x03
NORMAL tid=42 addr=1 fc=0x03
NORMAL tid=43 addr=2 fc=0x03
NORMAL tid=44 addr=3 fc=0x03
NORMAL tid=45 addr=4 fc=0x03
NORMAL tid=46 addr=5 fc=0x03
NORMAL tid=47 addr=6 fc=0x03
NORMAL tid=48 addr=7 fc=0x03
NORMAL tid=49 addr=8 fc=0x03
NORMAL tid=50 addr=9 fc=0x03
NORMAL tid=51 addr=0 fc=0x03
NORMAL tid=52 addr=1 fc=0x03
NORMAL tid=53 addr=2 fc=0x03
NORMAL tid=54 addr=3 fc=0x03
NORMAL tid=55 addr=4 fc=0x03
NORMAL tid=56 addr=5 fc=0x03
NORMAL tid=57 addr=6 fc=0x03
NORMAL tid=58 addr=7 fc=0x03
NORMAL tid=59 addr=8 fc=0x03
NORMAL tid=60 addr=9 fc=0x03
REQUESTS_SUCCESSFUL=60
REQUESTS_MISSED=0

RAW PCAP:
a289cbd0e3670d3dafaba86b13cf8f23f1312f4826a530352dd154489d24685b  /home/chand/otshield-bench/evidence/v06/20260922T174026Z/trial-10/delay60_jitter10/raw.pcap
NORMALIZED_RECORDS= 60

CONDITION COMPLETE:
trial=10 condition=delay60_jitter10

----------------------------------------------
TRIAL=10
CONDITION=clean
DELAY=0ms
JITTER=0ms
LOSS=0%
----------------------------------------------
Predeclared: openplc-v06-20260922T174026Z-t10-clean
Normal: 40
Anomaly: 20
771086720db08fd599cf3187da611c8a21acff0902e481a0c7c94cc5a99089e7  /home/chand/otshield-bench/evidence/v06/20260922T174026Z/trial-10/clean/protocol.json
NETEM: clean
NORMAL tid=01 addr=0 fc=0x03
NORMAL tid=02 addr=1 fc=0x03
NORMAL tid=03 addr=2 fc=0x03
NORMAL tid=04 addr=3 fc=0x03
NORMAL tid=05 addr=4 fc=0x03
NORMAL tid=06 addr=5 fc=0x03
NORMAL tid=07 addr=6 fc=0x03
NORMAL tid=08 addr=7 fc=0x03
NORMAL tid=09 addr=8 fc=0x03
NORMAL tid=10 addr=9 fc=0x03
NORMAL tid=11 addr=0 fc=0x03
NORMAL tid=12 addr=1 fc=0x03
NORMAL tid=13 addr=2 fc=0x03
NORMAL tid=14 addr=3 fc=0x03
NORMAL tid=15 addr=4 fc=0x03
NORMAL tid=16 addr=5 fc=0x03
NORMAL tid=17 addr=6 fc=0x03
NORMAL tid=18 addr=7 fc=0x03
NORMAL tid=19 addr=8 fc=0x03
NORMAL tid=20 addr=9 fc=0x03
BURST tid=21 addr=0 fc=0x03
BURST tid=22 addr=1 fc=0x03
BURST tid=23 addr=2 fc=0x03
BURST tid=24 addr=3 fc=0x03
BURST tid=25 addr=4 fc=0x03
BURST tid=26 addr=5 fc=0x03
BURST tid=27 addr=6 fc=0x03
BURST tid=28 addr=7 fc=0x03
BURST tid=29 addr=8 fc=0x03
BURST tid=30 addr=9 fc=0x03
BURST tid=31 addr=0 fc=0x03
BURST tid=32 addr=1 fc=0x03
BURST tid=33 addr=2 fc=0x03
BURST tid=34 addr=3 fc=0x03
BURST tid=35 addr=4 fc=0x03
BURST tid=36 addr=5 fc=0x03
BURST tid=37 addr=6 fc=0x03
BURST tid=38 addr=7 fc=0x03
BURST tid=39 addr=8 fc=0x03
BURST tid=40 addr=9 fc=0x03
NORMAL tid=41 addr=0 fc=0x03
NORMAL tid=42 addr=1 fc=0x03
NORMAL tid=43 addr=2 fc=0x03
NORMAL tid=44 addr=3 fc=0x03
NORMAL tid=45 addr=4 fc=0x03
NORMAL tid=46 addr=5 fc=0x03
NORMAL tid=47 addr=6 fc=0x03
NORMAL tid=48 addr=7 fc=0x03
NORMAL tid=49 addr=8 fc=0x03
NORMAL tid=50 addr=9 fc=0x03
NORMAL tid=51 addr=0 fc=0x03
NORMAL tid=52 addr=1 fc=0x03
NORMAL tid=53 addr=2 fc=0x03
NORMAL tid=54 addr=3 fc=0x03
NORMAL tid=55 addr=4 fc=0x03
NORMAL tid=56 addr=5 fc=0x03
NORMAL tid=57 addr=6 fc=0x03
NORMAL tid=58 addr=7 fc=0x03
NORMAL tid=59 addr=8 fc=0x03
NORMAL tid=60 addr=9 fc=0x03
REQUESTS_SUCCESSFUL=60
REQUESTS_MISSED=0

RAW PCAP:
67105bdcd6d6bfdaf1df9906a6f74cbcdcf74dc91414ce6edc7369a80b5b2eba  /home/chand/otshield-bench/evidence/v06/20260922T174026Z/trial-10/clean/raw.pcap
NORMALIZED_RECORDS= 60

CONDITION COMPLETE:
trial=10 condition=clean

----------------------------------------------
TRIAL=10
CONDITION=delay20
DELAY=20ms
JITTER=0ms
LOSS=0%
----------------------------------------------
Predeclared: openplc-v06-20260922T174026Z-t10-delay20
Normal: 40
Anomaly: 20
47911d2fd4346490bb1960d0b409fc2586baf7c69d04854eee981aa446884b50  /home/chand/otshield-bench/evidence/v06/20260922T174026Z/trial-10/delay20/protocol.json
NETEM:
qdisc netem 8026: root refcnt 13 limit 1000 delay 20ms seed 6105156986616807877
NORMAL tid=01 addr=0 fc=0x03
NORMAL tid=02 addr=1 fc=0x03
NORMAL tid=03 addr=2 fc=0x03
NORMAL tid=04 addr=3 fc=0x03
NORMAL tid=05 addr=4 fc=0x03
NORMAL tid=06 addr=5 fc=0x03
NORMAL tid=07 addr=6 fc=0x03
NORMAL tid=08 addr=7 fc=0x03
NORMAL tid=09 addr=8 fc=0x03
NORMAL tid=10 addr=9 fc=0x03
NORMAL tid=11 addr=0 fc=0x03
NORMAL tid=12 addr=1 fc=0x03
NORMAL tid=13 addr=2 fc=0x03
NORMAL tid=14 addr=3 fc=0x03
NORMAL tid=15 addr=4 fc=0x03
NORMAL tid=16 addr=5 fc=0x03
NORMAL tid=17 addr=6 fc=0x03
NORMAL tid=18 addr=7 fc=0x03
NORMAL tid=19 addr=8 fc=0x03
NORMAL tid=20 addr=9 fc=0x03
BURST tid=21 addr=0 fc=0x03
BURST tid=22 addr=1 fc=0x03
BURST tid=23 addr=2 fc=0x03
BURST tid=24 addr=3 fc=0x03
BURST tid=25 addr=4 fc=0x03
BURST tid=26 addr=5 fc=0x03
BURST tid=27 addr=6 fc=0x03
BURST tid=28 addr=7 fc=0x03
BURST tid=29 addr=8 fc=0x03
BURST tid=30 addr=9 fc=0x03
BURST tid=31 addr=0 fc=0x03
BURST tid=32 addr=1 fc=0x03
BURST tid=33 addr=2 fc=0x03
BURST tid=34 addr=3 fc=0x03
BURST tid=35 addr=4 fc=0x03
BURST tid=36 addr=5 fc=0x03
BURST tid=37 addr=6 fc=0x03
BURST tid=38 addr=7 fc=0x03
BURST tid=39 addr=8 fc=0x03
BURST tid=40 addr=9 fc=0x03
NORMAL tid=41 addr=0 fc=0x03
NORMAL tid=42 addr=1 fc=0x03
NORMAL tid=43 addr=2 fc=0x03
NORMAL tid=44 addr=3 fc=0x03
NORMAL tid=45 addr=4 fc=0x03
NORMAL tid=46 addr=5 fc=0x03
NORMAL tid=47 addr=6 fc=0x03
NORMAL tid=48 addr=7 fc=0x03
NORMAL tid=49 addr=8 fc=0x03
NORMAL tid=50 addr=9 fc=0x03
NORMAL tid=51 addr=0 fc=0x03
NORMAL tid=52 addr=1 fc=0x03
NORMAL tid=53 addr=2 fc=0x03
NORMAL tid=54 addr=3 fc=0x03
NORMAL tid=55 addr=4 fc=0x03
NORMAL tid=56 addr=5 fc=0x03
NORMAL tid=57 addr=6 fc=0x03
NORMAL tid=58 addr=7 fc=0x03
NORMAL tid=59 addr=8 fc=0x03
NORMAL tid=60 addr=9 fc=0x03
REQUESTS_SUCCESSFUL=60
REQUESTS_MISSED=0

RAW PCAP:
da1d217356cce94edc72b989d58bf042e0b48d617acbe155123c9e7d94c468c3  /home/chand/otshield-bench/evidence/v06/20260922T174026Z/trial-10/delay20/raw.pcap
NORMALIZED_RECORDS= 60

CONDITION COMPLETE:
trial=10 condition=delay20

----------------------------------------------
TRIAL=10
CONDITION=delay20_jitter5_loss5
DELAY=20ms
JITTER=5ms
LOSS=5%
----------------------------------------------
Predeclared: openplc-v06-20260922T174026Z-t10-delay20_jitter5_loss5
Normal: 40
Anomaly: 20
49b888bfa43fb9d049cc0e8813da0d78ae1771ff282f5c03bfca0a65f7bc8d64  /home/chand/otshield-bench/evidence/v06/20260922T174026Z/trial-10/delay20_jitter5_loss5/protocol.json
NETEM:
qdisc netem 8027: root refcnt 13 limit 1000 delay 20ms  5ms loss 5% seed 1541781101993728843
NORMAL tid=01 addr=0 fc=0x03
NORMAL tid=02 addr=1 fc=0x03
NORMAL tid=03 addr=2 fc=0x03
NORMAL tid=04 addr=3 fc=0x03
NORMAL tid=05 addr=4 fc=0x03
NORMAL tid=06 addr=5 fc=0x03
NORMAL tid=07 addr=6 fc=0x03
NORMAL tid=08 addr=7 fc=0x03
NORMAL tid=09 addr=8 fc=0x03
NORMAL tid=10 addr=9 fc=0x03
NORMAL tid=11 addr=0 fc=0x03
NORMAL tid=12 addr=1 fc=0x03
NORMAL tid=13 addr=2 fc=0x03
NORMAL tid=14 addr=3 fc=0x03
NORMAL tid=15 addr=4 fc=0x03
NORMAL tid=16 addr=5 fc=0x03
NORMAL tid=17 addr=6 fc=0x03
NORMAL tid=18 addr=7 fc=0x03
NORMAL tid=19 addr=8 fc=0x03
NORMAL tid=20 addr=9 fc=0x03
BURST tid=21 addr=0 fc=0x03
BURST tid=22 addr=1 fc=0x03
BURST tid=23 addr=2 fc=0x03
BURST tid=24 addr=3 fc=0x03
BURST tid=25 addr=4 fc=0x03
BURST tid=26 addr=5 fc=0x03
BURST tid=27 addr=6 fc=0x03
BURST tid=28 addr=7 fc=0x03
BURST tid=29 addr=8 fc=0x03
BURST tid=30 addr=9 fc=0x03
BURST tid=31 addr=0 fc=0x03
BURST tid=32 addr=1 fc=0x03
BURST tid=33 addr=2 fc=0x03
BURST tid=34 addr=3 fc=0x03
BURST tid=35 addr=4 fc=0x03
BURST tid=36 addr=5 fc=0x03
BURST tid=37 addr=6 fc=0x03
BURST tid=38 addr=7 fc=0x03
BURST tid=39 addr=8 fc=0x03
BURST tid=40 addr=9 fc=0x03
NORMAL tid=41 addr=0 fc=0x03
NORMAL tid=42 addr=1 fc=0x03
NORMAL tid=43 addr=2 fc=0x03
NORMAL tid=44 addr=3 fc=0x03
NORMAL tid=45 addr=4 fc=0x03
NORMAL tid=46 addr=5 fc=0x03
NORMAL tid=47 addr=6 fc=0x03
NORMAL tid=48 addr=7 fc=0x03
NORMAL tid=49 addr=8 fc=0x03
NORMAL tid=50 addr=9 fc=0x03
NORMAL tid=51 addr=0 fc=0x03
NORMAL tid=52 addr=1 fc=0x03
NORMAL tid=53 addr=2 fc=0x03
NORMAL tid=54 addr=3 fc=0x03
NORMAL tid=55 addr=4 fc=0x03
NORMAL tid=56 addr=5 fc=0x03
NORMAL tid=57 addr=6 fc=0x03
NORMAL tid=58 addr=7 fc=0x03
NORMAL tid=59 addr=8 fc=0x03
NORMAL tid=60 addr=9 fc=0x03
REQUESTS_SUCCESSFUL=60
REQUESTS_MISSED=0

RAW PCAP:
9f45e68ec62c78216ec579566047f73bf54153909e54aeba87131edd06b88a1b  /home/chand/otshield-bench/evidence/v06/20260922T174026Z/trial-10/delay20_jitter5_loss5/raw.pcap
NORMALIZED_RECORDS= 60

CONDITION COMPLETE:
trial=10 condition=delay20_jitter5_loss5

----------------------------------------------
TRIAL=10
CONDITION=delay40_jitter10
DELAY=40ms
JITTER=10ms
LOSS=0%
----------------------------------------------
Predeclared: openplc-v06-20260922T174026Z-t10-delay40_jitter10
Normal: 40
Anomaly: 20
3ecdd8909140dec8a4a98ac5ecb17aabbdd93d78226408657978ebbedd837712  /home/chand/otshield-bench/evidence/v06/20260922T174026Z/trial-10/delay40_jitter10/protocol.json
NETEM:
qdisc netem 8028: root refcnt 13 limit 1000 delay 40ms  10ms seed 11312287655185675965
NORMAL tid=01 addr=0 fc=0x03
NORMAL tid=02 addr=1 fc=0x03
NORMAL tid=03 addr=2 fc=0x03
NORMAL tid=04 addr=3 fc=0x03
NORMAL tid=05 addr=4 fc=0x03
NORMAL tid=06 addr=5 fc=0x03
NORMAL tid=07 addr=6 fc=0x03
NORMAL tid=08 addr=7 fc=0x03
NORMAL tid=09 addr=8 fc=0x03
NORMAL tid=10 addr=9 fc=0x03
NORMAL tid=11 addr=0 fc=0x03
NORMAL tid=12 addr=1 fc=0x03
NORMAL tid=13 addr=2 fc=0x03
NORMAL tid=14 addr=3 fc=0x03
NORMAL tid=15 addr=4 fc=0x03
NORMAL tid=16 addr=5 fc=0x03
NORMAL tid=17 addr=6 fc=0x03
NORMAL tid=18 addr=7 fc=0x03
NORMAL tid=19 addr=8 fc=0x03
NORMAL tid=20 addr=9 fc=0x03
BURST tid=21 addr=0 fc=0x03
BURST tid=22 addr=1 fc=0x03
BURST tid=23 addr=2 fc=0x03
BURST tid=24 addr=3 fc=0x03
BURST tid=25 addr=4 fc=0x03
BURST tid=26 addr=5 fc=0x03
BURST tid=27 addr=6 fc=0x03
BURST tid=28 addr=7 fc=0x03
BURST tid=29 addr=8 fc=0x03
BURST tid=30 addr=9 fc=0x03
BURST tid=31 addr=0 fc=0x03
BURST tid=32 addr=1 fc=0x03
BURST tid=33 addr=2 fc=0x03
BURST tid=34 addr=3 fc=0x03
BURST tid=35 addr=4 fc=0x03
BURST tid=36 addr=5 fc=0x03
BURST tid=37 addr=6 fc=0x03
BURST tid=38 addr=7 fc=0x03
BURST tid=39 addr=8 fc=0x03
BURST tid=40 addr=9 fc=0x03
NORMAL tid=41 addr=0 fc=0x03
NORMAL tid=42 addr=1 fc=0x03
NORMAL tid=43 addr=2 fc=0x03
NORMAL tid=44 addr=3 fc=0x03
NORMAL tid=45 addr=4 fc=0x03
NORMAL tid=46 addr=5 fc=0x03
NORMAL tid=47 addr=6 fc=0x03
NORMAL tid=48 addr=7 fc=0x03
NORMAL tid=49 addr=8 fc=0x03
NORMAL tid=50 addr=9 fc=0x03
NORMAL tid=51 addr=0 fc=0x03
NORMAL tid=52 addr=1 fc=0x03
NORMAL tid=53 addr=2 fc=0x03
NORMAL tid=54 addr=3 fc=0x03
NORMAL tid=55 addr=4 fc=0x03
NORMAL tid=56 addr=5 fc=0x03
NORMAL tid=57 addr=6 fc=0x03
NORMAL tid=58 addr=7 fc=0x03
NORMAL tid=59 addr=8 fc=0x03
NORMAL tid=60 addr=9 fc=0x03
REQUESTS_SUCCESSFUL=60
REQUESTS_MISSED=0

RAW PCAP:
77b5def77231e8ae259827d19f89447909fcddbcffb3d3869733fb6df0742aa2  /home/chand/otshield-bench/evidence/v06/20260922T174026Z/trial-10/delay40_jitter10/raw.pcap
NORMALIZED_RECORDS= 60

CONDITION COMPLETE:
trial=10 condition=delay40_jitter10

TRIAL 10 COMPLETE

##############################################
TRIAL 11 / 25
##############################################
 Network docker_otshield-ics-net Creating 
 Network docker_otshield-ics-net Creating 
 Network docker_otshield-ics-net Created 
 Network docker_otshield-ics-net Created 
 Container otshield-openplc Creating 
 Container otshield-openplc Created 
 Container otshield-openplc Starting 
 Container otshield-openplc Started 
OpenPLC: starting
OpenPLC: healthy
OPENPLC_EXPECTED_ID=7b9951f74ad03787c4f724e7c26a74d05fa6af26d646221fc136c48ae746e864
Network: docker_otshield-ics-net
Image: fortiphyd/grfics-plc:latest
Image ID: sha256:364461af6d7b56563fa6fdc6a296a2dfa6530caf07ea736bbc9a71701a360919

----------------------------------------------
TRIAL=11
CONDITION=clean
DELAY=0ms
JITTER=0ms
LOSS=0%
----------------------------------------------
Predeclared: openplc-v06-20260922T174026Z-t11-clean
Normal: 40
Anomaly: 20
cd8a83f0180b0cc547e768e24230aaa7b8f94e73c205d58525264a8482ef0592  /home/chand/otshield-bench/evidence/v06/20260922T174026Z/trial-11/clean/protocol.json
NETEM: clean
NORMAL tid=01 addr=0 fc=0x03
NORMAL tid=02 addr=1 fc=0x03
NORMAL tid=03 addr=2 fc=0x03
NORMAL tid=04 addr=3 fc=0x03
NORMAL tid=05 addr=4 fc=0x03
NORMAL tid=06 addr=5 fc=0x03
NORMAL tid=07 addr=6 fc=0x03
NORMAL tid=08 addr=7 fc=0x03
NORMAL tid=09 addr=8 fc=0x03
NORMAL tid=10 addr=9 fc=0x03
NORMAL tid=11 addr=0 fc=0x03
NORMAL tid=12 addr=1 fc=0x03
NORMAL tid=13 addr=2 fc=0x03
NORMAL tid=14 addr=3 fc=0x03
NORMAL tid=15 addr=4 fc=0x03
NORMAL tid=16 addr=5 fc=0x03
NORMAL tid=17 addr=6 fc=0x03
NORMAL tid=18 addr=7 fc=0x03
NORMAL tid=19 addr=8 fc=0x03
NORMAL tid=20 addr=9 fc=0x03
BURST tid=21 addr=0 fc=0x03
BURST tid=22 addr=1 fc=0x03
BURST tid=23 addr=2 fc=0x03
BURST tid=24 addr=3 fc=0x03
BURST tid=25 addr=4 fc=0x03
BURST tid=26 addr=5 fc=0x03
BURST tid=27 addr=6 fc=0x03
BURST tid=28 addr=7 fc=0x03
BURST tid=29 addr=8 fc=0x03
BURST tid=30 addr=9 fc=0x03
BURST tid=31 addr=0 fc=0x03
BURST tid=32 addr=1 fc=0x03
BURST tid=33 addr=2 fc=0x03
BURST tid=34 addr=3 fc=0x03
BURST tid=35 addr=4 fc=0x03
BURST tid=36 addr=5 fc=0x03
BURST tid=37 addr=6 fc=0x03
BURST tid=38 addr=7 fc=0x03
BURST tid=39 addr=8 fc=0x03
BURST tid=40 addr=9 fc=0x03
NORMAL tid=41 addr=0 fc=0x03
NORMAL tid=42 addr=1 fc=0x03
NORMAL tid=43 addr=2 fc=0x03
NORMAL tid=44 addr=3 fc=0x03
NORMAL tid=45 addr=4 fc=0x03
NORMAL tid=46 addr=5 fc=0x03
NORMAL tid=47 addr=6 fc=0x03
NORMAL tid=48 addr=7 fc=0x03
NORMAL tid=49 addr=8 fc=0x03
NORMAL tid=50 addr=9 fc=0x03
NORMAL tid=51 addr=0 fc=0x03
NORMAL tid=52 addr=1 fc=0x03
NORMAL tid=53 addr=2 fc=0x03
NORMAL tid=54 addr=3 fc=0x03
NORMAL tid=55 addr=4 fc=0x03
NORMAL tid=56 addr=5 fc=0x03
NORMAL tid=57 addr=6 fc=0x03
NORMAL tid=58 addr=7 fc=0x03
NORMAL tid=59 addr=8 fc=0x03
NORMAL tid=60 addr=9 fc=0x03
REQUESTS_SUCCESSFUL=60
REQUESTS_MISSED=0

RAW PCAP:
4678a5e7c0f459b4134ba0793aa006f8461d692df5a004c2e227dbb3b7ece8e7  /home/chand/otshield-bench/evidence/v06/20260922T174026Z/trial-11/clean/raw.pcap
NORMALIZED_RECORDS= 60

CONDITION COMPLETE:
trial=11 condition=clean

----------------------------------------------
TRIAL=11
CONDITION=delay20
DELAY=20ms
JITTER=0ms
LOSS=0%
----------------------------------------------
Predeclared: openplc-v06-20260922T174026Z-t11-delay20
Normal: 40
Anomaly: 20
2e9a521f142ec067d8969f928bbc2fec8f09e5b45a74d3aa7ee0859431515557  /home/chand/otshield-bench/evidence/v06/20260922T174026Z/trial-11/delay20/protocol.json
NETEM:
qdisc netem 8029: root refcnt 13 limit 1000 delay 20ms seed 8318053020435665687
NORMAL tid=01 addr=0 fc=0x03
NORMAL tid=02 addr=1 fc=0x03
NORMAL tid=03 addr=2 fc=0x03
NORMAL tid=04 addr=3 fc=0x03
NORMAL tid=05 addr=4 fc=0x03
NORMAL tid=06 addr=5 fc=0x03
NORMAL tid=07 addr=6 fc=0x03
NORMAL tid=08 addr=7 fc=0x03
NORMAL tid=09 addr=8 fc=0x03
NORMAL tid=10 addr=9 fc=0x03
NORMAL tid=11 addr=0 fc=0x03
NORMAL tid=12 addr=1 fc=0x03
NORMAL tid=13 addr=2 fc=0x03
NORMAL tid=14 addr=3 fc=0x03
NORMAL tid=15 addr=4 fc=0x03
NORMAL tid=16 addr=5 fc=0x03
NORMAL tid=17 addr=6 fc=0x03
NORMAL tid=18 addr=7 fc=0x03
NORMAL tid=19 addr=8 fc=0x03
NORMAL tid=20 addr=9 fc=0x03
BURST tid=21 addr=0 fc=0x03
BURST tid=22 addr=1 fc=0x03
BURST tid=23 addr=2 fc=0x03
BURST tid=24 addr=3 fc=0x03
BURST tid=25 addr=4 fc=0x03
BURST tid=26 addr=5 fc=0x03
BURST tid=27 addr=6 fc=0x03
BURST tid=28 addr=7 fc=0x03
BURST tid=29 addr=8 fc=0x03
BURST tid=30 addr=9 fc=0x03
BURST tid=31 addr=0 fc=0x03
BURST tid=32 addr=1 fc=0x03
BURST tid=33 addr=2 fc=0x03
BURST tid=34 addr=3 fc=0x03
BURST tid=35 addr=4 fc=0x03
BURST tid=36 addr=5 fc=0x03
BURST tid=37 addr=6 fc=0x03
BURST tid=38 addr=7 fc=0x03
BURST tid=39 addr=8 fc=0x03
BURST tid=40 addr=9 fc=0x03
NORMAL tid=41 addr=0 fc=0x03
NORMAL tid=42 addr=1 fc=0x03
NORMAL tid=43 addr=2 fc=0x03
NORMAL tid=44 addr=3 fc=0x03
NORMAL tid=45 addr=4 fc=0x03
NORMAL tid=46 addr=5 fc=0x03
NORMAL tid=47 addr=6 fc=0x03
NORMAL tid=48 addr=7 fc=0x03
NORMAL tid=49 addr=8 fc=0x03
NORMAL tid=50 addr=9 fc=0x03
NORMAL tid=51 addr=0 fc=0x03
NORMAL tid=52 addr=1 fc=0x03
NORMAL tid=53 addr=2 fc=0x03
NORMAL tid=54 addr=3 fc=0x03
NORMAL tid=55 addr=4 fc=0x03
NORMAL tid=56 addr=5 fc=0x03
NORMAL tid=57 addr=6 fc=0x03
NORMAL tid=58 addr=7 fc=0x03
NORMAL tid=59 addr=8 fc=0x03
NORMAL tid=60 addr=9 fc=0x03
REQUESTS_SUCCESSFUL=60
REQUESTS_MISSED=0

RAW PCAP:
9153a877e10ba9e82809f268aee49c98b126bd856c921c20db5eec9d4ca9cddb  /home/chand/otshield-bench/evidence/v06/20260922T174026Z/trial-11/delay20/raw.pcap
NORMALIZED_RECORDS= 60

CONDITION COMPLETE:
trial=11 condition=delay20

----------------------------------------------
TRIAL=11
CONDITION=delay20_jitter5_loss5
DELAY=20ms
JITTER=5ms
LOSS=5%
----------------------------------------------
Predeclared: openplc-v06-20260922T174026Z-t11-delay20_jitter5_loss5
Normal: 40
Anomaly: 20
371b12395625b9d002bf6713150e5a78d17c664da1e4b23e090ea3476b16ac2c  /home/chand/otshield-bench/evidence/v06/20260922T174026Z/trial-11/delay20_jitter5_loss5/protocol.json
NETEM:
qdisc netem 802a: root refcnt 13 limit 1000 delay 20ms  5ms loss 5% seed 5921856710409272769
NORMAL tid=01 addr=0 fc=0x03
NORMAL tid=02 addr=1 fc=0x03
NORMAL tid=03 addr=2 fc=0x03
NORMAL tid=04 addr=3 fc=0x03
NORMAL tid=05 addr=4 fc=0x03
NORMAL tid=06 addr=5 fc=0x03
NORMAL tid=07 addr=6 fc=0x03
NORMAL tid=08 addr=7 fc=0x03
NORMAL tid=09 addr=8 fc=0x03
NORMAL tid=10 addr=9 fc=0x03
NORMAL tid=11 addr=0 fc=0x03
NORMAL tid=12 addr=1 fc=0x03
NORMAL tid=13 addr=2 fc=0x03
NORMAL tid=14 addr=3 fc=0x03
NORMAL tid=15 addr=4 fc=0x03
NORMAL tid=16 addr=5 fc=0x03
NORMAL tid=17 addr=6 fc=0x03
NORMAL tid=18 addr=7 fc=0x03
NORMAL tid=19 addr=8 fc=0x03
NORMAL tid=20 addr=9 fc=0x03
BURST tid=21 addr=0 fc=0x03
BURST tid=22 addr=1 fc=0x03
BURST tid=23 addr=2 fc=0x03
BURST tid=24 addr=3 fc=0x03
BURST tid=25 addr=4 fc=0x03
BURST tid=26 addr=5 fc=0x03
BURST tid=27 addr=6 fc=0x03
BURST tid=28 addr=7 fc=0x03
BURST tid=29 addr=8 fc=0x03
BURST tid=30 addr=9 fc=0x03
BURST tid=31 addr=0 fc=0x03
BURST tid=32 addr=1 fc=0x03
BURST tid=33 addr=2 fc=0x03
BURST tid=34 addr=3 fc=0x03
BURST tid=35 addr=4 fc=0x03
BURST tid=36 addr=5 fc=0x03
BURST tid=37 addr=6 fc=0x03
BURST tid=38 addr=7 fc=0x03
BURST tid=39 addr=8 fc=0x03
BURST tid=40 addr=9 fc=0x03
NORMAL tid=41 addr=0 fc=0x03
NORMAL tid=42 addr=1 fc=0x03
NORMAL tid=43 addr=2 fc=0x03
NORMAL tid=44 addr=3 fc=0x03
NORMAL tid=45 addr=4 fc=0x03
NORMAL tid=46 addr=5 fc=0x03
NORMAL tid=47 addr=6 fc=0x03
NORMAL tid=48 addr=7 fc=0x03
NORMAL tid=49 addr=8 fc=0x03
NORMAL tid=50 addr=9 fc=0x03
NORMAL tid=51 addr=0 fc=0x03
NORMAL tid=52 addr=1 fc=0x03
NORMAL tid=53 addr=2 fc=0x03
NORMAL tid=54 addr=3 fc=0x03
NORMAL tid=55 addr=4 fc=0x03
NORMAL tid=56 addr=5 fc=0x03
NORMAL tid=57 addr=6 fc=0x03
NORMAL tid=58 addr=7 fc=0x03
NORMAL tid=59 addr=8 fc=0x03
NORMAL tid=60 addr=9 fc=0x03
REQUESTS_SUCCESSFUL=60
REQUESTS_MISSED=0

RAW PCAP:
2a46ee9b0a40e6c2ba68dc54cf4919a9fca90e1158d767ae2ce76d9d519dcff2  /home/chand/otshield-bench/evidence/v06/20260922T174026Z/trial-11/delay20_jitter5_loss5/raw.pcap
NORMALIZED_RECORDS= 60

CONDITION COMPLETE:
trial=11 condition=delay20_jitter5_loss5

----------------------------------------------
TRIAL=11
CONDITION=delay40_jitter10
DELAY=40ms
JITTER=10ms
LOSS=0%
----------------------------------------------
Predeclared: openplc-v06-20260922T174026Z-t11-delay40_jitter10
Normal: 40
Anomaly: 20
0b76b16ee8c005e1ee766c72ffa7c289111998d6c1b0aaa54997163574f9e844  /home/chand/otshield-bench/evidence/v06/20260922T174026Z/trial-11/delay40_jitter10/protocol.json
NETEM:
qdisc netem 802b: root refcnt 13 limit 1000 delay 40ms  10ms seed 5359606456106733776
NORMAL tid=01 addr=0 fc=0x03
NORMAL tid=02 addr=1 fc=0x03
NORMAL tid=03 addr=2 fc=0x03
NORMAL tid=04 addr=3 fc=0x03
NORMAL tid=05 addr=4 fc=0x03
NORMAL tid=06 addr=5 fc=0x03
NORMAL tid=07 addr=6 fc=0x03
NORMAL tid=08 addr=7 fc=0x03
NORMAL tid=09 addr=8 fc=0x03
NORMAL tid=10 addr=9 fc=0x03
NORMAL tid=11 addr=0 fc=0x03
NORMAL tid=12 addr=1 fc=0x03
NORMAL tid=13 addr=2 fc=0x03
NORMAL tid=14 addr=3 fc=0x03
NORMAL tid=15 addr=4 fc=0x03
NORMAL tid=16 addr=5 fc=0x03
NORMAL tid=17 addr=6 fc=0x03
NORMAL tid=18 addr=7 fc=0x03
NORMAL tid=19 addr=8 fc=0x03
NORMAL tid=20 addr=9 fc=0x03
BURST tid=21 addr=0 fc=0x03
BURST tid=22 addr=1 fc=0x03
BURST tid=23 addr=2 fc=0x03
BURST tid=24 addr=3 fc=0x03
BURST tid=25 addr=4 fc=0x03
BURST tid=26 addr=5 fc=0x03
BURST tid=27 addr=6 fc=0x03
BURST tid=28 addr=7 fc=0x03
BURST tid=29 addr=8 fc=0x03
BURST tid=30 addr=9 fc=0x03
BURST tid=31 addr=0 fc=0x03
BURST tid=32 addr=1 fc=0x03
BURST tid=33 addr=2 fc=0x03
BURST tid=34 addr=3 fc=0x03
BURST tid=35 addr=4 fc=0x03
BURST tid=36 addr=5 fc=0x03
BURST tid=37 addr=6 fc=0x03
BURST tid=38 addr=7 fc=0x03
BURST tid=39 addr=8 fc=0x03
BURST tid=40 addr=9 fc=0x03
NORMAL tid=41 addr=0 fc=0x03
NORMAL tid=42 addr=1 fc=0x03
NORMAL tid=43 addr=2 fc=0x03
NORMAL tid=44 addr=3 fc=0x03
NORMAL tid=45 addr=4 fc=0x03
NORMAL tid=46 addr=5 fc=0x03
NORMAL tid=47 addr=6 fc=0x03
NORMAL tid=48 addr=7 fc=0x03
NORMAL tid=49 addr=8 fc=0x03
NORMAL tid=50 addr=9 fc=0x03
NORMAL tid=51 addr=0 fc=0x03
NORMAL tid=52 addr=1 fc=0x03
NORMAL tid=53 addr=2 fc=0x03
NORMAL tid=54 addr=3 fc=0x03
NORMAL tid=55 addr=4 fc=0x03
NORMAL tid=56 addr=5 fc=0x03
NORMAL tid=57 addr=6 fc=0x03
NORMAL tid=58 addr=7 fc=0x03
NORMAL tid=59 addr=8 fc=0x03
NORMAL tid=60 addr=9 fc=0x03
REQUESTS_SUCCESSFUL=60
REQUESTS_MISSED=0

RAW PCAP:
d1f2a245146ed7d041d832161f3f894bdf444f34c87474818649b2bedd32821a  /home/chand/otshield-bench/evidence/v06/20260922T174026Z/trial-11/delay40_jitter10/raw.pcap
NORMALIZED_RECORDS= 60

CONDITION COMPLETE:
trial=11 condition=delay40_jitter10

----------------------------------------------
TRIAL=11
CONDITION=delay60_jitter10
DELAY=60ms
JITTER=10ms
LOSS=0%
----------------------------------------------
Predeclared: openplc-v06-20260922T174026Z-t11-delay60_jitter10
Normal: 40
Anomaly: 20
e8001f63483b987630f4a1de595b795be40606a17c405227b627cffd7927e8fe  /home/chand/otshield-bench/evidence/v06/20260922T174026Z/trial-11/delay60_jitter10/protocol.json
NETEM:
qdisc netem 802c: root refcnt 13 limit 1000 delay 60ms  10ms seed 6967229721723879816
NORMAL tid=01 addr=0 fc=0x03
NORMAL tid=02 addr=1 fc=0x03
NORMAL tid=03 addr=2 fc=0x03
NORMAL tid=04 addr=3 fc=0x03
NORMAL tid=05 addr=4 fc=0x03
NORMAL tid=06 addr=5 fc=0x03
NORMAL tid=07 addr=6 fc=0x03
NORMAL tid=08 addr=7 fc=0x03
NORMAL tid=09 addr=8 fc=0x03
NORMAL tid=10 addr=9 fc=0x03
NORMAL tid=11 addr=0 fc=0x03
NORMAL tid=12 addr=1 fc=0x03
NORMAL tid=13 addr=2 fc=0x03
NORMAL tid=14 addr=3 fc=0x03
NORMAL tid=15 addr=4 fc=0x03
NORMAL tid=16 addr=5 fc=0x03
NORMAL tid=17 addr=6 fc=0x03
NORMAL tid=18 addr=7 fc=0x03
NORMAL tid=19 addr=8 fc=0x03
NORMAL tid=20 addr=9 fc=0x03
BURST tid=21 addr=0 fc=0x03
BURST tid=22 addr=1 fc=0x03
BURST tid=23 addr=2 fc=0x03
BURST tid=24 addr=3 fc=0x03
BURST tid=25 addr=4 fc=0x03
BURST tid=26 addr=5 fc=0x03
BURST tid=27 addr=6 fc=0x03
BURST tid=28 addr=7 fc=0x03
BURST tid=29 addr=8 fc=0x03
BURST tid=30 addr=9 fc=0x03
BURST tid=31 addr=0 fc=0x03
BURST tid=32 addr=1 fc=0x03
BURST tid=33 addr=2 fc=0x03
BURST tid=34 addr=3 fc=0x03
BURST tid=35 addr=4 fc=0x03
BURST tid=36 addr=5 fc=0x03
BURST tid=37 addr=6 fc=0x03
BURST tid=38 addr=7 fc=0x03
BURST tid=39 addr=8 fc=0x03
BURST tid=40 addr=9 fc=0x03
NORMAL tid=41 addr=0 fc=0x03
NORMAL tid=42 addr=1 fc=0x03
NORMAL tid=43 addr=2 fc=0x03
NORMAL tid=44 addr=3 fc=0x03
NORMAL tid=45 addr=4 fc=0x03
NORMAL tid=46 addr=5 fc=0x03
NORMAL tid=47 addr=6 fc=0x03
NORMAL tid=48 addr=7 fc=0x03
NORMAL tid=49 addr=8 fc=0x03
NORMAL tid=50 addr=9 fc=0x03
NORMAL tid=51 addr=0 fc=0x03
NORMAL tid=52 addr=1 fc=0x03
NORMAL tid=53 addr=2 fc=0x03
NORMAL tid=54 addr=3 fc=0x03
NORMAL tid=55 addr=4 fc=0x03
NORMAL tid=56 addr=5 fc=0x03
NORMAL tid=57 addr=6 fc=0x03
NORMAL tid=58 addr=7 fc=0x03
NORMAL tid=59 addr=8 fc=0x03
NORMAL tid=60 addr=9 fc=0x03
REQUESTS_SUCCESSFUL=60
REQUESTS_MISSED=0

RAW PCAP:
36f72356ab6504a02e1b39cfd8ffeb3184f9d62d0329da160fd32cb1c5d2e7b2  /home/chand/otshield-bench/evidence/v06/20260922T174026Z/trial-11/delay60_jitter10/raw.pcap
NORMALIZED_RECORDS= 60

CONDITION COMPLETE:
trial=11 condition=delay60_jitter10

TRIAL 11 COMPLETE

##############################################
TRIAL 12 / 25
##############################################
 Network docker_otshield-ics-net Creating 
 Network docker_otshield-ics-net Creating 
 Network docker_otshield-ics-net Created 
 Network docker_otshield-ics-net Created 
 Container otshield-openplc Creating 
 Container otshield-openplc Created 
 Container otshield-openplc Starting 
 Container otshield-openplc Started 
OpenPLC: starting
OpenPLC: healthy
OPENPLC_EXPECTED_ID=4737b28ac3e2320f81bb7e3ec9a447a7d2dbb44fe47b3bb1d74b7c4c518005a0
Network: docker_otshield-ics-net
Image: fortiphyd/grfics-plc:latest
Image ID: sha256:364461af6d7b56563fa6fdc6a296a2dfa6530caf07ea736bbc9a71701a360919

----------------------------------------------
TRIAL=12
CONDITION=delay20
DELAY=20ms
JITTER=0ms
LOSS=0%
----------------------------------------------
Predeclared: openplc-v06-20260922T174026Z-t12-delay20
Normal: 40
Anomaly: 20
89329f168fba8c97a5f29a1b14cc340e68b20c3cbddd15bb660e802826f6fdfb  /home/chand/otshield-bench/evidence/v06/20260922T174026Z/trial-12/delay20/protocol.json
NETEM:
qdisc netem 802d: root refcnt 13 limit 1000 delay 20ms seed 6537324708559283441
NORMAL tid=01 addr=0 fc=0x03
NORMAL tid=02 addr=1 fc=0x03
NORMAL tid=03 addr=2 fc=0x03
NORMAL tid=04 addr=3 fc=0x03
NORMAL tid=05 addr=4 fc=0x03
NORMAL tid=06 addr=5 fc=0x03
NORMAL tid=07 addr=6 fc=0x03
NORMAL tid=08 addr=7 fc=0x03
NORMAL tid=09 addr=8 fc=0x03
NORMAL tid=10 addr=9 fc=0x03
NORMAL tid=11 addr=0 fc=0x03
NORMAL tid=12 addr=1 fc=0x03
NORMAL tid=13 addr=2 fc=0x03
NORMAL tid=14 addr=3 fc=0x03
NORMAL tid=15 addr=4 fc=0x03
NORMAL tid=16 addr=5 fc=0x03
NORMAL tid=17 addr=6 fc=0x03
NORMAL tid=18 addr=7 fc=0x03
NORMAL tid=19 addr=8 fc=0x03
NORMAL tid=20 addr=9 fc=0x03
BURST tid=21 addr=0 fc=0x03
BURST tid=22 addr=1 fc=0x03
BURST tid=23 addr=2 fc=0x03
BURST tid=24 addr=3 fc=0x03
BURST tid=25 addr=4 fc=0x03
BURST tid=26 addr=5 fc=0x03
BURST tid=27 addr=6 fc=0x03
BURST tid=28 addr=7 fc=0x03
BURST tid=29 addr=8 fc=0x03
BURST tid=30 addr=9 fc=0x03
BURST tid=31 addr=0 fc=0x03
BURST tid=32 addr=1 fc=0x03
BURST tid=33 addr=2 fc=0x03
BURST tid=34 addr=3 fc=0x03
BURST tid=35 addr=4 fc=0x03
BURST tid=36 addr=5 fc=0x03
BURST tid=37 addr=6 fc=0x03
BURST tid=38 addr=7 fc=0x03
BURST tid=39 addr=8 fc=0x03
BURST tid=40 addr=9 fc=0x03
NORMAL tid=41 addr=0 fc=0x03
NORMAL tid=42 addr=1 fc=0x03
NORMAL tid=43 addr=2 fc=0x03
NORMAL tid=44 addr=3 fc=0x03
NORMAL tid=45 addr=4 fc=0x03
NORMAL tid=46 addr=5 fc=0x03
NORMAL tid=47 addr=6 fc=0x03
NORMAL tid=48 addr=7 fc=0x03
NORMAL tid=49 addr=8 fc=0x03
NORMAL tid=50 addr=9 fc=0x03
NORMAL tid=51 addr=0 fc=0x03
NORMAL tid=52 addr=1 fc=0x03
NORMAL tid=53 addr=2 fc=0x03
NORMAL tid=54 addr=3 fc=0x03
NORMAL tid=55 addr=4 fc=0x03
NORMAL tid=56 addr=5 fc=0x03
NORMAL tid=57 addr=6 fc=0x03
NORMAL tid=58 addr=7 fc=0x03
NORMAL tid=59 addr=8 fc=0x03
NORMAL tid=60 addr=9 fc=0x03
REQUESTS_SUCCESSFUL=60
REQUESTS_MISSED=0

RAW PCAP:
e1d25a19b6896d3697548662696fb14307efb5015427329cd682cad02d4380ab  /home/chand/otshield-bench/evidence/v06/20260922T174026Z/trial-12/delay20/raw.pcap
NORMALIZED_RECORDS= 60

CONDITION COMPLETE:
trial=12 condition=delay20

----------------------------------------------
TRIAL=12
CONDITION=delay20_jitter5_loss5
DELAY=20ms
JITTER=5ms
LOSS=5%
----------------------------------------------
Predeclared: openplc-v06-20260922T174026Z-t12-delay20_jitter5_loss5
Normal: 40
Anomaly: 20
ec7bd1bf6ee4f6332d8490c92d72680a58b9301c991c0d0ea845bc7b7a115ec5  /home/chand/otshield-bench/evidence/v06/20260922T174026Z/trial-12/delay20_jitter5_loss5/protocol.json
NETEM:
qdisc netem 802e: root refcnt 13 limit 1000 delay 20ms  5ms loss 5% seed 14397235448136118786
NORMAL tid=01 addr=0 fc=0x03
NORMAL tid=02 addr=1 fc=0x03
NORMAL tid=03 addr=2 fc=0x03
NORMAL tid=04 addr=3 fc=0x03
NORMAL tid=05 addr=4 fc=0x03
NORMAL tid=06 addr=5 fc=0x03
NORMAL tid=07 addr=6 fc=0x03
NORMAL tid=08 addr=7 fc=0x03
NORMAL tid=09 addr=8 fc=0x03
NORMAL tid=10 addr=9 fc=0x03
NORMAL tid=11 addr=0 fc=0x03
NORMAL tid=12 addr=1 fc=0x03
NORMAL tid=13 addr=2 fc=0x03
NORMAL tid=14 addr=3 fc=0x03
NORMAL tid=15 addr=4 fc=0x03
NORMAL tid=16 addr=5 fc=0x03
NORMAL tid=17 addr=6 fc=0x03
NORMAL tid=18 addr=7 fc=0x03
NORMAL tid=19 addr=8 fc=0x03
NORMAL tid=20 addr=9 fc=0x03
BURST tid=21 addr=0 fc=0x03
BURST tid=22 addr=1 fc=0x03
BURST tid=23 addr=2 fc=0x03
BURST tid=24 addr=3 fc=0x03
BURST tid=25 addr=4 fc=0x03
BURST tid=26 addr=5 fc=0x03
BURST tid=27 addr=6 fc=0x03
BURST tid=28 addr=7 fc=0x03
BURST tid=29 addr=8 fc=0x03
BURST tid=30 addr=9 fc=0x03
BURST tid=31 addr=0 fc=0x03
BURST tid=32 addr=1 fc=0x03
BURST tid=33 addr=2 fc=0x03
BURST tid=34 addr=3 fc=0x03
BURST tid=35 addr=4 fc=0x03
BURST tid=36 addr=5 fc=0x03
BURST tid=37 addr=6 fc=0x03
BURST tid=38 addr=7 fc=0x03
BURST tid=39 addr=8 fc=0x03
BURST tid=40 addr=9 fc=0x03
NORMAL tid=41 addr=0 fc=0x03
NORMAL tid=42 addr=1 fc=0x03
NORMAL tid=43 addr=2 fc=0x03
NORMAL tid=44 addr=3 fc=0x03
NORMAL tid=45 addr=4 fc=0x03
NORMAL tid=46 addr=5 fc=0x03
NORMAL tid=47 addr=6 fc=0x03
NORMAL tid=48 addr=7 fc=0x03
NORMAL tid=49 addr=8 fc=0x03
NORMAL tid=50 addr=9 fc=0x03
NORMAL tid=51 addr=0 fc=0x03
NORMAL tid=52 addr=1 fc=0x03
NORMAL tid=53 addr=2 fc=0x03
NORMAL tid=54 addr=3 fc=0x03
NORMAL tid=55 addr=4 fc=0x03
NORMAL tid=56 addr=5 fc=0x03
NORMAL tid=57 addr=6 fc=0x03
NORMAL tid=58 addr=7 fc=0x03
NORMAL tid=59 addr=8 fc=0x03
NORMAL tid=60 addr=9 fc=0x03
REQUESTS_SUCCESSFUL=60
REQUESTS_MISSED=0

RAW PCAP:
dfc62a37c3ea78ad124120acfcd57e25cc53df17459331d3500e22e74ead2c4a  /home/chand/otshield-bench/evidence/v06/20260922T174026Z/trial-12/delay20_jitter5_loss5/raw.pcap
NORMALIZED_RECORDS= 60

CONDITION COMPLETE:
trial=12 condition=delay20_jitter5_loss5

----------------------------------------------
TRIAL=12
CONDITION=delay40_jitter10
DELAY=40ms
JITTER=10ms
LOSS=0%
----------------------------------------------
Predeclared: openplc-v06-20260922T174026Z-t12-delay40_jitter10
Normal: 40
Anomaly: 20
c887da8f04a2ce43ac9e06cfcb3da1862678b28cb6dc8b987143a689418f649b  /home/chand/otshield-bench/evidence/v06/20260922T174026Z/trial-12/delay40_jitter10/protocol.json
NETEM:
qdisc netem 802f: root refcnt 13 limit 1000 delay 40ms  10ms seed 3550712769879405501
NORMAL tid=01 addr=0 fc=0x03
NORMAL tid=02 addr=1 fc=0x03
NORMAL tid=03 addr=2 fc=0x03
NORMAL tid=04 addr=3 fc=0x03
NORMAL tid=05 addr=4 fc=0x03
NORMAL tid=06 addr=5 fc=0x03
NORMAL tid=07 addr=6 fc=0x03
NORMAL tid=08 addr=7 fc=0x03
NORMAL tid=09 addr=8 fc=0x03
NORMAL tid=10 addr=9 fc=0x03
NORMAL tid=11 addr=0 fc=0x03
NORMAL tid=12 addr=1 fc=0x03
NORMAL tid=13 addr=2 fc=0x03
NORMAL tid=14 addr=3 fc=0x03
NORMAL tid=15 addr=4 fc=0x03
NORMAL tid=16 addr=5 fc=0x03
NORMAL tid=17 addr=6 fc=0x03
NORMAL tid=18 addr=7 fc=0x03
NORMAL tid=19 addr=8 fc=0x03
NORMAL tid=20 addr=9 fc=0x03
BURST tid=21 addr=0 fc=0x03
BURST tid=22 addr=1 fc=0x03
BURST tid=23 addr=2 fc=0x03
BURST tid=24 addr=3 fc=0x03
BURST tid=25 addr=4 fc=0x03
BURST tid=26 addr=5 fc=0x03
BURST tid=27 addr=6 fc=0x03
BURST tid=28 addr=7 fc=0x03
BURST tid=29 addr=8 fc=0x03
BURST tid=30 addr=9 fc=0x03
BURST tid=31 addr=0 fc=0x03
BURST tid=32 addr=1 fc=0x03
BURST tid=33 addr=2 fc=0x03
BURST tid=34 addr=3 fc=0x03
BURST tid=35 addr=4 fc=0x03
BURST tid=36 addr=5 fc=0x03
BURST tid=37 addr=6 fc=0x03
BURST tid=38 addr=7 fc=0x03
BURST tid=39 addr=8 fc=0x03
BURST tid=40 addr=9 fc=0x03
NORMAL tid=41 addr=0 fc=0x03
NORMAL tid=42 addr=1 fc=0x03
NORMAL tid=43 addr=2 fc=0x03
NORMAL tid=44 addr=3 fc=0x03
NORMAL tid=45 addr=4 fc=0x03
NORMAL tid=46 addr=5 fc=0x03
NORMAL tid=47 addr=6 fc=0x03
NORMAL tid=48 addr=7 fc=0x03
NORMAL tid=49 addr=8 fc=0x03
NORMAL tid=50 addr=9 fc=0x03
NORMAL tid=51 addr=0 fc=0x03
NORMAL tid=52 addr=1 fc=0x03
NORMAL tid=53 addr=2 fc=0x03
NORMAL tid=54 addr=3 fc=0x03
NORMAL tid=55 addr=4 fc=0x03
NORMAL tid=56 addr=5 fc=0x03
NORMAL tid=57 addr=6 fc=0x03
NORMAL tid=58 addr=7 fc=0x03
NORMAL tid=59 addr=8 fc=0x03
NORMAL tid=60 addr=9 fc=0x03
REQUESTS_SUCCESSFUL=60
REQUESTS_MISSED=0

RAW PCAP:
3adef247247a5183506abd89d7a56934399fad1b55007fafebf5b4208b88d855  /home/chand/otshield-bench/evidence/v06/20260922T174026Z/trial-12/delay40_jitter10/raw.pcap
NORMALIZED_RECORDS= 60

CONDITION COMPLETE:
trial=12 condition=delay40_jitter10

----------------------------------------------
TRIAL=12
CONDITION=delay60_jitter10
DELAY=60ms
JITTER=10ms
LOSS=0%
----------------------------------------------
Predeclared: openplc-v06-20260922T174026Z-t12-delay60_jitter10
Normal: 40
Anomaly: 20
76fbec9e7fddea6f7624e91a463e2916fc7cb07d1c46765ed17b55c9f289a9a9  /home/chand/otshield-bench/evidence/v06/20260922T174026Z/trial-12/delay60_jitter10/protocol.json
NETEM:
qdisc netem 8030: root refcnt 13 limit 1000 delay 60ms  10ms seed 16232687446600426000
NORMAL tid=01 addr=0 fc=0x03
NORMAL tid=02 addr=1 fc=0x03
NORMAL tid=03 addr=2 fc=0x03
NORMAL tid=04 addr=3 fc=0x03
NORMAL tid=05 addr=4 fc=0x03
NORMAL tid=06 addr=5 fc=0x03
NORMAL tid=07 addr=6 fc=0x03
NORMAL tid=08 addr=7 fc=0x03
NORMAL tid=09 addr=8 fc=0x03
NORMAL tid=10 addr=9 fc=0x03
NORMAL tid=11 addr=0 fc=0x03
NORMAL tid=12 addr=1 fc=0x03
NORMAL tid=13 addr=2 fc=0x03
NORMAL tid=14 addr=3 fc=0x03
NORMAL tid=15 addr=4 fc=0x03
NORMAL tid=16 addr=5 fc=0x03
NORMAL tid=17 addr=6 fc=0x03
NORMAL tid=18 addr=7 fc=0x03
NORMAL tid=19 addr=8 fc=0x03
NORMAL tid=20 addr=9 fc=0x03
BURST tid=21 addr=0 fc=0x03
BURST tid=22 addr=1 fc=0x03
BURST tid=23 addr=2 fc=0x03
BURST tid=24 addr=3 fc=0x03
BURST tid=25 addr=4 fc=0x03
BURST tid=26 addr=5 fc=0x03
BURST tid=27 addr=6 fc=0x03
BURST tid=28 addr=7 fc=0x03
BURST tid=29 addr=8 fc=0x03
BURST tid=30 addr=9 fc=0x03
BURST tid=31 addr=0 fc=0x03
BURST tid=32 addr=1 fc=0x03
BURST tid=33 addr=2 fc=0x03
BURST tid=34 addr=3 fc=0x03
BURST tid=35 addr=4 fc=0x03
BURST tid=36 addr=5 fc=0x03
BURST tid=37 addr=6 fc=0x03
BURST tid=38 addr=7 fc=0x03
BURST tid=39 addr=8 fc=0x03
BURST tid=40 addr=9 fc=0x03
NORMAL tid=41 addr=0 fc=0x03
NORMAL tid=42 addr=1 fc=0x03
NORMAL tid=43 addr=2 fc=0x03
NORMAL tid=44 addr=3 fc=0x03
NORMAL tid=45 addr=4 fc=0x03
NORMAL tid=46 addr=5 fc=0x03
NORMAL tid=47 addr=6 fc=0x03
NORMAL tid=48 addr=7 fc=0x03
NORMAL tid=49 addr=8 fc=0x03
NORMAL tid=50 addr=9 fc=0x03
NORMAL tid=51 addr=0 fc=0x03
NORMAL tid=52 addr=1 fc=0x03
NORMAL tid=53 addr=2 fc=0x03
NORMAL tid=54 addr=3 fc=0x03
NORMAL tid=55 addr=4 fc=0x03
NORMAL tid=56 addr=5 fc=0x03
NORMAL tid=57 addr=6 fc=0x03
NORMAL tid=58 addr=7 fc=0x03
NORMAL tid=59 addr=8 fc=0x03
NORMAL tid=60 addr=9 fc=0x03
REQUESTS_SUCCESSFUL=60
REQUESTS_MISSED=0

RAW PCAP:
506f9bae5a13b704e3495582b1538dbda7b5f50ba8e51f91b46a0c97f9448f89  /home/chand/otshield-bench/evidence/v06/20260922T174026Z/trial-12/delay60_jitter10/raw.pcap
NORMALIZED_RECORDS= 60

CONDITION COMPLETE:
trial=12 condition=delay60_jitter10

----------------------------------------------
TRIAL=12
CONDITION=clean
DELAY=0ms
JITTER=0ms
LOSS=0%
----------------------------------------------
Predeclared: openplc-v06-20260922T174026Z-t12-clean
Normal: 40
Anomaly: 20
a21adbc41cddedf2247f80ffd397e4af848d170e394cde9bb65966a12e000b08  /home/chand/otshield-bench/evidence/v06/20260922T174026Z/trial-12/clean/protocol.json
NETEM: clean
NORMAL tid=01 addr=0 fc=0x03
NORMAL tid=02 addr=1 fc=0x03
NORMAL tid=03 addr=2 fc=0x03
NORMAL tid=04 addr=3 fc=0x03
NORMAL tid=05 addr=4 fc=0x03
NORMAL tid=06 addr=5 fc=0x03
NORMAL tid=07 addr=6 fc=0x03
NORMAL tid=08 addr=7 fc=0x03
NORMAL tid=09 addr=8 fc=0x03
NORMAL tid=10 addr=9 fc=0x03
NORMAL tid=11 addr=0 fc=0x03
NORMAL tid=12 addr=1 fc=0x03
NORMAL tid=13 addr=2 fc=0x03
NORMAL tid=14 addr=3 fc=0x03
NORMAL tid=15 addr=4 fc=0x03
NORMAL tid=16 addr=5 fc=0x03
NORMAL tid=17 addr=6 fc=0x03
NORMAL tid=18 addr=7 fc=0x03
NORMAL tid=19 addr=8 fc=0x03
NORMAL tid=20 addr=9 fc=0x03
BURST tid=21 addr=0 fc=0x03
BURST tid=22 addr=1 fc=0x03
BURST tid=23 addr=2 fc=0x03
BURST tid=24 addr=3 fc=0x03
BURST tid=25 addr=4 fc=0x03
BURST tid=26 addr=5 fc=0x03
BURST tid=27 addr=6 fc=0x03
BURST tid=28 addr=7 fc=0x03
BURST tid=29 addr=8 fc=0x03
BURST tid=30 addr=9 fc=0x03
BURST tid=31 addr=0 fc=0x03
BURST tid=32 addr=1 fc=0x03
BURST tid=33 addr=2 fc=0x03
BURST tid=34 addr=3 fc=0x03
BURST tid=35 addr=4 fc=0x03
BURST tid=36 addr=5 fc=0x03
BURST tid=37 addr=6 fc=0x03
BURST tid=38 addr=7 fc=0x03
BURST tid=39 addr=8 fc=0x03
BURST tid=40 addr=9 fc=0x03
NORMAL tid=41 addr=0 fc=0x03
NORMAL tid=42 addr=1 fc=0x03
NORMAL tid=43 addr=2 fc=0x03
NORMAL tid=44 addr=3 fc=0x03
NORMAL tid=45 addr=4 fc=0x03
NORMAL tid=46 addr=5 fc=0x03
NORMAL tid=47 addr=6 fc=0x03
NORMAL tid=48 addr=7 fc=0x03
NORMAL tid=49 addr=8 fc=0x03
NORMAL tid=50 addr=9 fc=0x03
NORMAL tid=51 addr=0 fc=0x03
NORMAL tid=52 addr=1 fc=0x03
NORMAL tid=53 addr=2 fc=0x03
NORMAL tid=54 addr=3 fc=0x03
NORMAL tid=55 addr=4 fc=0x03
NORMAL tid=56 addr=5 fc=0x03
NORMAL tid=57 addr=6 fc=0x03
NORMAL tid=58 addr=7 fc=0x03
NORMAL tid=59 addr=8 fc=0x03
NORMAL tid=60 addr=9 fc=0x03
REQUESTS_SUCCESSFUL=60
REQUESTS_MISSED=0

RAW PCAP:
e18671e922b529cd1ea073964fdd0d5fc043e0a4b48385b09ae557e05ec4e4d3  /home/chand/otshield-bench/evidence/v06/20260922T174026Z/trial-12/clean/raw.pcap
NORMALIZED_RECORDS= 60

CONDITION COMPLETE:
trial=12 condition=clean

TRIAL 12 COMPLETE

##############################################
TRIAL 13 / 25
##############################################
 Network docker_otshield-ics-net Creating 
 Network docker_otshield-ics-net Creating 
 Network docker_otshield-ics-net Created 
 Network docker_otshield-ics-net Created 
 Container otshield-openplc Creating 
 Container otshield-openplc Created 
 Container otshield-openplc Starting 
 Container otshield-openplc Started 
OpenPLC: starting
OpenPLC: healthy
OPENPLC_EXPECTED_ID=c4f9fbe9d4bae32c423b9efc47fd0e635b70dbab87a1f389f89049805d58c1a1
Network: docker_otshield-ics-net
Image: fortiphyd/grfics-plc:latest
Image ID: sha256:364461af6d7b56563fa6fdc6a296a2dfa6530caf07ea736bbc9a71701a360919

----------------------------------------------
TRIAL=13
CONDITION=delay20_jitter5_loss5
DELAY=20ms
JITTER=5ms
LOSS=5%
----------------------------------------------
Predeclared: openplc-v06-20260922T174026Z-t13-delay20_jitter5_loss5
Normal: 40
Anomaly: 20
081c68ceda80564f8c56bef6a9b60a2ec424119752c6434284ebb3467ce6ba05  /home/chand/otshield-bench/evidence/v06/20260922T174026Z/trial-13/delay20_jitter5_loss5/protocol.json
NETEM:
qdisc netem 8031: root refcnt 13 limit 1000 delay 20ms  5ms loss 5% seed 11817800755073980164
NORMAL tid=01 addr=0 fc=0x03
NORMAL tid=02 addr=1 fc=0x03
NORMAL tid=03 addr=2 fc=0x03
NORMAL tid=04 addr=3 fc=0x03
NORMAL tid=05 addr=4 fc=0x03
NORMAL tid=06 addr=5 fc=0x03
NORMAL tid=07 addr=6 fc=0x03
NORMAL tid=08 addr=7 fc=0x03
NORMAL tid=09 addr=8 fc=0x03
NORMAL tid=10 addr=9 fc=0x03
NORMAL tid=11 addr=0 fc=0x03
NORMAL tid=12 addr=1 fc=0x03
NORMAL tid=13 addr=2 fc=0x03
NORMAL tid=14 addr=3 fc=0x03
NORMAL tid=15 addr=4 fc=0x03
NORMAL tid=16 addr=5 fc=0x03
NORMAL tid=17 addr=6 fc=0x03
NORMAL tid=18 addr=7 fc=0x03
NORMAL tid=19 addr=8 fc=0x03
NORMAL tid=20 addr=9 fc=0x03
BURST tid=21 addr=0 fc=0x03
BURST tid=22 addr=1 fc=0x03
BURST tid=23 addr=2 fc=0x03
BURST tid=24 addr=3 fc=0x03
BURST tid=25 addr=4 fc=0x03
BURST tid=26 addr=5 fc=0x03
BURST tid=27 addr=6 fc=0x03
BURST tid=28 addr=7 fc=0x03
BURST tid=29 addr=8 fc=0x03
BURST tid=30 addr=9 fc=0x03
BURST tid=31 addr=0 fc=0x03
BURST tid=32 addr=1 fc=0x03
BURST tid=33 addr=2 fc=0x03
BURST tid=34 addr=3 fc=0x03
BURST tid=35 addr=4 fc=0x03
BURST tid=36 addr=5 fc=0x03
BURST tid=37 addr=6 fc=0x03
BURST tid=38 addr=7 fc=0x03
BURST tid=39 addr=8 fc=0x03
BURST tid=40 addr=9 fc=0x03
NORMAL tid=41 addr=0 fc=0x03
NORMAL tid=42 addr=1 fc=0x03
NORMAL tid=43 addr=2 fc=0x03
NORMAL tid=44 addr=3 fc=0x03
NORMAL tid=45 addr=4 fc=0x03
NORMAL tid=46 addr=5 fc=0x03
NORMAL tid=47 addr=6 fc=0x03
NORMAL tid=48 addr=7 fc=0x03
NORMAL tid=49 addr=8 fc=0x03
NORMAL tid=50 addr=9 fc=0x03
NORMAL tid=51 addr=0 fc=0x03
NORMAL tid=52 addr=1 fc=0x03
NORMAL tid=53 addr=2 fc=0x03
NORMAL tid=54 addr=3 fc=0x03
NORMAL tid=55 addr=4 fc=0x03
NORMAL tid=56 addr=5 fc=0x03
NORMAL tid=57 addr=6 fc=0x03
NORMAL tid=58 addr=7 fc=0x03
NORMAL tid=59 addr=8 fc=0x03
NORMAL tid=60 addr=9 fc=0x03
REQUESTS_SUCCESSFUL=60
REQUESTS_MISSED=0

RAW PCAP:
210ca3d4c57d854edacb4d2473c62d4c2d3889748297259f04b4b23e8471e804  /home/chand/otshield-bench/evidence/v06/20260922T174026Z/trial-13/delay20_jitter5_loss5/raw.pcap
NORMALIZED_RECORDS= 60

CONDITION COMPLETE:
trial=13 condition=delay20_jitter5_loss5

----------------------------------------------
TRIAL=13
CONDITION=delay40_jitter10
DELAY=40ms
JITTER=10ms
LOSS=0%
----------------------------------------------
Predeclared: openplc-v06-20260922T174026Z-t13-delay40_jitter10
Normal: 40
Anomaly: 20
274b5e98544943f2c3774819c28c8ad8aa9b022077acd8edc2efa5b934b7856e  /home/chand/otshield-bench/evidence/v06/20260922T174026Z/trial-13/delay40_jitter10/protocol.json
NETEM:
qdisc netem 8032: root refcnt 13 limit 1000 delay 40ms  10ms seed 8793535861768275211
NORMAL tid=01 addr=0 fc=0x03
NORMAL tid=02 addr=1 fc=0x03
NORMAL tid=03 addr=2 fc=0x03
NORMAL tid=04 addr=3 fc=0x03
NORMAL tid=05 addr=4 fc=0x03
NORMAL tid=06 addr=5 fc=0x03
NORMAL tid=07 addr=6 fc=0x03
NORMAL tid=08 addr=7 fc=0x03
NORMAL tid=09 addr=8 fc=0x03
NORMAL tid=10 addr=9 fc=0x03
NORMAL tid=11 addr=0 fc=0x03
NORMAL tid=12 addr=1 fc=0x03
NORMAL tid=13 addr=2 fc=0x03
NORMAL tid=14 addr=3 fc=0x03
NORMAL tid=15 addr=4 fc=0x03
NORMAL tid=16 addr=5 fc=0x03
NORMAL tid=17 addr=6 fc=0x03
NORMAL tid=18 addr=7 fc=0x03
NORMAL tid=19 addr=8 fc=0x03
NORMAL tid=20 addr=9 fc=0x03
BURST tid=21 addr=0 fc=0x03
BURST tid=22 addr=1 fc=0x03
BURST tid=23 addr=2 fc=0x03
BURST tid=24 addr=3 fc=0x03
BURST tid=25 addr=4 fc=0x03
BURST tid=26 addr=5 fc=0x03
BURST tid=27 addr=6 fc=0x03
BURST tid=28 addr=7 fc=0x03
BURST tid=29 addr=8 fc=0x03
BURST tid=30 addr=9 fc=0x03
BURST tid=31 addr=0 fc=0x03
BURST tid=32 addr=1 fc=0x03
BURST tid=33 addr=2 fc=0x03
BURST tid=34 addr=3 fc=0x03
BURST tid=35 addr=4 fc=0x03
BURST tid=36 addr=5 fc=0x03
BURST tid=37 addr=6 fc=0x03
BURST tid=38 addr=7 fc=0x03
BURST tid=39 addr=8 fc=0x03
BURST tid=40 addr=9 fc=0x03
NORMAL tid=41 addr=0 fc=0x03
NORMAL tid=42 addr=1 fc=0x03
NORMAL tid=43 addr=2 fc=0x03
NORMAL tid=44 addr=3 fc=0x03
NORMAL tid=45 addr=4 fc=0x03
NORMAL tid=46 addr=5 fc=0x03
NORMAL tid=47 addr=6 fc=0x03
NORMAL tid=48 addr=7 fc=0x03
NORMAL tid=49 addr=8 fc=0x03
NORMAL tid=50 addr=9 fc=0x03
NORMAL tid=51 addr=0 fc=0x03
NORMAL tid=52 addr=1 fc=0x03
NORMAL tid=53 addr=2 fc=0x03
NORMAL tid=54 addr=3 fc=0x03
NORMAL tid=55 addr=4 fc=0x03
NORMAL tid=56 addr=5 fc=0x03
NORMAL tid=57 addr=6 fc=0x03
NORMAL tid=58 addr=7 fc=0x03
NORMAL tid=59 addr=8 fc=0x03
NORMAL tid=60 addr=9 fc=0x03
REQUESTS_SUCCESSFUL=60
REQUESTS_MISSED=0

RAW PCAP:
2abfe7ac3cda72ee84b0143170cda7e8cc6e4603489032b056e963da32e06af1  /home/chand/otshield-bench/evidence/v06/20260922T174026Z/trial-13/delay40_jitter10/raw.pcap
NORMALIZED_RECORDS= 60

CONDITION COMPLETE:
trial=13 condition=delay40_jitter10

----------------------------------------------
TRIAL=13
CONDITION=delay60_jitter10
DELAY=60ms
JITTER=10ms
LOSS=0%
----------------------------------------------
Predeclared: openplc-v06-20260922T174026Z-t13-delay60_jitter10
Normal: 40
Anomaly: 20
c742088fd2bcc2b568ede6545c3040288a00f108a8fde195154d389526e1b3aa  /home/chand/otshield-bench/evidence/v06/20260922T174026Z/trial-13/delay60_jitter10/protocol.json
NETEM:
qdisc netem 8033: root refcnt 13 limit 1000 delay 60ms  10ms seed 1746025622817760582
NORMAL tid=01 addr=0 fc=0x03
NORMAL tid=02 addr=1 fc=0x03
NORMAL tid=03 addr=2 fc=0x03
NORMAL tid=04 addr=3 fc=0x03
NORMAL tid=05 addr=4 fc=0x03
NORMAL tid=06 addr=5 fc=0x03
NORMAL tid=07 addr=6 fc=0x03
NORMAL tid=08 addr=7 fc=0x03
NORMAL tid=09 addr=8 fc=0x03
NORMAL tid=10 addr=9 fc=0x03
NORMAL tid=11 addr=0 fc=0x03
NORMAL tid=12 addr=1 fc=0x03
NORMAL tid=13 addr=2 fc=0x03
NORMAL tid=14 addr=3 fc=0x03
NORMAL tid=15 addr=4 fc=0x03
NORMAL tid=16 addr=5 fc=0x03
NORMAL tid=17 addr=6 fc=0x03
NORMAL tid=18 addr=7 fc=0x03
NORMAL tid=19 addr=8 fc=0x03
NORMAL tid=20 addr=9 fc=0x03
BURST tid=21 addr=0 fc=0x03
BURST tid=22 addr=1 fc=0x03
BURST tid=23 addr=2 fc=0x03
BURST tid=24 addr=3 fc=0x03
BURST tid=25 addr=4 fc=0x03
BURST tid=26 addr=5 fc=0x03
BURST tid=27 addr=6 fc=0x03
BURST tid=28 addr=7 fc=0x03
BURST tid=29 addr=8 fc=0x03
BURST tid=30 addr=9 fc=0x03
BURST tid=31 addr=0 fc=0x03
BURST tid=32 addr=1 fc=0x03
BURST tid=33 addr=2 fc=0x03
BURST tid=34 addr=3 fc=0x03
BURST tid=35 addr=4 fc=0x03
BURST tid=36 addr=5 fc=0x03
BURST tid=37 addr=6 fc=0x03
BURST tid=38 addr=7 fc=0x03
BURST tid=39 addr=8 fc=0x03
BURST tid=40 addr=9 fc=0x03
NORMAL tid=41 addr=0 fc=0x03
NORMAL tid=42 addr=1 fc=0x03
NORMAL tid=43 addr=2 fc=0x03
NORMAL tid=44 addr=3 fc=0x03
NORMAL tid=45 addr=4 fc=0x03
NORMAL tid=46 addr=5 fc=0x03
NORMAL tid=47 addr=6 fc=0x03
NORMAL tid=48 addr=7 fc=0x03
NORMAL tid=49 addr=8 fc=0x03
NORMAL tid=50 addr=9 fc=0x03
NORMAL tid=51 addr=0 fc=0x03
NORMAL tid=52 addr=1 fc=0x03
NORMAL tid=53 addr=2 fc=0x03
NORMAL tid=54 addr=3 fc=0x03
NORMAL tid=55 addr=4 fc=0x03
NORMAL tid=56 addr=5 fc=0x03
NORMAL tid=57 addr=6 fc=0x03
NORMAL tid=58 addr=7 fc=0x03
NORMAL tid=59 addr=8 fc=0x03
NORMAL tid=60 addr=9 fc=0x03
REQUESTS_SUCCESSFUL=60
REQUESTS_MISSED=0

RAW PCAP:
400921a51852c376d93be243e9633de39034eeba91f5d4349d25e07995bea274  /home/chand/otshield-bench/evidence/v06/20260922T174026Z/trial-13/delay60_jitter10/raw.pcap
NORMALIZED_RECORDS= 60

CONDITION COMPLETE:
trial=13 condition=delay60_jitter10

----------------------------------------------
TRIAL=13
CONDITION=clean
DELAY=0ms
JITTER=0ms
LOSS=0%
----------------------------------------------
Predeclared: openplc-v06-20260922T174026Z-t13-clean
Normal: 40
Anomaly: 20
1571fde2ae56858ce12e79525f468bab3ec77dc1370963d6c6e87a1a3dea323e  /home/chand/otshield-bench/evidence/v06/20260922T174026Z/trial-13/clean/protocol.json
NETEM: clean
NORMAL tid=01 addr=0 fc=0x03
NORMAL tid=02 addr=1 fc=0x03
NORMAL tid=03 addr=2 fc=0x03
NORMAL tid=04 addr=3 fc=0x03
NORMAL tid=05 addr=4 fc=0x03
NORMAL tid=06 addr=5 fc=0x03
NORMAL tid=07 addr=6 fc=0x03
NORMAL tid=08 addr=7 fc=0x03
NORMAL tid=09 addr=8 fc=0x03
NORMAL tid=10 addr=9 fc=0x03
NORMAL tid=11 addr=0 fc=0x03
NORMAL tid=12 addr=1 fc=0x03
NORMAL tid=13 addr=2 fc=0x03
NORMAL tid=14 addr=3 fc=0x03
NORMAL tid=15 addr=4 fc=0x03
NORMAL tid=16 addr=5 fc=0x03
NORMAL tid=17 addr=6 fc=0x03
NORMAL tid=18 addr=7 fc=0x03
NORMAL tid=19 addr=8 fc=0x03
NORMAL tid=20 addr=9 fc=0x03
BURST tid=21 addr=0 fc=0x03
BURST tid=22 addr=1 fc=0x03
BURST tid=23 addr=2 fc=0x03
BURST tid=24 addr=3 fc=0x03
BURST tid=25 addr=4 fc=0x03
BURST tid=26 addr=5 fc=0x03
BURST tid=27 addr=6 fc=0x03
BURST tid=28 addr=7 fc=0x03
BURST tid=29 addr=8 fc=0x03
BURST tid=30 addr=9 fc=0x03
BURST tid=31 addr=0 fc=0x03
BURST tid=32 addr=1 fc=0x03
BURST tid=33 addr=2 fc=0x03
BURST tid=34 addr=3 fc=0x03
BURST tid=35 addr=4 fc=0x03
BURST tid=36 addr=5 fc=0x03
BURST tid=37 addr=6 fc=0x03
BURST tid=38 addr=7 fc=0x03
BURST tid=39 addr=8 fc=0x03
BURST tid=40 addr=9 fc=0x03
NORMAL tid=41 addr=0 fc=0x03
NORMAL tid=42 addr=1 fc=0x03
NORMAL tid=43 addr=2 fc=0x03
NORMAL tid=44 addr=3 fc=0x03
NORMAL tid=45 addr=4 fc=0x03
NORMAL tid=46 addr=5 fc=0x03
NORMAL tid=47 addr=6 fc=0x03
NORMAL tid=48 addr=7 fc=0x03
NORMAL tid=49 addr=8 fc=0x03
NORMAL tid=50 addr=9 fc=0x03
NORMAL tid=51 addr=0 fc=0x03
NORMAL tid=52 addr=1 fc=0x03
NORMAL tid=53 addr=2 fc=0x03
NORMAL tid=54 addr=3 fc=0x03
NORMAL tid=55 addr=4 fc=0x03
NORMAL tid=56 addr=5 fc=0x03
NORMAL tid=57 addr=6 fc=0x03
NORMAL tid=58 addr=7 fc=0x03
NORMAL tid=59 addr=8 fc=0x03
NORMAL tid=60 addr=9 fc=0x03
REQUESTS_SUCCESSFUL=60
REQUESTS_MISSED=0

RAW PCAP:
787b235c4372afcb1483de11c8bdb2cac99de78a91efc61a91e3b37d24781109  /home/chand/otshield-bench/evidence/v06/20260922T174026Z/trial-13/clean/raw.pcap
NORMALIZED_RECORDS= 60

CONDITION COMPLETE:
trial=13 condition=clean

----------------------------------------------
TRIAL=13
CONDITION=delay20
DELAY=20ms
JITTER=0ms
LOSS=0%
----------------------------------------------
Predeclared: openplc-v06-20260922T174026Z-t13-delay20
Normal: 40
Anomaly: 20
6075272c6e1940fa14774d84e1edb99cc0d05dafc36a44b3219d4df4e02d6193  /home/chand/otshield-bench/evidence/v06/20260922T174026Z/trial-13/delay20/protocol.json
NETEM:
qdisc netem 8034: root refcnt 13 limit 1000 delay 20ms seed 14945127730892685637
NORMAL tid=01 addr=0 fc=0x03
NORMAL tid=02 addr=1 fc=0x03
NORMAL tid=03 addr=2 fc=0x03
NORMAL tid=04 addr=3 fc=0x03
NORMAL tid=05 addr=4 fc=0x03
NORMAL tid=06 addr=5 fc=0x03
NORMAL tid=07 addr=6 fc=0x03
NORMAL tid=08 addr=7 fc=0x03
NORMAL tid=09 addr=8 fc=0x03
NORMAL tid=10 addr=9 fc=0x03
NORMAL tid=11 addr=0 fc=0x03
NORMAL tid=12 addr=1 fc=0x03
NORMAL tid=13 addr=2 fc=0x03
NORMAL tid=14 addr=3 fc=0x03
NORMAL tid=15 addr=4 fc=0x03
NORMAL tid=16 addr=5 fc=0x03
NORMAL tid=17 addr=6 fc=0x03
NORMAL tid=18 addr=7 fc=0x03
NORMAL tid=19 addr=8 fc=0x03
NORMAL tid=20 addr=9 fc=0x03
BURST tid=21 addr=0 fc=0x03
BURST tid=22 addr=1 fc=0x03
BURST tid=23 addr=2 fc=0x03
BURST tid=24 addr=3 fc=0x03
BURST tid=25 addr=4 fc=0x03
BURST tid=26 addr=5 fc=0x03
BURST tid=27 addr=6 fc=0x03
BURST tid=28 addr=7 fc=0x03
BURST tid=29 addr=8 fc=0x03
BURST tid=30 addr=9 fc=0x03
BURST tid=31 addr=0 fc=0x03
BURST tid=32 addr=1 fc=0x03
BURST tid=33 addr=2 fc=0x03
BURST tid=34 addr=3 fc=0x03
BURST tid=35 addr=4 fc=0x03
BURST tid=36 addr=5 fc=0x03
BURST tid=37 addr=6 fc=0x03
BURST tid=38 addr=7 fc=0x03
BURST tid=39 addr=8 fc=0x03
BURST tid=40 addr=9 fc=0x03
NORMAL tid=41 addr=0 fc=0x03
NORMAL tid=42 addr=1 fc=0x03
NORMAL tid=43 addr=2 fc=0x03
NORMAL tid=44 addr=3 fc=0x03
NORMAL tid=45 addr=4 fc=0x03
NORMAL tid=46 addr=5 fc=0x03
NORMAL tid=47 addr=6 fc=0x03
NORMAL tid=48 addr=7 fc=0x03
NORMAL tid=49 addr=8 fc=0x03
NORMAL tid=50 addr=9 fc=0x03
NORMAL tid=51 addr=0 fc=0x03
NORMAL tid=52 addr=1 fc=0x03
NORMAL tid=53 addr=2 fc=0x03
NORMAL tid=54 addr=3 fc=0x03
NORMAL tid=55 addr=4 fc=0x03
NORMAL tid=56 addr=5 fc=0x03
NORMAL tid=57 addr=6 fc=0x03
NORMAL tid=58 addr=7 fc=0x03
NORMAL tid=59 addr=8 fc=0x03
NORMAL tid=60 addr=9 fc=0x03
REQUESTS_SUCCESSFUL=60
REQUESTS_MISSED=0

RAW PCAP:
7b05b5100006ecfa52e659279903f7a5eced6c619895bc5ccb3aa9472a6a2496  /home/chand/otshield-bench/evidence/v06/20260922T174026Z/trial-13/delay20/raw.pcap
NORMALIZED_RECORDS= 60

CONDITION COMPLETE:
trial=13 condition=delay20

TRIAL 13 COMPLETE

##############################################
TRIAL 14 / 25
##############################################
 Network docker_otshield-ics-net Creating 
 Network docker_otshield-ics-net Creating 
 Network docker_otshield-ics-net Created 
 Network docker_otshield-ics-net Created 
 Container otshield-openplc Creating 
 Container otshield-openplc Created 
 Container otshield-openplc Starting 
 Container otshield-openplc Started 
OpenPLC: starting
OpenPLC: healthy
OPENPLC_EXPECTED_ID=268e566569f70a8900e8356b1c81baa5ef08bf4d85be1b7ae25403efffa3dced
Network: docker_otshield-ics-net
Image: fortiphyd/grfics-plc:latest
Image ID: sha256:364461af6d7b56563fa6fdc6a296a2dfa6530caf07ea736bbc9a71701a360919

----------------------------------------------
TRIAL=14
CONDITION=delay40_jitter10
DELAY=40ms
JITTER=10ms
LOSS=0%
----------------------------------------------
Predeclared: openplc-v06-20260922T174026Z-t14-delay40_jitter10
Normal: 40
Anomaly: 20
ed1033d83f191499addfe6f0bc12bac58a51ad64496768892f8a87b3d020f348  /home/chand/otshield-bench/evidence/v06/20260922T174026Z/trial-14/delay40_jitter10/protocol.json
NETEM:
qdisc netem 8035: root refcnt 13 limit 1000 delay 40ms  10ms seed 10007812155350893277
NORMAL tid=01 addr=0 fc=0x03
NORMAL tid=02 addr=1 fc=0x03
NORMAL tid=03 addr=2 fc=0x03
NORMAL tid=04 addr=3 fc=0x03
NORMAL tid=05 addr=4 fc=0x03
NORMAL tid=06 addr=5 fc=0x03
NORMAL tid=07 addr=6 fc=0x03
NORMAL tid=08 addr=7 fc=0x03
NORMAL tid=09 addr=8 fc=0x03
NORMAL tid=10 addr=9 fc=0x03
NORMAL tid=11 addr=0 fc=0x03
NORMAL tid=12 addr=1 fc=0x03
NORMAL tid=13 addr=2 fc=0x03
NORMAL tid=14 addr=3 fc=0x03
NORMAL tid=15 addr=4 fc=0x03
NORMAL tid=16 addr=5 fc=0x03
NORMAL tid=17 addr=6 fc=0x03
NORMAL tid=18 addr=7 fc=0x03
NORMAL tid=19 addr=8 fc=0x03
NORMAL tid=20 addr=9 fc=0x03
BURST tid=21 addr=0 fc=0x03
BURST tid=22 addr=1 fc=0x03
BURST tid=23 addr=2 fc=0x03
BURST tid=24 addr=3 fc=0x03
BURST tid=25 addr=4 fc=0x03
BURST tid=26 addr=5 fc=0x03
BURST tid=27 addr=6 fc=0x03
BURST tid=28 addr=7 fc=0x03
BURST tid=29 addr=8 fc=0x03
BURST tid=30 addr=9 fc=0x03
BURST tid=31 addr=0 fc=0x03
BURST tid=32 addr=1 fc=0x03
BURST tid=33 addr=2 fc=0x03
BURST tid=34 addr=3 fc=0x03
BURST tid=35 addr=4 fc=0x03
BURST tid=36 addr=5 fc=0x03
BURST tid=37 addr=6 fc=0x03
BURST tid=38 addr=7 fc=0x03
BURST tid=39 addr=8 fc=0x03
BURST tid=40 addr=9 fc=0x03
NORMAL tid=41 addr=0 fc=0x03
NORMAL tid=42 addr=1 fc=0x03
NORMAL tid=43 addr=2 fc=0x03
NORMAL tid=44 addr=3 fc=0x03
NORMAL tid=45 addr=4 fc=0x03
NORMAL tid=46 addr=5 fc=0x03
NORMAL tid=47 addr=6 fc=0x03
NORMAL tid=48 addr=7 fc=0x03
NORMAL tid=49 addr=8 fc=0x03
NORMAL tid=50 addr=9 fc=0x03
NORMAL tid=51 addr=0 fc=0x03
NORMAL tid=52 addr=1 fc=0x03
NORMAL tid=53 addr=2 fc=0x03
NORMAL tid=54 addr=3 fc=0x03
NORMAL tid=55 addr=4 fc=0x03
NORMAL tid=56 addr=5 fc=0x03
NORMAL tid=57 addr=6 fc=0x03
NORMAL tid=58 addr=7 fc=0x03
NORMAL tid=59 addr=8 fc=0x03
NORMAL tid=60 addr=9 fc=0x03
REQUESTS_SUCCESSFUL=60
REQUESTS_MISSED=0

RAW PCAP:
592e3ace6bf445c225216712186a5ac273f300b457c2c1850d96accb06c5a436  /home/chand/otshield-bench/evidence/v06/20260922T174026Z/trial-14/delay40_jitter10/raw.pcap
NORMALIZED_RECORDS= 60

CONDITION COMPLETE:
trial=14 condition=delay40_jitter10

----------------------------------------------
TRIAL=14
CONDITION=delay60_jitter10
DELAY=60ms
JITTER=10ms
LOSS=0%
----------------------------------------------
Predeclared: openplc-v06-20260922T174026Z-t14-delay60_jitter10
Normal: 40
Anomaly: 20
aebc96ad86c4bcbc1dfb7a41aba29381cd37ceb3fd1944ecf9d576963e07e351  /home/chand/otshield-bench/evidence/v06/20260922T174026Z/trial-14/delay60_jitter10/protocol.json
NETEM:
qdisc netem 8036: root refcnt 13 limit 1000 delay 60ms  10ms seed 15657629425576380218
NORMAL tid=01 addr=0 fc=0x03
NORMAL tid=02 addr=1 fc=0x03
NORMAL tid=03 addr=2 fc=0x03
NORMAL tid=04 addr=3 fc=0x03
NORMAL tid=05 addr=4 fc=0x03
NORMAL tid=06 addr=5 fc=0x03
NORMAL tid=07 addr=6 fc=0x03
NORMAL tid=08 addr=7 fc=0x03
NORMAL tid=09 addr=8 fc=0x03
NORMAL tid=10 addr=9 fc=0x03
NORMAL tid=11 addr=0 fc=0x03
NORMAL tid=12 addr=1 fc=0x03
NORMAL tid=13 addr=2 fc=0x03
NORMAL tid=14 addr=3 fc=0x03
NORMAL tid=15 addr=4 fc=0x03
NORMAL tid=16 addr=5 fc=0x03
NORMAL tid=17 addr=6 fc=0x03
NORMAL tid=18 addr=7 fc=0x03
NORMAL tid=19 addr=8 fc=0x03
NORMAL tid=20 addr=9 fc=0x03
BURST tid=21 addr=0 fc=0x03
BURST tid=22 addr=1 fc=0x03
BURST tid=23 addr=2 fc=0x03
BURST tid=24 addr=3 fc=0x03
BURST tid=25 addr=4 fc=0x03
BURST tid=26 addr=5 fc=0x03
BURST tid=27 addr=6 fc=0x03
BURST tid=28 addr=7 fc=0x03
BURST tid=29 addr=8 fc=0x03
BURST tid=30 addr=9 fc=0x03
BURST tid=31 addr=0 fc=0x03
BURST tid=32 addr=1 fc=0x03
BURST tid=33 addr=2 fc=0x03
BURST tid=34 addr=3 fc=0x03
BURST tid=35 addr=4 fc=0x03
BURST tid=36 addr=5 fc=0x03
BURST tid=37 addr=6 fc=0x03
BURST tid=38 addr=7 fc=0x03
BURST tid=39 addr=8 fc=0x03
BURST tid=40 addr=9 fc=0x03
NORMAL tid=41 addr=0 fc=0x03
NORMAL tid=42 addr=1 fc=0x03
NORMAL tid=43 addr=2 fc=0x03
NORMAL tid=44 addr=3 fc=0x03
NORMAL tid=45 addr=4 fc=0x03
NORMAL tid=46 addr=5 fc=0x03
NORMAL tid=47 addr=6 fc=0x03
NORMAL tid=48 addr=7 fc=0x03
NORMAL tid=49 addr=8 fc=0x03
NORMAL tid=50 addr=9 fc=0x03
NORMAL tid=51 addr=0 fc=0x03
NORMAL tid=52 addr=1 fc=0x03
NORMAL tid=53 addr=2 fc=0x03
NORMAL tid=54 addr=3 fc=0x03
NORMAL tid=55 addr=4 fc=0x03
NORMAL tid=56 addr=5 fc=0x03
NORMAL tid=57 addr=6 fc=0x03
NORMAL tid=58 addr=7 fc=0x03
NORMAL tid=59 addr=8 fc=0x03
NORMAL tid=60 addr=9 fc=0x03
REQUESTS_SUCCESSFUL=60
REQUESTS_MISSED=0

RAW PCAP:
53856608a23e684b900978a2572cb4578d8108ccd5ce1de786eef2190f09a5d7  /home/chand/otshield-bench/evidence/v06/20260922T174026Z/trial-14/delay60_jitter10/raw.pcap
NORMALIZED_RECORDS= 60

CONDITION COMPLETE:
trial=14 condition=delay60_jitter10

----------------------------------------------
TRIAL=14
CONDITION=clean
DELAY=0ms
JITTER=0ms
LOSS=0%
----------------------------------------------
Predeclared: openplc-v06-20260922T174026Z-t14-clean
Normal: 40
Anomaly: 20
df6f91407783783ed2a1d5b0c2724f2b46bcd4d285e2255cb0aaffd3c73c199a  /home/chand/otshield-bench/evidence/v06/20260922T174026Z/trial-14/clean/protocol.json
NETEM: clean
NORMAL tid=01 addr=0 fc=0x03
NORMAL tid=02 addr=1 fc=0x03
NORMAL tid=03 addr=2 fc=0x03
NORMAL tid=04 addr=3 fc=0x03
NORMAL tid=05 addr=4 fc=0x03
NORMAL tid=06 addr=5 fc=0x03
NORMAL tid=07 addr=6 fc=0x03
NORMAL tid=08 addr=7 fc=0x03
NORMAL tid=09 addr=8 fc=0x03
NORMAL tid=10 addr=9 fc=0x03
NORMAL tid=11 addr=0 fc=0x03
NORMAL tid=12 addr=1 fc=0x03
NORMAL tid=13 addr=2 fc=0x03
NORMAL tid=14 addr=3 fc=0x03
NORMAL tid=15 addr=4 fc=0x03
NORMAL tid=16 addr=5 fc=0x03
NORMAL tid=17 addr=6 fc=0x03
NORMAL tid=18 addr=7 fc=0x03
NORMAL tid=19 addr=8 fc=0x03
NORMAL tid=20 addr=9 fc=0x03
BURST tid=21 addr=0 fc=0x03
BURST tid=22 addr=1 fc=0x03
BURST tid=23 addr=2 fc=0x03
BURST tid=24 addr=3 fc=0x03
BURST tid=25 addr=4 fc=0x03
BURST tid=26 addr=5 fc=0x03
BURST tid=27 addr=6 fc=0x03
BURST tid=28 addr=7 fc=0x03
BURST tid=29 addr=8 fc=0x03
BURST tid=30 addr=9 fc=0x03
BURST tid=31 addr=0 fc=0x03
BURST tid=32 addr=1 fc=0x03
BURST tid=33 addr=2 fc=0x03
BURST tid=34 addr=3 fc=0x03
BURST tid=35 addr=4 fc=0x03
BURST tid=36 addr=5 fc=0x03
BURST tid=37 addr=6 fc=0x03
BURST tid=38 addr=7 fc=0x03
BURST tid=39 addr=8 fc=0x03
BURST tid=40 addr=9 fc=0x03
NORMAL tid=41 addr=0 fc=0x03
NORMAL tid=42 addr=1 fc=0x03
NORMAL tid=43 addr=2 fc=0x03
NORMAL tid=44 addr=3 fc=0x03
NORMAL tid=45 addr=4 fc=0x03
NORMAL tid=46 addr=5 fc=0x03
NORMAL tid=47 addr=6 fc=0x03
NORMAL tid=48 addr=7 fc=0x03
NORMAL tid=49 addr=8 fc=0x03
NORMAL tid=50 addr=9 fc=0x03
NORMAL tid=51 addr=0 fc=0x03
NORMAL tid=52 addr=1 fc=0x03
NORMAL tid=53 addr=2 fc=0x03
NORMAL tid=54 addr=3 fc=0x03
NORMAL tid=55 addr=4 fc=0x03
NORMAL tid=56 addr=5 fc=0x03
NORMAL tid=57 addr=6 fc=0x03
NORMAL tid=58 addr=7 fc=0x03
NORMAL tid=59 addr=8 fc=0x03
NORMAL tid=60 addr=9 fc=0x03
REQUESTS_SUCCESSFUL=60
REQUESTS_MISSED=0

RAW PCAP:
66bb18199621d6991b3a03de0ff1abc857298289c60a758bf1f54b63f07d58c3  /home/chand/otshield-bench/evidence/v06/20260922T174026Z/trial-14/clean/raw.pcap
NORMALIZED_RECORDS= 60

CONDITION COMPLETE:
trial=14 condition=clean

----------------------------------------------
TRIAL=14
CONDITION=delay20
DELAY=20ms
JITTER=0ms
LOSS=0%
----------------------------------------------
Predeclared: openplc-v06-20260922T174026Z-t14-delay20
Normal: 40
Anomaly: 20
525b5f2c1a423fe3b78f040b81022e4ad1d976eb93e68a3cb3d05b5b9e248011  /home/chand/otshield-bench/evidence/v06/20260922T174026Z/trial-14/delay20/protocol.json
NETEM:
qdisc netem 8037: root refcnt 13 limit 1000 delay 20ms seed 16869071668191479735
NORMAL tid=01 addr=0 fc=0x03
NORMAL tid=02 addr=1 fc=0x03
NORMAL tid=03 addr=2 fc=0x03
NORMAL tid=04 addr=3 fc=0x03
NORMAL tid=05 addr=4 fc=0x03
NORMAL tid=06 addr=5 fc=0x03
NORMAL tid=07 addr=6 fc=0x03
NORMAL tid=08 addr=7 fc=0x03
NORMAL tid=09 addr=8 fc=0x03
NORMAL tid=10 addr=9 fc=0x03
NORMAL tid=11 addr=0 fc=0x03
NORMAL tid=12 addr=1 fc=0x03
NORMAL tid=13 addr=2 fc=0x03
NORMAL tid=14 addr=3 fc=0x03
NORMAL tid=15 addr=4 fc=0x03
NORMAL tid=16 addr=5 fc=0x03
NORMAL tid=17 addr=6 fc=0x03
NORMAL tid=18 addr=7 fc=0x03
NORMAL tid=19 addr=8 fc=0x03
NORMAL tid=20 addr=9 fc=0x03
BURST tid=21 addr=0 fc=0x03
BURST tid=22 addr=1 fc=0x03
BURST tid=23 addr=2 fc=0x03
BURST tid=24 addr=3 fc=0x03
BURST tid=25 addr=4 fc=0x03
BURST tid=26 addr=5 fc=0x03
BURST tid=27 addr=6 fc=0x03
BURST tid=28 addr=7 fc=0x03
BURST tid=29 addr=8 fc=0x03
BURST tid=30 addr=9 fc=0x03
BURST tid=31 addr=0 fc=0x03
BURST tid=32 addr=1 fc=0x03
BURST tid=33 addr=2 fc=0x03
BURST tid=34 addr=3 fc=0x03
BURST tid=35 addr=4 fc=0x03
BURST tid=36 addr=5 fc=0x03
BURST tid=37 addr=6 fc=0x03
BURST tid=38 addr=7 fc=0x03
BURST tid=39 addr=8 fc=0x03
BURST tid=40 addr=9 fc=0x03
NORMAL tid=41 addr=0 fc=0x03
NORMAL tid=42 addr=1 fc=0x03
NORMAL tid=43 addr=2 fc=0x03
NORMAL tid=44 addr=3 fc=0x03
NORMAL tid=45 addr=4 fc=0x03
NORMAL tid=46 addr=5 fc=0x03
NORMAL tid=47 addr=6 fc=0x03
NORMAL tid=48 addr=7 fc=0x03
NORMAL tid=49 addr=8 fc=0x03
NORMAL tid=50 addr=9 fc=0x03
NORMAL tid=51 addr=0 fc=0x03
NORMAL tid=52 addr=1 fc=0x03
NORMAL tid=53 addr=2 fc=0x03
NORMAL tid=54 addr=3 fc=0x03
NORMAL tid=55 addr=4 fc=0x03
NORMAL tid=56 addr=5 fc=0x03
NORMAL tid=57 addr=6 fc=0x03
NORMAL tid=58 addr=7 fc=0x03
NORMAL tid=59 addr=8 fc=0x03
NORMAL tid=60 addr=9 fc=0x03
REQUESTS_SUCCESSFUL=60
REQUESTS_MISSED=0

RAW PCAP:
5147e7427b16204423a40d6d68c67bc67baa76f297c86335ce0fa2e168d0cd2c  /home/chand/otshield-bench/evidence/v06/20260922T174026Z/trial-14/delay20/raw.pcap
NORMALIZED_RECORDS= 60

CONDITION COMPLETE:
trial=14 condition=delay20

----------------------------------------------
TRIAL=14
CONDITION=delay20_jitter5_loss5
DELAY=20ms
JITTER=5ms
LOSS=5%
----------------------------------------------
Predeclared: openplc-v06-20260922T174026Z-t14-delay20_jitter5_loss5
Normal: 40
Anomaly: 20
28f9db7dcd4286369f3c04d6bd07e08016d693b7643fa6b3fb5cb097f34b36bf  /home/chand/otshield-bench/evidence/v06/20260922T174026Z/trial-14/delay20_jitter5_loss5/protocol.json
NETEM:
qdisc netem 8038: root refcnt 13 limit 1000 delay 20ms  5ms loss 5% seed 8674132274071903231
NORMAL tid=01 addr=0 fc=0x03
NORMAL tid=02 addr=1 fc=0x03
NORMAL tid=03 addr=2 fc=0x03
NORMAL tid=04 addr=3 fc=0x03
NORMAL tid=05 addr=4 fc=0x03
NORMAL tid=06 addr=5 fc=0x03
NORMAL tid=07 addr=6 fc=0x03
NORMAL tid=08 addr=7 fc=0x03
NORMAL tid=09 addr=8 fc=0x03
NORMAL tid=10 addr=9 fc=0x03
NORMAL tid=11 addr=0 fc=0x03
NORMAL tid=12 addr=1 fc=0x03
NORMAL tid=13 addr=2 fc=0x03
NORMAL tid=14 addr=3 fc=0x03
NORMAL tid=15 addr=4 fc=0x03
NORMAL tid=16 addr=5 fc=0x03
NORMAL tid=17 addr=6 fc=0x03
NORMAL tid=18 addr=7 fc=0x03
NORMAL tid=19 addr=8 fc=0x03
NORMAL tid=20 addr=9 fc=0x03
BURST tid=21 addr=0 fc=0x03
BURST tid=22 addr=1 fc=0x03
BURST tid=23 addr=2 fc=0x03
BURST tid=24 addr=3 fc=0x03
BURST tid=25 addr=4 fc=0x03
BURST tid=26 addr=5 fc=0x03
BURST tid=27 addr=6 fc=0x03
BURST tid=28 addr=7 fc=0x03
BURST tid=29 addr=8 fc=0x03
BURST tid=30 addr=9 fc=0x03
BURST tid=31 addr=0 fc=0x03
BURST tid=32 addr=1 fc=0x03
BURST tid=33 addr=2 fc=0x03
BURST tid=34 addr=3 fc=0x03
BURST tid=35 addr=4 fc=0x03
BURST tid=36 addr=5 fc=0x03
BURST tid=37 addr=6 fc=0x03
BURST tid=38 addr=7 fc=0x03
BURST tid=39 addr=8 fc=0x03
BURST tid=40 addr=9 fc=0x03
NORMAL tid=41 addr=0 fc=0x03
NORMAL tid=42 addr=1 fc=0x03
NORMAL tid=43 addr=2 fc=0x03
NORMAL tid=44 addr=3 fc=0x03
NORMAL tid=45 addr=4 fc=0x03
NORMAL tid=46 addr=5 fc=0x03
NORMAL tid=47 addr=6 fc=0x03
NORMAL tid=48 addr=7 fc=0x03
NORMAL tid=49 addr=8 fc=0x03
NORMAL tid=50 addr=9 fc=0x03
NORMAL tid=51 addr=0 fc=0x03
NORMAL tid=52 addr=1 fc=0x03
NORMAL tid=53 addr=2 fc=0x03
NORMAL tid=54 addr=3 fc=0x03
NORMAL tid=55 addr=4 fc=0x03
NORMAL tid=56 addr=5 fc=0x03
NORMAL tid=57 addr=6 fc=0x03
NORMAL tid=58 addr=7 fc=0x03
NORMAL tid=59 addr=8 fc=0x03
NORMAL tid=60 addr=9 fc=0x03
REQUESTS_SUCCESSFUL=60
REQUESTS_MISSED=0

RAW PCAP:
0f209d473a02466783a39fd146b5d49c73b11785f73872a887d0cb9705796dd3  /home/chand/otshield-bench/evidence/v06/20260922T174026Z/trial-14/delay20_jitter5_loss5/raw.pcap
NORMALIZED_RECORDS= 60

CONDITION COMPLETE:
trial=14 condition=delay20_jitter5_loss5

TRIAL 14 COMPLETE

##############################################
TRIAL 15 / 25
##############################################
 Network docker_otshield-ics-net Creating 
 Network docker_otshield-ics-net Creating 
 Network docker_otshield-ics-net Created 
 Network docker_otshield-ics-net Created 
 Container otshield-openplc Creating 
 Container otshield-openplc Created 
 Container otshield-openplc Starting 
 Container otshield-openplc Started 
OpenPLC: starting
OpenPLC: healthy
OPENPLC_EXPECTED_ID=e5470bc0e6b43ac42e20785ba9840232b978fce1f82e532fe1a2adb36582e19c
Network: docker_otshield-ics-net
Image: fortiphyd/grfics-plc:latest
Image ID: sha256:364461af6d7b56563fa6fdc6a296a2dfa6530caf07ea736bbc9a71701a360919

----------------------------------------------
TRIAL=15
CONDITION=delay60_jitter10
DELAY=60ms
JITTER=10ms
LOSS=0%
----------------------------------------------
Predeclared: openplc-v06-20260922T174026Z-t15-delay60_jitter10
Normal: 40
Anomaly: 20
ab968376987e03b64f8af0f2229b8097837166f29e013bb1a09cfad40de7a439  /home/chand/otshield-bench/evidence/v06/20260922T174026Z/trial-15/delay60_jitter10/protocol.json
NETEM:
qdisc netem 8039: root refcnt 13 limit 1000 delay 60ms  10ms seed 16975526289682829980
NORMAL tid=01 addr=0 fc=0x03
NORMAL tid=02 addr=1 fc=0x03
NORMAL tid=03 addr=2 fc=0x03
NORMAL tid=04 addr=3 fc=0x03
NORMAL tid=05 addr=4 fc=0x03
NORMAL tid=06 addr=5 fc=0x03
NORMAL tid=07 addr=6 fc=0x03
NORMAL tid=08 addr=7 fc=0x03
NORMAL tid=09 addr=8 fc=0x03
NORMAL tid=10 addr=9 fc=0x03
NORMAL tid=11 addr=0 fc=0x03
NORMAL tid=12 addr=1 fc=0x03
NORMAL tid=13 addr=2 fc=0x03
NORMAL tid=14 addr=3 fc=0x03
NORMAL tid=15 addr=4 fc=0x03
NORMAL tid=16 addr=5 fc=0x03
NORMAL tid=17 addr=6 fc=0x03
NORMAL tid=18 addr=7 fc=0x03
NORMAL tid=19 addr=8 fc=0x03
NORMAL tid=20 addr=9 fc=0x03
BURST tid=21 addr=0 fc=0x03
BURST tid=22 addr=1 fc=0x03
BURST tid=23 addr=2 fc=0x03
BURST tid=24 addr=3 fc=0x03
BURST tid=25 addr=4 fc=0x03
BURST tid=26 addr=5 fc=0x03
BURST tid=27 addr=6 fc=0x03
BURST tid=28 addr=7 fc=0x03
BURST tid=29 addr=8 fc=0x03
BURST tid=30 addr=9 fc=0x03
BURST tid=31 addr=0 fc=0x03
BURST tid=32 addr=1 fc=0x03
BURST tid=33 addr=2 fc=0x03
BURST tid=34 addr=3 fc=0x03
BURST tid=35 addr=4 fc=0x03
BURST tid=36 addr=5 fc=0x03
BURST tid=37 addr=6 fc=0x03
BURST tid=38 addr=7 fc=0x03
BURST tid=39 addr=8 fc=0x03
BURST tid=40 addr=9 fc=0x03
NORMAL tid=41 addr=0 fc=0x03
NORMAL tid=42 addr=1 fc=0x03
NORMAL tid=43 addr=2 fc=0x03
NORMAL tid=44 addr=3 fc=0x03
NORMAL tid=45 addr=4 fc=0x03
NORMAL tid=46 addr=5 fc=0x03
NORMAL tid=47 addr=6 fc=0x03
NORMAL tid=48 addr=7 fc=0x03
NORMAL tid=49 addr=8 fc=0x03
NORMAL tid=50 addr=9 fc=0x03
NORMAL tid=51 addr=0 fc=0x03
NORMAL tid=52 addr=1 fc=0x03
NORMAL tid=53 addr=2 fc=0x03
NORMAL tid=54 addr=3 fc=0x03
NORMAL tid=55 addr=4 fc=0x03
NORMAL tid=56 addr=5 fc=0x03
NORMAL tid=57 addr=6 fc=0x03
NORMAL tid=58 addr=7 fc=0x03
NORMAL tid=59 addr=8 fc=0x03
NORMAL tid=60 addr=9 fc=0x03
REQUESTS_SUCCESSFUL=60
REQUESTS_MISSED=0

RAW PCAP:
1edac1ab6c0d1b241455302e4079eba4dc053f54cd21e63a96b5c0723b7a4d0c  /home/chand/otshield-bench/evidence/v06/20260922T174026Z/trial-15/delay60_jitter10/raw.pcap
NORMALIZED_RECORDS= 60

CONDITION COMPLETE:
trial=15 condition=delay60_jitter10

----------------------------------------------
TRIAL=15
CONDITION=clean
DELAY=0ms
JITTER=0ms
LOSS=0%
----------------------------------------------
Predeclared: openplc-v06-20260922T174026Z-t15-clean
Normal: 40
Anomaly: 20
ee5bbf156c668595174c7829a9cc339cbc9bdae0537d7d59501717b60799d7e3  /home/chand/otshield-bench/evidence/v06/20260922T174026Z/trial-15/clean/protocol.json
NETEM: clean
NORMAL tid=01 addr=0 fc=0x03
NORMAL tid=02 addr=1 fc=0x03
NORMAL tid=03 addr=2 fc=0x03
NORMAL tid=04 addr=3 fc=0x03
NORMAL tid=05 addr=4 fc=0x03
NORMAL tid=06 addr=5 fc=0x03
NORMAL tid=07 addr=6 fc=0x03
NORMAL tid=08 addr=7 fc=0x03
NORMAL tid=09 addr=8 fc=0x03
NORMAL tid=10 addr=9 fc=0x03
NORMAL tid=11 addr=0 fc=0x03
NORMAL tid=12 addr=1 fc=0x03
NORMAL tid=13 addr=2 fc=0x03
NORMAL tid=14 addr=3 fc=0x03
NORMAL tid=15 addr=4 fc=0x03
NORMAL tid=16 addr=5 fc=0x03
NORMAL tid=17 addr=6 fc=0x03
NORMAL tid=18 addr=7 fc=0x03
NORMAL tid=19 addr=8 fc=0x03
NORMAL tid=20 addr=9 fc=0x03
BURST tid=21 addr=0 fc=0x03
BURST tid=22 addr=1 fc=0x03
BURST tid=23 addr=2 fc=0x03
BURST tid=24 addr=3 fc=0x03
BURST tid=25 addr=4 fc=0x03
BURST tid=26 addr=5 fc=0x03
BURST tid=27 addr=6 fc=0x03
BURST tid=28 addr=7 fc=0x03
BURST tid=29 addr=8 fc=0x03
BURST tid=30 addr=9 fc=0x03
BURST tid=31 addr=0 fc=0x03
BURST tid=32 addr=1 fc=0x03
BURST tid=33 addr=2 fc=0x03
BURST tid=34 addr=3 fc=0x03
BURST tid=35 addr=4 fc=0x03
BURST tid=36 addr=5 fc=0x03
BURST tid=37 addr=6 fc=0x03
BURST tid=38 addr=7 fc=0x03
BURST tid=39 addr=8 fc=0x03
BURST tid=40 addr=9 fc=0x03
NORMAL tid=41 addr=0 fc=0x03
NORMAL tid=42 addr=1 fc=0x03
NORMAL tid=43 addr=2 fc=0x03
NORMAL tid=44 addr=3 fc=0x03
NORMAL tid=45 addr=4 fc=0x03
NORMAL tid=46 addr=5 fc=0x03
NORMAL tid=47 addr=6 fc=0x03
NORMAL tid=48 addr=7 fc=0x03
NORMAL tid=49 addr=8 fc=0x03
NORMAL tid=50 addr=9 fc=0x03
NORMAL tid=51 addr=0 fc=0x03
NORMAL tid=52 addr=1 fc=0x03
NORMAL tid=53 addr=2 fc=0x03
NORMAL tid=54 addr=3 fc=0x03
NORMAL tid=55 addr=4 fc=0x03
NORMAL tid=56 addr=5 fc=0x03
NORMAL tid=57 addr=6 fc=0x03
NORMAL tid=58 addr=7 fc=0x03
NORMAL tid=59 addr=8 fc=0x03
NORMAL tid=60 addr=9 fc=0x03
REQUESTS_SUCCESSFUL=60
REQUESTS_MISSED=0

RAW PCAP:
08db8774fc0ef09a4766398671073a61f2765074fa9c2ed1db70d0f7bc8ddc54  /home/chand/otshield-bench/evidence/v06/20260922T174026Z/trial-15/clean/raw.pcap
NORMALIZED_RECORDS= 60

CONDITION COMPLETE:
trial=15 condition=clean

----------------------------------------------
TRIAL=15
CONDITION=delay20
DELAY=20ms
JITTER=0ms
LOSS=0%
----------------------------------------------
Predeclared: openplc-v06-20260922T174026Z-t15-delay20
Normal: 40
Anomaly: 20
a70b4d666f1c4b2364301f55b8975090514da8d7b435cade5c6f27e5cd52d449  /home/chand/otshield-bench/evidence/v06/20260922T174026Z/trial-15/delay20/protocol.json
NETEM:
qdisc netem 803a: root refcnt 13 limit 1000 delay 20ms seed 10633748965717804675
NORMAL tid=01 addr=0 fc=0x03
NORMAL tid=02 addr=1 fc=0x03
NORMAL tid=03 addr=2 fc=0x03
NORMAL tid=04 addr=3 fc=0x03
NORMAL tid=05 addr=4 fc=0x03
NORMAL tid=06 addr=5 fc=0x03
NORMAL tid=07 addr=6 fc=0x03
NORMAL tid=08 addr=7 fc=0x03
NORMAL tid=09 addr=8 fc=0x03
NORMAL tid=10 addr=9 fc=0x03
NORMAL tid=11 addr=0 fc=0x03
NORMAL tid=12 addr=1 fc=0x03
NORMAL tid=13 addr=2 fc=0x03
NORMAL tid=14 addr=3 fc=0x03
NORMAL tid=15 addr=4 fc=0x03
NORMAL tid=16 addr=5 fc=0x03
NORMAL tid=17 addr=6 fc=0x03
NORMAL tid=18 addr=7 fc=0x03
NORMAL tid=19 addr=8 fc=0x03
NORMAL tid=20 addr=9 fc=0x03
BURST tid=21 addr=0 fc=0x03
BURST tid=22 addr=1 fc=0x03
BURST tid=23 addr=2 fc=0x03
BURST tid=24 addr=3 fc=0x03
BURST tid=25 addr=4 fc=0x03
BURST tid=26 addr=5 fc=0x03
BURST tid=27 addr=6 fc=0x03
BURST tid=28 addr=7 fc=0x03
BURST tid=29 addr=8 fc=0x03
BURST tid=30 addr=9 fc=0x03
BURST tid=31 addr=0 fc=0x03
BURST tid=32 addr=1 fc=0x03
BURST tid=33 addr=2 fc=0x03
BURST tid=34 addr=3 fc=0x03
BURST tid=35 addr=4 fc=0x03
BURST tid=36 addr=5 fc=0x03
BURST tid=37 addr=6 fc=0x03
BURST tid=38 addr=7 fc=0x03
BURST tid=39 addr=8 fc=0x03
BURST tid=40 addr=9 fc=0x03
NORMAL tid=41 addr=0 fc=0x03
NORMAL tid=42 addr=1 fc=0x03
NORMAL tid=43 addr=2 fc=0x03
NORMAL tid=44 addr=3 fc=0x03
NORMAL tid=45 addr=4 fc=0x03
NORMAL tid=46 addr=5 fc=0x03
NORMAL tid=47 addr=6 fc=0x03
NORMAL tid=48 addr=7 fc=0x03
NORMAL tid=49 addr=8 fc=0x03
NORMAL tid=50 addr=9 fc=0x03
NORMAL tid=51 addr=0 fc=0x03
NORMAL tid=52 addr=1 fc=0x03
NORMAL tid=53 addr=2 fc=0x03
NORMAL tid=54 addr=3 fc=0x03
NORMAL tid=55 addr=4 fc=0x03
NORMAL tid=56 addr=5 fc=0x03
NORMAL tid=57 addr=6 fc=0x03
NORMAL tid=58 addr=7 fc=0x03
NORMAL tid=59 addr=8 fc=0x03
NORMAL tid=60 addr=9 fc=0x03
REQUESTS_SUCCESSFUL=60
REQUESTS_MISSED=0

RAW PCAP:
1788ebc72cc87e1375f655a72ba7453dc63070647c45b1e826c49c2bb794b4d0  /home/chand/otshield-bench/evidence/v06/20260922T174026Z/trial-15/delay20/raw.pcap
NORMALIZED_RECORDS= 60

CONDITION COMPLETE:
trial=15 condition=delay20

----------------------------------------------
TRIAL=15
CONDITION=delay20_jitter5_loss5
DELAY=20ms
JITTER=5ms
LOSS=5%
----------------------------------------------
Predeclared: openplc-v06-20260922T174026Z-t15-delay20_jitter5_loss5
Normal: 40
Anomaly: 20
dc83f5db82443a1f2fffddce2b0f7de01b89ee1760f6ce50676773072318355b  /home/chand/otshield-bench/evidence/v06/20260922T174026Z/trial-15/delay20_jitter5_loss5/protocol.json
NETEM:
qdisc netem 803b: root refcnt 13 limit 1000 delay 20ms  5ms loss 5% seed 14632157429578620934
NORMAL tid=01 addr=0 fc=0x03
NORMAL tid=02 addr=1 fc=0x03
NORMAL tid=03 addr=2 fc=0x03
NORMAL tid=04 addr=3 fc=0x03
NORMAL tid=05 addr=4 fc=0x03
NORMAL tid=06 addr=5 fc=0x03
NORMAL tid=07 addr=6 fc=0x03
NORMAL tid=08 addr=7 fc=0x03
NORMAL tid=09 addr=8 fc=0x03
NORMAL tid=10 addr=9 fc=0x03
NORMAL tid=11 addr=0 fc=0x03
NORMAL tid=12 addr=1 fc=0x03
NORMAL tid=13 addr=2 fc=0x03
NORMAL tid=14 addr=3 fc=0x03
NORMAL tid=15 addr=4 fc=0x03
NORMAL tid=16 addr=5 fc=0x03
NORMAL tid=17 addr=6 fc=0x03
NORMAL tid=18 addr=7 fc=0x03
NORMAL tid=19 addr=8 fc=0x03
NORMAL tid=20 addr=9 fc=0x03
BURST tid=21 addr=0 fc=0x03
BURST tid=22 addr=1 fc=0x03
BURST tid=23 addr=2 fc=0x03
BURST tid=24 addr=3 fc=0x03
BURST tid=25 addr=4 fc=0x03
BURST tid=26 addr=5 fc=0x03
BURST tid=27 addr=6 fc=0x03
BURST tid=28 addr=7 fc=0x03
BURST tid=29 addr=8 fc=0x03
BURST tid=30 addr=9 fc=0x03
BURST tid=31 addr=0 fc=0x03
BURST tid=32 addr=1 fc=0x03
BURST tid=33 addr=2 fc=0x03
BURST tid=34 addr=3 fc=0x03
BURST tid=35 addr=4 fc=0x03
BURST tid=36 addr=5 fc=0x03
BURST tid=37 addr=6 fc=0x03
BURST tid=38 addr=7 fc=0x03
BURST tid=39 addr=8 fc=0x03
BURST tid=40 addr=9 fc=0x03
NORMAL tid=41 addr=0 fc=0x03
NORMAL tid=42 addr=1 fc=0x03
NORMAL tid=43 addr=2 fc=0x03
NORMAL tid=44 addr=3 fc=0x03
NORMAL tid=45 addr=4 fc=0x03
NORMAL tid=46 addr=5 fc=0x03
NORMAL tid=47 addr=6 fc=0x03
NORMAL tid=48 addr=7 fc=0x03
NORMAL tid=49 addr=8 fc=0x03
NORMAL tid=50 addr=9 fc=0x03
NORMAL tid=51 addr=0 fc=0x03
NORMAL tid=52 addr=1 fc=0x03
NORMAL tid=53 addr=2 fc=0x03
NORMAL tid=54 addr=3 fc=0x03
NORMAL tid=55 addr=4 fc=0x03
NORMAL tid=56 addr=5 fc=0x03
NORMAL tid=57 addr=6 fc=0x03
NORMAL tid=58 addr=7 fc=0x03
NORMAL tid=59 addr=8 fc=0x03
NORMAL tid=60 addr=9 fc=0x03
REQUESTS_SUCCESSFUL=60
REQUESTS_MISSED=0

RAW PCAP:
2006698c364b4ffb25d1c66158414528d1785f758cc8b1a2e89fec298b2379cd  /home/chand/otshield-bench/evidence/v06/20260922T174026Z/trial-15/delay20_jitter5_loss5/raw.pcap
NORMALIZED_RECORDS= 60

CONDITION COMPLETE:
trial=15 condition=delay20_jitter5_loss5

----------------------------------------------
TRIAL=15
CONDITION=delay40_jitter10
DELAY=40ms
JITTER=10ms
LOSS=0%
----------------------------------------------
Predeclared: openplc-v06-20260922T174026Z-t15-delay40_jitter10
Normal: 40
Anomaly: 20
ea7aee46dceec928029dd0a971115a6c4524b8a471991cc96e70237d8497e31a  /home/chand/otshield-bench/evidence/v06/20260922T174026Z/trial-15/delay40_jitter10/protocol.json
NETEM:
qdisc netem 803c: root refcnt 13 limit 1000 delay 40ms  10ms seed 8643714499328069361
NORMAL tid=01 addr=0 fc=0x03
NORMAL tid=02 addr=1 fc=0x03
NORMAL tid=03 addr=2 fc=0x03
NORMAL tid=04 addr=3 fc=0x03
NORMAL tid=05 addr=4 fc=0x03
NORMAL tid=06 addr=5 fc=0x03
NORMAL tid=07 addr=6 fc=0x03
NORMAL tid=08 addr=7 fc=0x03
NORMAL tid=09 addr=8 fc=0x03
NORMAL tid=10 addr=9 fc=0x03
NORMAL tid=11 addr=0 fc=0x03
NORMAL tid=12 addr=1 fc=0x03
NORMAL tid=13 addr=2 fc=0x03
NORMAL tid=14 addr=3 fc=0x03
NORMAL tid=15 addr=4 fc=0x03
NORMAL tid=16 addr=5 fc=0x03
NORMAL tid=17 addr=6 fc=0x03
NORMAL tid=18 addr=7 fc=0x03
NORMAL tid=19 addr=8 fc=0x03
NORMAL tid=20 addr=9 fc=0x03
BURST tid=21 addr=0 fc=0x03
BURST tid=22 addr=1 fc=0x03
BURST tid=23 addr=2 fc=0x03
BURST tid=24 addr=3 fc=0x03
BURST tid=25 addr=4 fc=0x03
BURST tid=26 addr=5 fc=0x03
BURST tid=27 addr=6 fc=0x03
BURST tid=28 addr=7 fc=0x03
BURST tid=29 addr=8 fc=0x03
BURST tid=30 addr=9 fc=0x03
BURST tid=31 addr=0 fc=0x03
BURST tid=32 addr=1 fc=0x03
BURST tid=33 addr=2 fc=0x03
BURST tid=34 addr=3 fc=0x03
BURST tid=35 addr=4 fc=0x03
BURST tid=36 addr=5 fc=0x03
BURST tid=37 addr=6 fc=0x03
BURST tid=38 addr=7 fc=0x03
BURST tid=39 addr=8 fc=0x03
BURST tid=40 addr=9 fc=0x03
NORMAL tid=41 addr=0 fc=0x03
NORMAL tid=42 addr=1 fc=0x03
NORMAL tid=43 addr=2 fc=0x03
NORMAL tid=44 addr=3 fc=0x03
NORMAL tid=45 addr=4 fc=0x03
NORMAL tid=46 addr=5 fc=0x03
NORMAL tid=47 addr=6 fc=0x03
NORMAL tid=48 addr=7 fc=0x03
NORMAL tid=49 addr=8 fc=0x03
NORMAL tid=50 addr=9 fc=0x03
NORMAL tid=51 addr=0 fc=0x03
NORMAL tid=52 addr=1 fc=0x03
NORMAL tid=53 addr=2 fc=0x03
NORMAL tid=54 addr=3 fc=0x03
NORMAL tid=55 addr=4 fc=0x03
NORMAL tid=56 addr=5 fc=0x03
NORMAL tid=57 addr=6 fc=0x03
NORMAL tid=58 addr=7 fc=0x03
NORMAL tid=59 addr=8 fc=0x03
NORMAL tid=60 addr=9 fc=0x03
REQUESTS_SUCCESSFUL=60
REQUESTS_MISSED=0

RAW PCAP:
df01acfeb0488eb49a77faa0e3e3b3577e34610d1b58431a617a5366e46c897e  /home/chand/otshield-bench/evidence/v06/20260922T174026Z/trial-15/delay40_jitter10/raw.pcap
NORMALIZED_RECORDS= 60

CONDITION COMPLETE:
trial=15 condition=delay40_jitter10

TRIAL 15 COMPLETE

##############################################
TRIAL 16 / 25
##############################################
 Network docker_otshield-ics-net Creating 
 Network docker_otshield-ics-net Creating 
 Network docker_otshield-ics-net Created 
 Network docker_otshield-ics-net Created 
 Container otshield-openplc Creating 
 Container otshield-openplc Created 
 Container otshield-openplc Starting 
 Container otshield-openplc Started 
OpenPLC: starting
OpenPLC: healthy
OPENPLC_EXPECTED_ID=c2724d61237bd4cc2baf818b88c08c372c3e8d7f41b03edd235fc382fcd9d1a5
Network: docker_otshield-ics-net
Image: fortiphyd/grfics-plc:latest
Image ID: sha256:364461af6d7b56563fa6fdc6a296a2dfa6530caf07ea736bbc9a71701a360919

----------------------------------------------
TRIAL=16
CONDITION=clean
DELAY=0ms
JITTER=0ms
LOSS=0%
----------------------------------------------
Predeclared: openplc-v06-20260922T174026Z-t16-clean
Normal: 40
Anomaly: 20
8ab1912dc6e9c1f93d11f418ccf4d64dfee20cfaa669bbe7a14ac40d63eec258  /home/chand/otshield-bench/evidence/v06/20260922T174026Z/trial-16/clean/protocol.json
NETEM: clean
NORMAL tid=01 addr=0 fc=0x03
NORMAL tid=02 addr=1 fc=0x03
NORMAL tid=03 addr=2 fc=0x03
NORMAL tid=04 addr=3 fc=0x03
NORMAL tid=05 addr=4 fc=0x03
NORMAL tid=06 addr=5 fc=0x03
NORMAL tid=07 addr=6 fc=0x03
NORMAL tid=08 addr=7 fc=0x03
NORMAL tid=09 addr=8 fc=0x03
NORMAL tid=10 addr=9 fc=0x03
NORMAL tid=11 addr=0 fc=0x03
NORMAL tid=12 addr=1 fc=0x03
NORMAL tid=13 addr=2 fc=0x03
NORMAL tid=14 addr=3 fc=0x03
NORMAL tid=15 addr=4 fc=0x03
NORMAL tid=16 addr=5 fc=0x03
NORMAL tid=17 addr=6 fc=0x03
NORMAL tid=18 addr=7 fc=0x03
NORMAL tid=19 addr=8 fc=0x03
NORMAL tid=20 addr=9 fc=0x03
BURST tid=21 addr=0 fc=0x03
BURST tid=22 addr=1 fc=0x03
BURST tid=23 addr=2 fc=0x03
BURST tid=24 addr=3 fc=0x03
BURST tid=25 addr=4 fc=0x03
BURST tid=26 addr=5 fc=0x03
BURST tid=27 addr=6 fc=0x03
BURST tid=28 addr=7 fc=0x03
BURST tid=29 addr=8 fc=0x03
BURST tid=30 addr=9 fc=0x03
BURST tid=31 addr=0 fc=0x03
BURST tid=32 addr=1 fc=0x03
BURST tid=33 addr=2 fc=0x03
BURST tid=34 addr=3 fc=0x03
BURST tid=35 addr=4 fc=0x03
BURST tid=36 addr=5 fc=0x03
BURST tid=37 addr=6 fc=0x03
BURST tid=38 addr=7 fc=0x03
BURST tid=39 addr=8 fc=0x03
BURST tid=40 addr=9 fc=0x03
NORMAL tid=41 addr=0 fc=0x03
NORMAL tid=42 addr=1 fc=0x03
NORMAL tid=43 addr=2 fc=0x03
NORMAL tid=44 addr=3 fc=0x03
NORMAL tid=45 addr=4 fc=0x03
NORMAL tid=46 addr=5 fc=0x03
NORMAL tid=47 addr=6 fc=0x03
NORMAL tid=48 addr=7 fc=0x03
NORMAL tid=49 addr=8 fc=0x03
NORMAL tid=50 addr=9 fc=0x03
NORMAL tid=51 addr=0 fc=0x03
NORMAL tid=52 addr=1 fc=0x03
NORMAL tid=53 addr=2 fc=0x03
NORMAL tid=54 addr=3 fc=0x03
NORMAL tid=55 addr=4 fc=0x03
NORMAL tid=56 addr=5 fc=0x03
NORMAL tid=57 addr=6 fc=0x03
NORMAL tid=58 addr=7 fc=0x03
NORMAL tid=59 addr=8 fc=0x03
NORMAL tid=60 addr=9 fc=0x03
REQUESTS_SUCCESSFUL=60
REQUESTS_MISSED=0

RAW PCAP:
9cd0ebc0f0f496ec850c35890c275da7874f81fcce60288dff89c4c80ce10b93  /home/chand/otshield-bench/evidence/v06/20260922T174026Z/trial-16/clean/raw.pcap
NORMALIZED_RECORDS= 60

CONDITION COMPLETE:
trial=16 condition=clean

----------------------------------------------
TRIAL=16
CONDITION=delay20
DELAY=20ms
JITTER=0ms
LOSS=0%
----------------------------------------------
Predeclared: openplc-v06-20260922T174026Z-t16-delay20
Normal: 40
Anomaly: 20
52620c5bc9aa426a1ebb0f924d7ce581048af7f252fcde9411c55bda74e22c0f  /home/chand/otshield-bench/evidence/v06/20260922T174026Z/trial-16/delay20/protocol.json
NETEM:
qdisc netem 803d: root refcnt 13 limit 1000 delay 20ms seed 12647750212531344410
NORMAL tid=01 addr=0 fc=0x03
NORMAL tid=02 addr=1 fc=0x03
NORMAL tid=03 addr=2 fc=0x03
NORMAL tid=04 addr=3 fc=0x03
NORMAL tid=05 addr=4 fc=0x03
NORMAL tid=06 addr=5 fc=0x03
NORMAL tid=07 addr=6 fc=0x03
NORMAL tid=08 addr=7 fc=0x03
NORMAL tid=09 addr=8 fc=0x03
NORMAL tid=10 addr=9 fc=0x03
NORMAL tid=11 addr=0 fc=0x03
NORMAL tid=12 addr=1 fc=0x03
NORMAL tid=13 addr=2 fc=0x03
NORMAL tid=14 addr=3 fc=0x03
NORMAL tid=15 addr=4 fc=0x03
NORMAL tid=16 addr=5 fc=0x03
NORMAL tid=17 addr=6 fc=0x03
NORMAL tid=18 addr=7 fc=0x03
NORMAL tid=19 addr=8 fc=0x03
NORMAL tid=20 addr=9 fc=0x03
BURST tid=21 addr=0 fc=0x03
BURST tid=22 addr=1 fc=0x03
BURST tid=23 addr=2 fc=0x03
BURST tid=24 addr=3 fc=0x03
BURST tid=25 addr=4 fc=0x03
BURST tid=26 addr=5 fc=0x03
BURST tid=27 addr=6 fc=0x03
BURST tid=28 addr=7 fc=0x03
BURST tid=29 addr=8 fc=0x03
BURST tid=30 addr=9 fc=0x03
BURST tid=31 addr=0 fc=0x03
BURST tid=32 addr=1 fc=0x03
BURST tid=33 addr=2 fc=0x03
BURST tid=34 addr=3 fc=0x03
BURST tid=35 addr=4 fc=0x03
BURST tid=36 addr=5 fc=0x03
BURST tid=37 addr=6 fc=0x03
BURST tid=38 addr=7 fc=0x03
BURST tid=39 addr=8 fc=0x03
BURST tid=40 addr=9 fc=0x03
NORMAL tid=41 addr=0 fc=0x03
NORMAL tid=42 addr=1 fc=0x03
NORMAL tid=43 addr=2 fc=0x03
NORMAL tid=44 addr=3 fc=0x03
NORMAL tid=45 addr=4 fc=0x03
NORMAL tid=46 addr=5 fc=0x03
NORMAL tid=47 addr=6 fc=0x03
NORMAL tid=48 addr=7 fc=0x03
NORMAL tid=49 addr=8 fc=0x03
NORMAL tid=50 addr=9 fc=0x03
NORMAL tid=51 addr=0 fc=0x03
NORMAL tid=52 addr=1 fc=0x03
NORMAL tid=53 addr=2 fc=0x03
NORMAL tid=54 addr=3 fc=0x03
NORMAL tid=55 addr=4 fc=0x03
NORMAL tid=56 addr=5 fc=0x03
NORMAL tid=57 addr=6 fc=0x03
NORMAL tid=58 addr=7 fc=0x03
NORMAL tid=59 addr=8 fc=0x03
NORMAL tid=60 addr=9 fc=0x03
REQUESTS_SUCCESSFUL=60
REQUESTS_MISSED=0

RAW PCAP:
4494766e848b1ab36d61ba0ca2d5fe21624bfe7fb306393fac19748daba12781  /home/chand/otshield-bench/evidence/v06/20260922T174026Z/trial-16/delay20/raw.pcap
NORMALIZED_RECORDS= 60

CONDITION COMPLETE:
trial=16 condition=delay20

----------------------------------------------
TRIAL=16
CONDITION=delay20_jitter5_loss5
DELAY=20ms
JITTER=5ms
LOSS=5%
----------------------------------------------
Predeclared: openplc-v06-20260922T174026Z-t16-delay20_jitter5_loss5
Normal: 40
Anomaly: 20
cb86ed6229b14ded7e62f3cc5fd55a4dab39687701bad066be1294fc411e1d95  /home/chand/otshield-bench/evidence/v06/20260922T174026Z/trial-16/delay20_jitter5_loss5/protocol.json
NETEM:
qdisc netem 803e: root refcnt 13 limit 1000 delay 20ms  5ms loss 5% seed 15677579542813497874
NORMAL tid=01 addr=0 fc=0x03
NORMAL tid=02 addr=1 fc=0x03
NORMAL tid=03 addr=2 fc=0x03
NORMAL tid=04 addr=3 fc=0x03
NORMAL tid=05 addr=4 fc=0x03
NORMAL tid=06 addr=5 fc=0x03
NORMAL tid=07 addr=6 fc=0x03
NORMAL tid=08 addr=7 fc=0x03
NORMAL tid=09 addr=8 fc=0x03
NORMAL tid=10 addr=9 fc=0x03
NORMAL tid=11 addr=0 fc=0x03
NORMAL tid=12 addr=1 fc=0x03
NORMAL tid=13 addr=2 fc=0x03
NORMAL tid=14 addr=3 fc=0x03
NORMAL tid=15 addr=4 fc=0x03
NORMAL tid=16 addr=5 fc=0x03
NORMAL tid=17 addr=6 fc=0x03
NORMAL tid=18 addr=7 fc=0x03
NORMAL tid=19 addr=8 fc=0x03
NORMAL tid=20 addr=9 fc=0x03
BURST tid=21 addr=0 fc=0x03
BURST tid=22 addr=1 fc=0x03
BURST tid=23 addr=2 fc=0x03
BURST tid=24 addr=3 fc=0x03
BURST tid=25 addr=4 fc=0x03
BURST tid=26 addr=5 fc=0x03
BURST tid=27 addr=6 fc=0x03
BURST tid=28 addr=7 fc=0x03
BURST tid=29 addr=8 fc=0x03
BURST tid=30 addr=9 fc=0x03
BURST tid=31 addr=0 fc=0x03
BURST tid=32 addr=1 fc=0x03
BURST tid=33 addr=2 fc=0x03
BURST tid=34 addr=3 fc=0x03
BURST tid=35 addr=4 fc=0x03
BURST tid=36 addr=5 fc=0x03
BURST tid=37 addr=6 fc=0x03
BURST tid=38 addr=7 fc=0x03
BURST tid=39 addr=8 fc=0x03
BURST tid=40 addr=9 fc=0x03
NORMAL tid=41 addr=0 fc=0x03
NORMAL tid=42 addr=1 fc=0x03
NORMAL tid=43 addr=2 fc=0x03
NORMAL tid=44 addr=3 fc=0x03
NORMAL tid=45 addr=4 fc=0x03
NORMAL tid=46 addr=5 fc=0x03
NORMAL tid=47 addr=6 fc=0x03
NORMAL tid=48 addr=7 fc=0x03
NORMAL tid=49 addr=8 fc=0x03
NORMAL tid=50 addr=9 fc=0x03
NORMAL tid=51 addr=0 fc=0x03
NORMAL tid=52 addr=1 fc=0x03
NORMAL tid=53 addr=2 fc=0x03
NORMAL tid=54 addr=3 fc=0x03
NORMAL tid=55 addr=4 fc=0x03
NORMAL tid=56 addr=5 fc=0x03
NORMAL tid=57 addr=6 fc=0x03
NORMAL tid=58 addr=7 fc=0x03
NORMAL tid=59 addr=8 fc=0x03
NORMAL tid=60 addr=9 fc=0x03
REQUESTS_SUCCESSFUL=60
REQUESTS_MISSED=0

RAW PCAP:
09a52dba9ce271ce421765c4a7071b3aa1b094fcc274d508f6748b09756bce2c  /home/chand/otshield-bench/evidence/v06/20260922T174026Z/trial-16/delay20_jitter5_loss5/raw.pcap
NORMALIZED_RECORDS= 60

CONDITION COMPLETE:
trial=16 condition=delay20_jitter5_loss5

----------------------------------------------
TRIAL=16
CONDITION=delay40_jitter10
DELAY=40ms
JITTER=10ms
LOSS=0%
----------------------------------------------
Predeclared: openplc-v06-20260922T174026Z-t16-delay40_jitter10
Normal: 40
Anomaly: 20
29c100760dae18dad7fd32caa8bbe134e09b30ce678083f03a9c433219ba585f  /home/chand/otshield-bench/evidence/v06/20260922T174026Z/trial-16/delay40_jitter10/protocol.json
NETEM:
qdisc netem 803f: root refcnt 13 limit 1000 delay 40ms  10ms seed 3369147812444309137
NORMAL tid=01 addr=0 fc=0x03
NORMAL tid=02 addr=1 fc=0x03
NORMAL tid=03 addr=2 fc=0x03
NORMAL tid=04 addr=3 fc=0x03
NORMAL tid=05 addr=4 fc=0x03
NORMAL tid=06 addr=5 fc=0x03
NORMAL tid=07 addr=6 fc=0x03
NORMAL tid=08 addr=7 fc=0x03
NORMAL tid=09 addr=8 fc=0x03
NORMAL tid=10 addr=9 fc=0x03
NORMAL tid=11 addr=0 fc=0x03
NORMAL tid=12 addr=1 fc=0x03
NORMAL tid=13 addr=2 fc=0x03
NORMAL tid=14 addr=3 fc=0x03
NORMAL tid=15 addr=4 fc=0x03
NORMAL tid=16 addr=5 fc=0x03
NORMAL tid=17 addr=6 fc=0x03
NORMAL tid=18 addr=7 fc=0x03
NORMAL tid=19 addr=8 fc=0x03
NORMAL tid=20 addr=9 fc=0x03
BURST tid=21 addr=0 fc=0x03
BURST tid=22 addr=1 fc=0x03
BURST tid=23 addr=2 fc=0x03
BURST tid=24 addr=3 fc=0x03
BURST tid=25 addr=4 fc=0x03
BURST tid=26 addr=5 fc=0x03
BURST tid=27 addr=6 fc=0x03
BURST tid=28 addr=7 fc=0x03
BURST tid=29 addr=8 fc=0x03
BURST tid=30 addr=9 fc=0x03
BURST tid=31 addr=0 fc=0x03
BURST tid=32 addr=1 fc=0x03
BURST tid=33 addr=2 fc=0x03
BURST tid=34 addr=3 fc=0x03
BURST tid=35 addr=4 fc=0x03
BURST tid=36 addr=5 fc=0x03
BURST tid=37 addr=6 fc=0x03
BURST tid=38 addr=7 fc=0x03
BURST tid=39 addr=8 fc=0x03
BURST tid=40 addr=9 fc=0x03
NORMAL tid=41 addr=0 fc=0x03
NORMAL tid=42 addr=1 fc=0x03
NORMAL tid=43 addr=2 fc=0x03
NORMAL tid=44 addr=3 fc=0x03
NORMAL tid=45 addr=4 fc=0x03
NORMAL tid=46 addr=5 fc=0x03
NORMAL tid=47 addr=6 fc=0x03
NORMAL tid=48 addr=7 fc=0x03
NORMAL tid=49 addr=8 fc=0x03
NORMAL tid=50 addr=9 fc=0x03
NORMAL tid=51 addr=0 fc=0x03
NORMAL tid=52 addr=1 fc=0x03
NORMAL tid=53 addr=2 fc=0x03
NORMAL tid=54 addr=3 fc=0x03
NORMAL tid=55 addr=4 fc=0x03
NORMAL tid=56 addr=5 fc=0x03
NORMAL tid=57 addr=6 fc=0x03
NORMAL tid=58 addr=7 fc=0x03
NORMAL tid=59 addr=8 fc=0x03
NORMAL tid=60 addr=9 fc=0x03
REQUESTS_SUCCESSFUL=60
REQUESTS_MISSED=0

RAW PCAP:
78331cdc92bf20e2e48a50ba8f60dfda72bac474c0361641b8b29aa064951b5a  /home/chand/otshield-bench/evidence/v06/20260922T174026Z/trial-16/delay40_jitter10/raw.pcap
NORMALIZED_RECORDS= 60

CONDITION COMPLETE:
trial=16 condition=delay40_jitter10

----------------------------------------------
TRIAL=16
CONDITION=delay60_jitter10
DELAY=60ms
JITTER=10ms
LOSS=0%
----------------------------------------------
Predeclared: openplc-v06-20260922T174026Z-t16-delay60_jitter10
Normal: 40
Anomaly: 20
9e921ebfc5a7527becdad2dbf6e77acc484ea515e0011f9b66699df3b940f9e3  /home/chand/otshield-bench/evidence/v06/20260922T174026Z/trial-16/delay60_jitter10/protocol.json
NETEM:
qdisc netem 8040: root refcnt 13 limit 1000 delay 60ms  10ms seed 14935975429876149463
NORMAL tid=01 addr=0 fc=0x03
NORMAL tid=02 addr=1 fc=0x03
NORMAL tid=03 addr=2 fc=0x03
NORMAL tid=04 addr=3 fc=0x03
NORMAL tid=05 addr=4 fc=0x03
NORMAL tid=06 addr=5 fc=0x03
NORMAL tid=07 addr=6 fc=0x03
NORMAL tid=08 addr=7 fc=0x03
NORMAL tid=09 addr=8 fc=0x03
NORMAL tid=10 addr=9 fc=0x03
NORMAL tid=11 addr=0 fc=0x03
NORMAL tid=12 addr=1 fc=0x03
NORMAL tid=13 addr=2 fc=0x03
NORMAL tid=14 addr=3 fc=0x03
NORMAL tid=15 addr=4 fc=0x03
NORMAL tid=16 addr=5 fc=0x03
NORMAL tid=17 addr=6 fc=0x03
NORMAL tid=18 addr=7 fc=0x03
NORMAL tid=19 addr=8 fc=0x03
NORMAL tid=20 addr=9 fc=0x03
BURST tid=21 addr=0 fc=0x03
BURST tid=22 addr=1 fc=0x03
BURST tid=23 addr=2 fc=0x03
BURST tid=24 addr=3 fc=0x03
BURST tid=25 addr=4 fc=0x03
BURST tid=26 addr=5 fc=0x03
BURST tid=27 addr=6 fc=0x03
BURST tid=28 addr=7 fc=0x03
BURST tid=29 addr=8 fc=0x03
BURST tid=30 addr=9 fc=0x03
BURST tid=31 addr=0 fc=0x03
BURST tid=32 addr=1 fc=0x03
BURST tid=33 addr=2 fc=0x03
BURST tid=34 addr=3 fc=0x03
BURST tid=35 addr=4 fc=0x03
BURST tid=36 addr=5 fc=0x03
BURST tid=37 addr=6 fc=0x03
BURST tid=38 addr=7 fc=0x03
BURST tid=39 addr=8 fc=0x03
BURST tid=40 addr=9 fc=0x03
NORMAL tid=41 addr=0 fc=0x03
NORMAL tid=42 addr=1 fc=0x03
NORMAL tid=43 addr=2 fc=0x03
NORMAL tid=44 addr=3 fc=0x03
NORMAL tid=45 addr=4 fc=0x03
NORMAL tid=46 addr=5 fc=0x03
NORMAL tid=47 addr=6 fc=0x03
NORMAL tid=48 addr=7 fc=0x03
NORMAL tid=49 addr=8 fc=0x03
NORMAL tid=50 addr=9 fc=0x03
NORMAL tid=51 addr=0 fc=0x03
NORMAL tid=52 addr=1 fc=0x03
NORMAL tid=53 addr=2 fc=0x03
NORMAL tid=54 addr=3 fc=0x03
NORMAL tid=55 addr=4 fc=0x03
NORMAL tid=56 addr=5 fc=0x03
NORMAL tid=57 addr=6 fc=0x03
NORMAL tid=58 addr=7 fc=0x03
NORMAL tid=59 addr=8 fc=0x03
NORMAL tid=60 addr=9 fc=0x03
REQUESTS_SUCCESSFUL=60
REQUESTS_MISSED=0

RAW PCAP:
8bf33894c5fe7652c26cfe8eb6751d8fd5376ce2655435d1d67ac0a22c686d81  /home/chand/otshield-bench/evidence/v06/20260922T174026Z/trial-16/delay60_jitter10/raw.pcap
NORMALIZED_RECORDS= 60

CONDITION COMPLETE:
trial=16 condition=delay60_jitter10

TRIAL 16 COMPLETE

##############################################
TRIAL 17 / 25
##############################################
 Network docker_otshield-ics-net Creating 
 Network docker_otshield-ics-net Creating 
 Network docker_otshield-ics-net Created 
 Network docker_otshield-ics-net Created 
 Container otshield-openplc Creating 
 Container otshield-openplc Created 
 Container otshield-openplc Starting 
 Container otshield-openplc Started 
OpenPLC: starting
OpenPLC: healthy
OPENPLC_EXPECTED_ID=6148be56ccfd476767c3469131964410d38a75be53eb5140229635874a440849
Network: docker_otshield-ics-net
Image: fortiphyd/grfics-plc:latest
Image ID: sha256:364461af6d7b56563fa6fdc6a296a2dfa6530caf07ea736bbc9a71701a360919

----------------------------------------------
TRIAL=17
CONDITION=delay20
DELAY=20ms
JITTER=0ms
LOSS=0%
----------------------------------------------
Predeclared: openplc-v06-20260922T174026Z-t17-delay20
Normal: 40
Anomaly: 20
9a5a0bf6fd47bcd3989a8b6f5a772a14b98732256440de3ea02ccb41e1172d92  /home/chand/otshield-bench/evidence/v06/20260922T174026Z/trial-17/delay20/protocol.json
NETEM:
qdisc netem 8041: root refcnt 13 limit 1000 delay 20ms seed 8307404644296998121
NORMAL tid=01 addr=0 fc=0x03
NORMAL tid=02 addr=1 fc=0x03
NORMAL tid=03 addr=2 fc=0x03
NORMAL tid=04 addr=3 fc=0x03
NORMAL tid=05 addr=4 fc=0x03
NORMAL tid=06 addr=5 fc=0x03
NORMAL tid=07 addr=6 fc=0x03
NORMAL tid=08 addr=7 fc=0x03
NORMAL tid=09 addr=8 fc=0x03
NORMAL tid=10 addr=9 fc=0x03
NORMAL tid=11 addr=0 fc=0x03
NORMAL tid=12 addr=1 fc=0x03
NORMAL tid=13 addr=2 fc=0x03
NORMAL tid=14 addr=3 fc=0x03
NORMAL tid=15 addr=4 fc=0x03
NORMAL tid=16 addr=5 fc=0x03
NORMAL tid=17 addr=6 fc=0x03
NORMAL tid=18 addr=7 fc=0x03
NORMAL tid=19 addr=8 fc=0x03
NORMAL tid=20 addr=9 fc=0x03
BURST tid=21 addr=0 fc=0x03
BURST tid=22 addr=1 fc=0x03
BURST tid=23 addr=2 fc=0x03
BURST tid=24 addr=3 fc=0x03
BURST tid=25 addr=4 fc=0x03
BURST tid=26 addr=5 fc=0x03
BURST tid=27 addr=6 fc=0x03
BURST tid=28 addr=7 fc=0x03
BURST tid=29 addr=8 fc=0x03
BURST tid=30 addr=9 fc=0x03
BURST tid=31 addr=0 fc=0x03
BURST tid=32 addr=1 fc=0x03
BURST tid=33 addr=2 fc=0x03
BURST tid=34 addr=3 fc=0x03
BURST tid=35 addr=4 fc=0x03
BURST tid=36 addr=5 fc=0x03
BURST tid=37 addr=6 fc=0x03
BURST tid=38 addr=7 fc=0x03
BURST tid=39 addr=8 fc=0x03
BURST tid=40 addr=9 fc=0x03
NORMAL tid=41 addr=0 fc=0x03
NORMAL tid=42 addr=1 fc=0x03
NORMAL tid=43 addr=2 fc=0x03
NORMAL tid=44 addr=3 fc=0x03
NORMAL tid=45 addr=4 fc=0x03
NORMAL tid=46 addr=5 fc=0x03
NORMAL tid=47 addr=6 fc=0x03
NORMAL tid=48 addr=7 fc=0x03
NORMAL tid=49 addr=8 fc=0x03
NORMAL tid=50 addr=9 fc=0x03
NORMAL tid=51 addr=0 fc=0x03
NORMAL tid=52 addr=1 fc=0x03
NORMAL tid=53 addr=2 fc=0x03
NORMAL tid=54 addr=3 fc=0x03
NORMAL tid=55 addr=4 fc=0x03
NORMAL tid=56 addr=5 fc=0x03
NORMAL tid=57 addr=6 fc=0x03
NORMAL tid=58 addr=7 fc=0x03
NORMAL tid=59 addr=8 fc=0x03
NORMAL tid=60 addr=9 fc=0x03
REQUESTS_SUCCESSFUL=60
REQUESTS_MISSED=0

RAW PCAP:
b93aa4845dc19e141f6025fe8ab1ec8ea7b557f34627c20255ee7f0d9e7591bd  /home/chand/otshield-bench/evidence/v06/20260922T174026Z/trial-17/delay20/raw.pcap
NORMALIZED_RECORDS= 60

CONDITION COMPLETE:
trial=17 condition=delay20

----------------------------------------------
TRIAL=17
CONDITION=delay20_jitter5_loss5
DELAY=20ms
JITTER=5ms
LOSS=5%
----------------------------------------------
Predeclared: openplc-v06-20260922T174026Z-t17-delay20_jitter5_loss5
Normal: 40
Anomaly: 20
011a9726856d70280ddd716b8f4502aaac48a084c09eddedd9228dcebddf1a3f  /home/chand/otshield-bench/evidence/v06/20260922T174026Z/trial-17/delay20_jitter5_loss5/protocol.json
NETEM:
qdisc netem 8042: root refcnt 13 limit 1000 delay 20ms  5ms loss 5% seed 8662847473361196179
NORMAL tid=01 addr=0 fc=0x03
NORMAL tid=02 addr=1 fc=0x03
NORMAL tid=03 addr=2 fc=0x03
NORMAL tid=04 addr=3 fc=0x03
NORMAL tid=05 addr=4 fc=0x03
NORMAL tid=06 addr=5 fc=0x03
NORMAL tid=07 addr=6 fc=0x03
NORMAL tid=08 addr=7 fc=0x03
NORMAL tid=09 addr=8 fc=0x03
NORMAL tid=10 addr=9 fc=0x03
NORMAL tid=11 addr=0 fc=0x03
NORMAL tid=12 addr=1 fc=0x03
NORMAL tid=13 addr=2 fc=0x03
NORMAL tid=14 addr=3 fc=0x03
NORMAL tid=15 addr=4 fc=0x03
NORMAL tid=16 addr=5 fc=0x03
NORMAL tid=17 addr=6 fc=0x03
NORMAL tid=18 addr=7 fc=0x03
NORMAL tid=19 addr=8 fc=0x03
NORMAL tid=20 addr=9 fc=0x03
BURST tid=21 addr=0 fc=0x03
BURST tid=22 addr=1 fc=0x03
BURST tid=23 addr=2 fc=0x03
BURST tid=24 addr=3 fc=0x03
BURST tid=25 addr=4 fc=0x03
BURST tid=26 addr=5 fc=0x03
BURST tid=27 addr=6 fc=0x03
BURST tid=28 addr=7 fc=0x03
BURST tid=29 addr=8 fc=0x03
BURST tid=30 addr=9 fc=0x03
BURST tid=31 addr=0 fc=0x03
BURST tid=32 addr=1 fc=0x03
BURST tid=33 addr=2 fc=0x03
BURST tid=34 addr=3 fc=0x03
BURST tid=35 addr=4 fc=0x03
BURST tid=36 addr=5 fc=0x03
BURST tid=37 addr=6 fc=0x03
BURST tid=38 addr=7 fc=0x03
BURST tid=39 addr=8 fc=0x03
BURST tid=40 addr=9 fc=0x03
NORMAL tid=41 addr=0 fc=0x03
NORMAL tid=42 addr=1 fc=0x03
NORMAL tid=43 addr=2 fc=0x03
NORMAL tid=44 addr=3 fc=0x03
NORMAL tid=45 addr=4 fc=0x03
NORMAL tid=46 addr=5 fc=0x03
NORMAL tid=47 addr=6 fc=0x03
NORMAL tid=48 addr=7 fc=0x03
NORMAL tid=49 addr=8 fc=0x03
NORMAL tid=50 addr=9 fc=0x03
NORMAL tid=51 addr=0 fc=0x03
NORMAL tid=52 addr=1 fc=0x03
NORMAL tid=53 addr=2 fc=0x03
NORMAL tid=54 addr=3 fc=0x03
NORMAL tid=55 addr=4 fc=0x03
NORMAL tid=56 addr=5 fc=0x03
NORMAL tid=57 addr=6 fc=0x03
NORMAL tid=58 addr=7 fc=0x03
NORMAL tid=59 addr=8 fc=0x03
NORMAL tid=60 addr=9 fc=0x03
REQUESTS_SUCCESSFUL=60
REQUESTS_MISSED=0

RAW PCAP:
925d2cea39bb26b6b179fc1abd14bb1fbc5235f76bd7d272ba35e5040fad10c6  /home/chand/otshield-bench/evidence/v06/20260922T174026Z/trial-17/delay20_jitter5_loss5/raw.pcap
NORMALIZED_RECORDS= 60

CONDITION COMPLETE:
trial=17 condition=delay20_jitter5_loss5

----------------------------------------------
TRIAL=17
CONDITION=delay40_jitter10
DELAY=40ms
JITTER=10ms
LOSS=0%
----------------------------------------------
Predeclared: openplc-v06-20260922T174026Z-t17-delay40_jitter10
Normal: 40
Anomaly: 20
d0a379ce228c40e78a451824b1796806ca9aa0410c02bcd21dd5028946e23f1d  /home/chand/otshield-bench/evidence/v06/20260922T174026Z/trial-17/delay40_jitter10/protocol.json
NETEM:
qdisc netem 8043: root refcnt 13 limit 1000 delay 40ms  10ms seed 13893957965681610522
NORMAL tid=01 addr=0 fc=0x03
NORMAL tid=02 addr=1 fc=0x03
NORMAL tid=03 addr=2 fc=0x03
NORMAL tid=04 addr=3 fc=0x03
NORMAL tid=05 addr=4 fc=0x03
NORMAL tid=06 addr=5 fc=0x03
NORMAL tid=07 addr=6 fc=0x03
NORMAL tid=08 addr=7 fc=0x03
NORMAL tid=09 addr=8 fc=0x03
NORMAL tid=10 addr=9 fc=0x03
NORMAL tid=11 addr=0 fc=0x03
NORMAL tid=12 addr=1 fc=0x03
NORMAL tid=13 addr=2 fc=0x03
NORMAL tid=14 addr=3 fc=0x03
NORMAL tid=15 addr=4 fc=0x03
NORMAL tid=16 addr=5 fc=0x03
NORMAL tid=17 addr=6 fc=0x03
NORMAL tid=18 addr=7 fc=0x03
NORMAL tid=19 addr=8 fc=0x03
NORMAL tid=20 addr=9 fc=0x03
BURST tid=21 addr=0 fc=0x03
BURST tid=22 addr=1 fc=0x03
BURST tid=23 addr=2 fc=0x03
BURST tid=24 addr=3 fc=0x03
BURST tid=25 addr=4 fc=0x03
BURST tid=26 addr=5 fc=0x03
BURST tid=27 addr=6 fc=0x03
BURST tid=28 addr=7 fc=0x03
BURST tid=29 addr=8 fc=0x03
BURST tid=30 addr=9 fc=0x03
BURST tid=31 addr=0 fc=0x03
BURST tid=32 addr=1 fc=0x03
BURST tid=33 addr=2 fc=0x03
BURST tid=34 addr=3 fc=0x03
BURST tid=35 addr=4 fc=0x03
BURST tid=36 addr=5 fc=0x03
BURST tid=37 addr=6 fc=0x03
BURST tid=38 addr=7 fc=0x03
BURST tid=39 addr=8 fc=0x03
BURST tid=40 addr=9 fc=0x03
NORMAL tid=41 addr=0 fc=0x03
NORMAL tid=42 addr=1 fc=0x03
NORMAL tid=43 addr=2 fc=0x03
NORMAL tid=44 addr=3 fc=0x03
NORMAL tid=45 addr=4 fc=0x03
NORMAL tid=46 addr=5 fc=0x03
NORMAL tid=47 addr=6 fc=0x03
NORMAL tid=48 addr=7 fc=0x03
NORMAL tid=49 addr=8 fc=0x03
NORMAL tid=50 addr=9 fc=0x03
NORMAL tid=51 addr=0 fc=0x03
NORMAL tid=52 addr=1 fc=0x03
NORMAL tid=53 addr=2 fc=0x03
NORMAL tid=54 addr=3 fc=0x03
NORMAL tid=55 addr=4 fc=0x03
NORMAL tid=56 addr=5 fc=0x03
NORMAL tid=57 addr=6 fc=0x03
NORMAL tid=58 addr=7 fc=0x03
NORMAL tid=59 addr=8 fc=0x03
NORMAL tid=60 addr=9 fc=0x03
REQUESTS_SUCCESSFUL=60
REQUESTS_MISSED=0

RAW PCAP:
aee7bfad90c3c4130a4afd9660f03e1212cbc6fb344c23010e30824d27f1e178  /home/chand/otshield-bench/evidence/v06/20260922T174026Z/trial-17/delay40_jitter10/raw.pcap
NORMALIZED_RECORDS= 60

CONDITION COMPLETE:
trial=17 condition=delay40_jitter10

----------------------------------------------
TRIAL=17
CONDITION=delay60_jitter10
DELAY=60ms
JITTER=10ms
LOSS=0%
----------------------------------------------
Predeclared: openplc-v06-20260922T174026Z-t17-delay60_jitter10
Normal: 40
Anomaly: 20
9b50ca862b7015d02bd91031e0d25756fb8355beb33019072534345a94847e56  /home/chand/otshield-bench/evidence/v06/20260922T174026Z/trial-17/delay60_jitter10/protocol.json
NETEM:
qdisc netem 8044: root refcnt 13 limit 1000 delay 60ms  10ms seed 17980858863472177169
NORMAL tid=01 addr=0 fc=0x03
NORMAL tid=02 addr=1 fc=0x03
NORMAL tid=03 addr=2 fc=0x03
NORMAL tid=04 addr=3 fc=0x03
NORMAL tid=05 addr=4 fc=0x03
NORMAL tid=06 addr=5 fc=0x03
NORMAL tid=07 addr=6 fc=0x03
NORMAL tid=08 addr=7 fc=0x03
NORMAL tid=09 addr=8 fc=0x03
NORMAL tid=10 addr=9 fc=0x03
NORMAL tid=11 addr=0 fc=0x03
NORMAL tid=12 addr=1 fc=0x03
NORMAL tid=13 addr=2 fc=0x03
NORMAL tid=14 addr=3 fc=0x03
NORMAL tid=15 addr=4 fc=0x03
NORMAL tid=16 addr=5 fc=0x03
NORMAL tid=17 addr=6 fc=0x03
NORMAL tid=18 addr=7 fc=0x03
NORMAL tid=19 addr=8 fc=0x03
NORMAL tid=20 addr=9 fc=0x03
BURST tid=21 addr=0 fc=0x03
BURST tid=22 addr=1 fc=0x03
BURST tid=23 addr=2 fc=0x03
BURST tid=24 addr=3 fc=0x03
BURST tid=25 addr=4 fc=0x03
BURST tid=26 addr=5 fc=0x03
BURST tid=27 addr=6 fc=0x03
BURST tid=28 addr=7 fc=0x03
BURST tid=29 addr=8 fc=0x03
BURST tid=30 addr=9 fc=0x03
BURST tid=31 addr=0 fc=0x03
BURST tid=32 addr=1 fc=0x03
BURST tid=33 addr=2 fc=0x03
BURST tid=34 addr=3 fc=0x03
BURST tid=35 addr=4 fc=0x03
BURST tid=36 addr=5 fc=0x03
BURST tid=37 addr=6 fc=0x03
BURST tid=38 addr=7 fc=0x03
BURST tid=39 addr=8 fc=0x03
BURST tid=40 addr=9 fc=0x03
NORMAL tid=41 addr=0 fc=0x03
NORMAL tid=42 addr=1 fc=0x03
NORMAL tid=43 addr=2 fc=0x03
NORMAL tid=44 addr=3 fc=0x03
NORMAL tid=45 addr=4 fc=0x03
NORMAL tid=46 addr=5 fc=0x03
NORMAL tid=47 addr=6 fc=0x03
NORMAL tid=48 addr=7 fc=0x03
NORMAL tid=49 addr=8 fc=0x03
NORMAL tid=50 addr=9 fc=0x03
NORMAL tid=51 addr=0 fc=0x03
NORMAL tid=52 addr=1 fc=0x03
NORMAL tid=53 addr=2 fc=0x03
NORMAL tid=54 addr=3 fc=0x03
NORMAL tid=55 addr=4 fc=0x03
NORMAL tid=56 addr=5 fc=0x03
NORMAL tid=57 addr=6 fc=0x03
NORMAL tid=58 addr=7 fc=0x03
NORMAL tid=59 addr=8 fc=0x03
NORMAL tid=60 addr=9 fc=0x03
REQUESTS_SUCCESSFUL=60
REQUESTS_MISSED=0

RAW PCAP:
1f67fccf05cb210ca236be2e682e041e4fad17443b0a47bb01137b9cf7cdd5d0  /home/chand/otshield-bench/evidence/v06/20260922T174026Z/trial-17/delay60_jitter10/raw.pcap
NORMALIZED_RECORDS= 60

CONDITION COMPLETE:
trial=17 condition=delay60_jitter10

----------------------------------------------
TRIAL=17
CONDITION=clean
DELAY=0ms
JITTER=0ms
LOSS=0%
----------------------------------------------
Predeclared: openplc-v06-20260922T174026Z-t17-clean
Normal: 40
Anomaly: 20
dd120911a538f39fdc62204975b531e8082c75489f6c04c948d31aca8d82bcef  /home/chand/otshield-bench/evidence/v06/20260922T174026Z/trial-17/clean/protocol.json
NETEM: clean
NORMAL tid=01 addr=0 fc=0x03
NORMAL tid=02 addr=1 fc=0x03
NORMAL tid=03 addr=2 fc=0x03
NORMAL tid=04 addr=3 fc=0x03
NORMAL tid=05 addr=4 fc=0x03
NORMAL tid=06 addr=5 fc=0x03
NORMAL tid=07 addr=6 fc=0x03
NORMAL tid=08 addr=7 fc=0x03
NORMAL tid=09 addr=8 fc=0x03
NORMAL tid=10 addr=9 fc=0x03
NORMAL tid=11 addr=0 fc=0x03
NORMAL tid=12 addr=1 fc=0x03
NORMAL tid=13 addr=2 fc=0x03
NORMAL tid=14 addr=3 fc=0x03
NORMAL tid=15 addr=4 fc=0x03
NORMAL tid=16 addr=5 fc=0x03
NORMAL tid=17 addr=6 fc=0x03
NORMAL tid=18 addr=7 fc=0x03
NORMAL tid=19 addr=8 fc=0x03
NORMAL tid=20 addr=9 fc=0x03
BURST tid=21 addr=0 fc=0x03
BURST tid=22 addr=1 fc=0x03
BURST tid=23 addr=2 fc=0x03
BURST tid=24 addr=3 fc=0x03
BURST tid=25 addr=4 fc=0x03
BURST tid=26 addr=5 fc=0x03
BURST tid=27 addr=6 fc=0x03
BURST tid=28 addr=7 fc=0x03
BURST tid=29 addr=8 fc=0x03
BURST tid=30 addr=9 fc=0x03
BURST tid=31 addr=0 fc=0x03
BURST tid=32 addr=1 fc=0x03
BURST tid=33 addr=2 fc=0x03
BURST tid=34 addr=3 fc=0x03
BURST tid=35 addr=4 fc=0x03
BURST tid=36 addr=5 fc=0x03
BURST tid=37 addr=6 fc=0x03
BURST tid=38 addr=7 fc=0x03
BURST tid=39 addr=8 fc=0x03
BURST tid=40 addr=9 fc=0x03
NORMAL tid=41 addr=0 fc=0x03
NORMAL tid=42 addr=1 fc=0x03
NORMAL tid=43 addr=2 fc=0x03
NORMAL tid=44 addr=3 fc=0x03
NORMAL tid=45 addr=4 fc=0x03
NORMAL tid=46 addr=5 fc=0x03
NORMAL tid=47 addr=6 fc=0x03
NORMAL tid=48 addr=7 fc=0x03
NORMAL tid=49 addr=8 fc=0x03
NORMAL tid=50 addr=9 fc=0x03
NORMAL tid=51 addr=0 fc=0x03
NORMAL tid=52 addr=1 fc=0x03
NORMAL tid=53 addr=2 fc=0x03
NORMAL tid=54 addr=3 fc=0x03
NORMAL tid=55 addr=4 fc=0x03
NORMAL tid=56 addr=5 fc=0x03
NORMAL tid=57 addr=6 fc=0x03
NORMAL tid=58 addr=7 fc=0x03
NORMAL tid=59 addr=8 fc=0x03
NORMAL tid=60 addr=9 fc=0x03
REQUESTS_SUCCESSFUL=60
REQUESTS_MISSED=0

RAW PCAP:
a623ca19ce38faa9698fcdb26c0fe27bcb8285c73019f1bbf31f5abc3681cf7f  /home/chand/otshield-bench/evidence/v06/20260922T174026Z/trial-17/clean/raw.pcap
NORMALIZED_RECORDS= 60

CONDITION COMPLETE:
trial=17 condition=clean

TRIAL 17 COMPLETE

##############################################
TRIAL 18 / 25
##############################################
 Network docker_otshield-ics-net Creating 
 Network docker_otshield-ics-net Creating 
 Network docker_otshield-ics-net Created 
 Network docker_otshield-ics-net Created 
 Container otshield-openplc Creating 
 Container otshield-openplc Created 
 Container otshield-openplc Starting 
 Container otshield-openplc Started 
OpenPLC: starting
OpenPLC: healthy
OPENPLC_EXPECTED_ID=74ad116b4f7c89b8d0f3bb7e2dd9afc9d3b4ec2c41080cef39782681861af1fe
Network: docker_otshield-ics-net
Image: fortiphyd/grfics-plc:latest
Image ID: sha256:364461af6d7b56563fa6fdc6a296a2dfa6530caf07ea736bbc9a71701a360919

----------------------------------------------
TRIAL=18
CONDITION=delay20_jitter5_loss5
DELAY=20ms
JITTER=5ms
LOSS=5%
----------------------------------------------
Predeclared: openplc-v06-20260922T174026Z-t18-delay20_jitter5_loss5
Normal: 40
Anomaly: 20
cccc6e034f5906b72eebea680c27e8fd6333b051c36c3a4b9e8e4854b6ed1427  /home/chand/otshield-bench/evidence/v06/20260922T174026Z/trial-18/delay20_jitter5_loss5/protocol.json
NETEM:
qdisc netem 8045: root refcnt 13 limit 1000 delay 20ms  5ms loss 5% seed 10153545298000960180
NORMAL tid=01 addr=0 fc=0x03
NORMAL tid=02 addr=1 fc=0x03
NORMAL tid=03 addr=2 fc=0x03
NORMAL tid=04 addr=3 fc=0x03
NORMAL tid=05 addr=4 fc=0x03
NORMAL tid=06 addr=5 fc=0x03
NORMAL tid=07 addr=6 fc=0x03
NORMAL tid=08 addr=7 fc=0x03
NORMAL tid=09 addr=8 fc=0x03
NORMAL tid=10 addr=9 fc=0x03
NORMAL tid=11 addr=0 fc=0x03
NORMAL tid=12 addr=1 fc=0x03
NORMAL tid=13 addr=2 fc=0x03
NORMAL tid=14 addr=3 fc=0x03
NORMAL tid=15 addr=4 fc=0x03
NORMAL tid=16 addr=5 fc=0x03
NORMAL tid=17 addr=6 fc=0x03
NORMAL tid=18 addr=7 fc=0x03
NORMAL tid=19 addr=8 fc=0x03
NORMAL tid=20 addr=9 fc=0x03
BURST tid=21 addr=0 fc=0x03
BURST tid=22 addr=1 fc=0x03
BURST tid=23 addr=2 fc=0x03
BURST tid=24 addr=3 fc=0x03
BURST tid=25 addr=4 fc=0x03
BURST tid=26 addr=5 fc=0x03
BURST tid=27 addr=6 fc=0x03
BURST tid=28 addr=7 fc=0x03
BURST tid=29 addr=8 fc=0x03
BURST tid=30 addr=9 fc=0x03
BURST tid=31 addr=0 fc=0x03
BURST tid=32 addr=1 fc=0x03
BURST tid=33 addr=2 fc=0x03
BURST tid=34 addr=3 fc=0x03
BURST tid=35 addr=4 fc=0x03
BURST tid=36 addr=5 fc=0x03
BURST tid=37 addr=6 fc=0x03
BURST tid=38 addr=7 fc=0x03
BURST tid=39 addr=8 fc=0x03
BURST tid=40 addr=9 fc=0x03
NORMAL tid=41 addr=0 fc=0x03
NORMAL tid=42 addr=1 fc=0x03
NORMAL tid=43 addr=2 fc=0x03
NORMAL tid=44 addr=3 fc=0x03
NORMAL tid=45 addr=4 fc=0x03
NORMAL tid=46 addr=5 fc=0x03
NORMAL tid=47 addr=6 fc=0x03
NORMAL tid=48 addr=7 fc=0x03
NORMAL tid=49 addr=8 fc=0x03
NORMAL tid=50 addr=9 fc=0x03
NORMAL tid=51 addr=0 fc=0x03
NORMAL tid=52 addr=1 fc=0x03
NORMAL tid=53 addr=2 fc=0x03
NORMAL tid=54 addr=3 fc=0x03
NORMAL tid=55 addr=4 fc=0x03
NORMAL tid=56 addr=5 fc=0x03
NORMAL tid=57 addr=6 fc=0x03
NORMAL tid=58 addr=7 fc=0x03
NORMAL tid=59 addr=8 fc=0x03
NORMAL tid=60 addr=9 fc=0x03
REQUESTS_SUCCESSFUL=60
REQUESTS_MISSED=0

RAW PCAP:
0a6146f8c1694cb37f5217d8e7146757bc3859ad14975858a55e923dbae7e264  /home/chand/otshield-bench/evidence/v06/20260922T174026Z/trial-18/delay20_jitter5_loss5/raw.pcap
NORMALIZED_RECORDS= 60

CONDITION COMPLETE:
trial=18 condition=delay20_jitter5_loss5

----------------------------------------------
TRIAL=18
CONDITION=delay40_jitter10
DELAY=40ms
JITTER=10ms
LOSS=0%
----------------------------------------------
Predeclared: openplc-v06-20260922T174026Z-t18-delay40_jitter10
Normal: 40
Anomaly: 20
b0f0f6ed880d53825bcd869627f18ba360887cd408fb14ef9da1fda37fed82f5  /home/chand/otshield-bench/evidence/v06/20260922T174026Z/trial-18/delay40_jitter10/protocol.json
NETEM:
qdisc netem 8046: root refcnt 13 limit 1000 delay 40ms  10ms seed 5560825938741353010
NORMAL tid=01 addr=0 fc=0x03
NORMAL tid=02 addr=1 fc=0x03
NORMAL tid=03 addr=2 fc=0x03
NORMAL tid=04 addr=3 fc=0x03
NORMAL tid=05 addr=4 fc=0x03
NORMAL tid=06 addr=5 fc=0x03
NORMAL tid=07 addr=6 fc=0x03
NORMAL tid=08 addr=7 fc=0x03
NORMAL tid=09 addr=8 fc=0x03
NORMAL tid=10 addr=9 fc=0x03
NORMAL tid=11 addr=0 fc=0x03
NORMAL tid=12 addr=1 fc=0x03
NORMAL tid=13 addr=2 fc=0x03
NORMAL tid=14 addr=3 fc=0x03
NORMAL tid=15 addr=4 fc=0x03
NORMAL tid=16 addr=5 fc=0x03
NORMAL tid=17 addr=6 fc=0x03
NORMAL tid=18 addr=7 fc=0x03
NORMAL tid=19 addr=8 fc=0x03
NORMAL tid=20 addr=9 fc=0x03
BURST tid=21 addr=0 fc=0x03
BURST tid=22 addr=1 fc=0x03
BURST tid=23 addr=2 fc=0x03
BURST tid=24 addr=3 fc=0x03
BURST tid=25 addr=4 fc=0x03
BURST tid=26 addr=5 fc=0x03
BURST tid=27 addr=6 fc=0x03
BURST tid=28 addr=7 fc=0x03
BURST tid=29 addr=8 fc=0x03
BURST tid=30 addr=9 fc=0x03
BURST tid=31 addr=0 fc=0x03
BURST tid=32 addr=1 fc=0x03
BURST tid=33 addr=2 fc=0x03
BURST tid=34 addr=3 fc=0x03
BURST tid=35 addr=4 fc=0x03
BURST tid=36 addr=5 fc=0x03
BURST tid=37 addr=6 fc=0x03
BURST tid=38 addr=7 fc=0x03
BURST tid=39 addr=8 fc=0x03
BURST tid=40 addr=9 fc=0x03
NORMAL tid=41 addr=0 fc=0x03
NORMAL tid=42 addr=1 fc=0x03
NORMAL tid=43 addr=2 fc=0x03
NORMAL tid=44 addr=3 fc=0x03
NORMAL tid=45 addr=4 fc=0x03
NORMAL tid=46 addr=5 fc=0x03
NORMAL tid=47 addr=6 fc=0x03
NORMAL tid=48 addr=7 fc=0x03
NORMAL tid=49 addr=8 fc=0x03
NORMAL tid=50 addr=9 fc=0x03
NORMAL tid=51 addr=0 fc=0x03
NORMAL tid=52 addr=1 fc=0x03
NORMAL tid=53 addr=2 fc=0x03
NORMAL tid=54 addr=3 fc=0x03
NORMAL tid=55 addr=4 fc=0x03
NORMAL tid=56 addr=5 fc=0x03
NORMAL tid=57 addr=6 fc=0x03
NORMAL tid=58 addr=7 fc=0x03
NORMAL tid=59 addr=8 fc=0x03
NORMAL tid=60 addr=9 fc=0x03
REQUESTS_SUCCESSFUL=60
REQUESTS_MISSED=0

RAW PCAP:
86d67b6dd7b02e9d3e1b605d7d12c7f6b24a2f9a179669d1f98f8e2ccfd8153d  /home/chand/otshield-bench/evidence/v06/20260922T174026Z/trial-18/delay40_jitter10/raw.pcap
NORMALIZED_RECORDS= 60

CONDITION COMPLETE:
trial=18 condition=delay40_jitter10

----------------------------------------------
TRIAL=18
CONDITION=delay60_jitter10
DELAY=60ms
JITTER=10ms
LOSS=0%
----------------------------------------------
Predeclared: openplc-v06-20260922T174026Z-t18-delay60_jitter10
Normal: 40
Anomaly: 20
ae58c7757c283bad86971db3ac6793838e12ae1dcde605dba389b82761d37386  /home/chand/otshield-bench/evidence/v06/20260922T174026Z/trial-18/delay60_jitter10/protocol.json
NETEM:
qdisc netem 8047: root refcnt 13 limit 1000 delay 60ms  10ms seed 2938178432809916526
NORMAL tid=01 addr=0 fc=0x03
NORMAL tid=02 addr=1 fc=0x03
NORMAL tid=03 addr=2 fc=0x03
NORMAL tid=04 addr=3 fc=0x03
NORMAL tid=05 addr=4 fc=0x03
NORMAL tid=06 addr=5 fc=0x03
NORMAL tid=07 addr=6 fc=0x03
NORMAL tid=08 addr=7 fc=0x03
NORMAL tid=09 addr=8 fc=0x03
NORMAL tid=10 addr=9 fc=0x03
NORMAL tid=11 addr=0 fc=0x03
NORMAL tid=12 addr=1 fc=0x03
NORMAL tid=13 addr=2 fc=0x03
NORMAL tid=14 addr=3 fc=0x03
NORMAL tid=15 addr=4 fc=0x03
NORMAL tid=16 addr=5 fc=0x03
NORMAL tid=17 addr=6 fc=0x03
NORMAL tid=18 addr=7 fc=0x03
NORMAL tid=19 addr=8 fc=0x03
NORMAL tid=20 addr=9 fc=0x03
BURST tid=21 addr=0 fc=0x03
BURST tid=22 addr=1 fc=0x03
BURST tid=23 addr=2 fc=0x03
BURST tid=24 addr=3 fc=0x03
BURST tid=25 addr=4 fc=0x03
BURST tid=26 addr=5 fc=0x03
BURST tid=27 addr=6 fc=0x03
BURST tid=28 addr=7 fc=0x03
BURST tid=29 addr=8 fc=0x03
BURST tid=30 addr=9 fc=0x03
BURST tid=31 addr=0 fc=0x03
BURST tid=32 addr=1 fc=0x03
BURST tid=33 addr=2 fc=0x03
BURST tid=34 addr=3 fc=0x03
BURST tid=35 addr=4 fc=0x03
BURST tid=36 addr=5 fc=0x03
BURST tid=37 addr=6 fc=0x03
BURST tid=38 addr=7 fc=0x03
BURST tid=39 addr=8 fc=0x03
BURST tid=40 addr=9 fc=0x03
NORMAL tid=41 addr=0 fc=0x03
NORMAL tid=42 addr=1 fc=0x03
NORMAL tid=43 addr=2 fc=0x03
NORMAL tid=44 addr=3 fc=0x03
NORMAL tid=45 addr=4 fc=0x03
NORMAL tid=46 addr=5 fc=0x03
NORMAL tid=47 addr=6 fc=0x03
NORMAL tid=48 addr=7 fc=0x03
NORMAL tid=49 addr=8 fc=0x03
NORMAL tid=50 addr=9 fc=0x03
NORMAL tid=51 addr=0 fc=0x03
NORMAL tid=52 addr=1 fc=0x03
NORMAL tid=53 addr=2 fc=0x03
NORMAL tid=54 addr=3 fc=0x03
NORMAL tid=55 addr=4 fc=0x03
NORMAL tid=56 addr=5 fc=0x03
NORMAL tid=57 addr=6 fc=0x03
NORMAL tid=58 addr=7 fc=0x03
NORMAL tid=59 addr=8 fc=0x03
NORMAL tid=60 addr=9 fc=0x03
REQUESTS_SUCCESSFUL=60
REQUESTS_MISSED=0

RAW PCAP:
05aa93a92ab18a7b2f783d426452a2276929c02969df36fb33e459afa391d3dd  /home/chand/otshield-bench/evidence/v06/20260922T174026Z/trial-18/delay60_jitter10/raw.pcap
NORMALIZED_RECORDS= 60

CONDITION COMPLETE:
trial=18 condition=delay60_jitter10

----------------------------------------------
TRIAL=18
CONDITION=clean
DELAY=0ms
JITTER=0ms
LOSS=0%
----------------------------------------------
Predeclared: openplc-v06-20260922T174026Z-t18-clean
Normal: 40
Anomaly: 20
011f7cd56f91f7db0cc0f991c3b8c8abd47157a5d00e87b15edce42a20f14f5f  /home/chand/otshield-bench/evidence/v06/20260922T174026Z/trial-18/clean/protocol.json
NETEM: clean
NORMAL tid=01 addr=0 fc=0x03
NORMAL tid=02 addr=1 fc=0x03
NORMAL tid=03 addr=2 fc=0x03
NORMAL tid=04 addr=3 fc=0x03
NORMAL tid=05 addr=4 fc=0x03
NORMAL tid=06 addr=5 fc=0x03
NORMAL tid=07 addr=6 fc=0x03
NORMAL tid=08 addr=7 fc=0x03
NORMAL tid=09 addr=8 fc=0x03
NORMAL tid=10 addr=9 fc=0x03
NORMAL tid=11 addr=0 fc=0x03
NORMAL tid=12 addr=1 fc=0x03
NORMAL tid=13 addr=2 fc=0x03
NORMAL tid=14 addr=3 fc=0x03
NORMAL tid=15 addr=4 fc=0x03
NORMAL tid=16 addr=5 fc=0x03
NORMAL tid=17 addr=6 fc=0x03
NORMAL tid=18 addr=7 fc=0x03
NORMAL tid=19 addr=8 fc=0x03
NORMAL tid=20 addr=9 fc=0x03
BURST tid=21 addr=0 fc=0x03
BURST tid=22 addr=1 fc=0x03
BURST tid=23 addr=2 fc=0x03
BURST tid=24 addr=3 fc=0x03
BURST tid=25 addr=4 fc=0x03
BURST tid=26 addr=5 fc=0x03
BURST tid=27 addr=6 fc=0x03
BURST tid=28 addr=7 fc=0x03
BURST tid=29 addr=8 fc=0x03
BURST tid=30 addr=9 fc=0x03
BURST tid=31 addr=0 fc=0x03
BURST tid=32 addr=1 fc=0x03
BURST tid=33 addr=2 fc=0x03
BURST tid=34 addr=3 fc=0x03
BURST tid=35 addr=4 fc=0x03
BURST tid=36 addr=5 fc=0x03
BURST tid=37 addr=6 fc=0x03
BURST tid=38 addr=7 fc=0x03
BURST tid=39 addr=8 fc=0x03
BURST tid=40 addr=9 fc=0x03
NORMAL tid=41 addr=0 fc=0x03
NORMAL tid=42 addr=1 fc=0x03
NORMAL tid=43 addr=2 fc=0x03
NORMAL tid=44 addr=3 fc=0x03
NORMAL tid=45 addr=4 fc=0x03
NORMAL tid=46 addr=5 fc=0x03
NORMAL tid=47 addr=6 fc=0x03
NORMAL tid=48 addr=7 fc=0x03
NORMAL tid=49 addr=8 fc=0x03
NORMAL tid=50 addr=9 fc=0x03
NORMAL tid=51 addr=0 fc=0x03
NORMAL tid=52 addr=1 fc=0x03
NORMAL tid=53 addr=2 fc=0x03
NORMAL tid=54 addr=3 fc=0x03
NORMAL tid=55 addr=4 fc=0x03
NORMAL tid=56 addr=5 fc=0x03
NORMAL tid=57 addr=6 fc=0x03
NORMAL tid=58 addr=7 fc=0x03
NORMAL tid=59 addr=8 fc=0x03
NORMAL tid=60 addr=9 fc=0x03
REQUESTS_SUCCESSFUL=60
REQUESTS_MISSED=0

RAW PCAP:
4a782583f2ee4bd149d2d0e2fc01a26053f6b697da8b1a57438a94b359cd7986  /home/chand/otshield-bench/evidence/v06/20260922T174026Z/trial-18/clean/raw.pcap
NORMALIZED_RECORDS= 60

CONDITION COMPLETE:
trial=18 condition=clean

----------------------------------------------
TRIAL=18
CONDITION=delay20
DELAY=20ms
JITTER=0ms
LOSS=0%
----------------------------------------------
Predeclared: openplc-v06-20260922T174026Z-t18-delay20
Normal: 40
Anomaly: 20
cafd3bb3b95e224ef6ade0c0aa20230e694689844dd23105e5e1fa206d24d57a  /home/chand/otshield-bench/evidence/v06/20260922T174026Z/trial-18/delay20/protocol.json
NETEM:
qdisc netem 8048: root refcnt 13 limit 1000 delay 20ms seed 1451577533071571151
NORMAL tid=01 addr=0 fc=0x03
NORMAL tid=02 addr=1 fc=0x03
NORMAL tid=03 addr=2 fc=0x03
NORMAL tid=04 addr=3 fc=0x03
NORMAL tid=05 addr=4 fc=0x03
NORMAL tid=06 addr=5 fc=0x03
NORMAL tid=07 addr=6 fc=0x03
NORMAL tid=08 addr=7 fc=0x03
NORMAL tid=09 addr=8 fc=0x03
NORMAL tid=10 addr=9 fc=0x03
NORMAL tid=11 addr=0 fc=0x03
NORMAL tid=12 addr=1 fc=0x03
NORMAL tid=13 addr=2 fc=0x03
NORMAL tid=14 addr=3 fc=0x03
NORMAL tid=15 addr=4 fc=0x03
NORMAL tid=16 addr=5 fc=0x03
NORMAL tid=17 addr=6 fc=0x03
NORMAL tid=18 addr=7 fc=0x03
NORMAL tid=19 addr=8 fc=0x03
NORMAL tid=20 addr=9 fc=0x03
BURST tid=21 addr=0 fc=0x03
BURST tid=22 addr=1 fc=0x03
BURST tid=23 addr=2 fc=0x03
BURST tid=24 addr=3 fc=0x03
BURST tid=25 addr=4 fc=0x03
BURST tid=26 addr=5 fc=0x03
BURST tid=27 addr=6 fc=0x03
BURST tid=28 addr=7 fc=0x03
BURST tid=29 addr=8 fc=0x03
BURST tid=30 addr=9 fc=0x03
BURST tid=31 addr=0 fc=0x03
BURST tid=32 addr=1 fc=0x03
BURST tid=33 addr=2 fc=0x03
BURST tid=34 addr=3 fc=0x03
BURST tid=35 addr=4 fc=0x03
BURST tid=36 addr=5 fc=0x03
BURST tid=37 addr=6 fc=0x03
BURST tid=38 addr=7 fc=0x03
BURST tid=39 addr=8 fc=0x03
BURST tid=40 addr=9 fc=0x03
NORMAL tid=41 addr=0 fc=0x03
NORMAL tid=42 addr=1 fc=0x03
NORMAL tid=43 addr=2 fc=0x03
NORMAL tid=44 addr=3 fc=0x03
NORMAL tid=45 addr=4 fc=0x03
NORMAL tid=46 addr=5 fc=0x03
NORMAL tid=47 addr=6 fc=0x03
NORMAL tid=48 addr=7 fc=0x03
NORMAL tid=49 addr=8 fc=0x03
NORMAL tid=50 addr=9 fc=0x03
NORMAL tid=51 addr=0 fc=0x03
NORMAL tid=52 addr=1 fc=0x03
NORMAL tid=53 addr=2 fc=0x03
NORMAL tid=54 addr=3 fc=0x03
NORMAL tid=55 addr=4 fc=0x03
NORMAL tid=56 addr=5 fc=0x03
NORMAL tid=57 addr=6 fc=0x03
NORMAL tid=58 addr=7 fc=0x03
NORMAL tid=59 addr=8 fc=0x03
NORMAL tid=60 addr=9 fc=0x03
REQUESTS_SUCCESSFUL=60
REQUESTS_MISSED=0

RAW PCAP:
633c63a1a377ddf572f5b4b346fd3612554c0fca4fe6173179780f6d339ddcf6  /home/chand/otshield-bench/evidence/v06/20260922T174026Z/trial-18/delay20/raw.pcap
NORMALIZED_RECORDS= 60

CONDITION COMPLETE:
trial=18 condition=delay20

TRIAL 18 COMPLETE

##############################################
TRIAL 19 / 25
##############################################
 Network docker_otshield-ics-net Creating 
 Network docker_otshield-ics-net Creating 
 Network docker_otshield-ics-net Created 
 Network docker_otshield-ics-net Created 
 Container otshield-openplc Creating 
 Container otshield-openplc Created 
 Container otshield-openplc Starting 
 Container otshield-openplc Started 
OpenPLC: starting
OpenPLC: healthy
OPENPLC_EXPECTED_ID=55bdf39ee0184fdff65394f6326d2dff8ea6dbbe1befaa20c587a28201be1531
Network: docker_otshield-ics-net
Image: fortiphyd/grfics-plc:latest
Image ID: sha256:364461af6d7b56563fa6fdc6a296a2dfa6530caf07ea736bbc9a71701a360919

----------------------------------------------
TRIAL=19
CONDITION=delay40_jitter10
DELAY=40ms
JITTER=10ms
LOSS=0%
----------------------------------------------
Predeclared: openplc-v06-20260922T174026Z-t19-delay40_jitter10
Normal: 40
Anomaly: 20
843f88785d9dbafad8a5c98185445278815874625aeb8dd5460e77e070d9ffac  /home/chand/otshield-bench/evidence/v06/20260922T174026Z/trial-19/delay40_jitter10/protocol.json
NETEM:
qdisc netem 8049: root refcnt 13 limit 1000 delay 40ms  10ms seed 10511658460181101756
NORMAL tid=01 addr=0 fc=0x03
NORMAL tid=02 addr=1 fc=0x03
NORMAL tid=03 addr=2 fc=0x03
NORMAL tid=04 addr=3 fc=0x03
NORMAL tid=05 addr=4 fc=0x03
NORMAL tid=06 addr=5 fc=0x03
NORMAL tid=07 addr=6 fc=0x03
NORMAL tid=08 addr=7 fc=0x03
NORMAL tid=09 addr=8 fc=0x03
NORMAL tid=10 addr=9 fc=0x03
NORMAL tid=11 addr=0 fc=0x03
NORMAL tid=12 addr=1 fc=0x03
NORMAL tid=13 addr=2 fc=0x03
NORMAL tid=14 addr=3 fc=0x03
NORMAL tid=15 addr=4 fc=0x03
NORMAL tid=16 addr=5 fc=0x03
NORMAL tid=17 addr=6 fc=0x03
NORMAL tid=18 addr=7 fc=0x03
NORMAL tid=19 addr=8 fc=0x03
NORMAL tid=20 addr=9 fc=0x03
BURST tid=21 addr=0 fc=0x03
BURST tid=22 addr=1 fc=0x03
BURST tid=23 addr=2 fc=0x03
BURST tid=24 addr=3 fc=0x03
BURST tid=25 addr=4 fc=0x03
BURST tid=26 addr=5 fc=0x03
BURST tid=27 addr=6 fc=0x03
BURST tid=28 addr=7 fc=0x03
BURST tid=29 addr=8 fc=0x03
BURST tid=30 addr=9 fc=0x03
BURST tid=31 addr=0 fc=0x03
BURST tid=32 addr=1 fc=0x03
BURST tid=33 addr=2 fc=0x03
BURST tid=34 addr=3 fc=0x03
BURST tid=35 addr=4 fc=0x03
BURST tid=36 addr=5 fc=0x03
BURST tid=37 addr=6 fc=0x03
BURST tid=38 addr=7 fc=0x03
BURST tid=39 addr=8 fc=0x03
BURST tid=40 addr=9 fc=0x03
NORMAL tid=41 addr=0 fc=0x03
NORMAL tid=42 addr=1 fc=0x03
NORMAL tid=43 addr=2 fc=0x03
NORMAL tid=44 addr=3 fc=0x03
NORMAL tid=45 addr=4 fc=0x03
NORMAL tid=46 addr=5 fc=0x03
NORMAL tid=47 addr=6 fc=0x03
NORMAL tid=48 addr=7 fc=0x03
NORMAL tid=49 addr=8 fc=0x03
NORMAL tid=50 addr=9 fc=0x03
NORMAL tid=51 addr=0 fc=0x03
NORMAL tid=52 addr=1 fc=0x03
NORMAL tid=53 addr=2 fc=0x03
NORMAL tid=54 addr=3 fc=0x03
NORMAL tid=55 addr=4 fc=0x03
NORMAL tid=56 addr=5 fc=0x03
NORMAL tid=57 addr=6 fc=0x03
NORMAL tid=58 addr=7 fc=0x03
NORMAL tid=59 addr=8 fc=0x03
NORMAL tid=60 addr=9 fc=0x03
REQUESTS_SUCCESSFUL=60
REQUESTS_MISSED=0

RAW PCAP:
077406a5a8e8d45cba262fc31afa457077ef524e20416a1f1c0c42596fb629a8  /home/chand/otshield-bench/evidence/v06/20260922T174026Z/trial-19/delay40_jitter10/raw.pcap
NORMALIZED_RECORDS= 60

CONDITION COMPLETE:
trial=19 condition=delay40_jitter10

----------------------------------------------
TRIAL=19
CONDITION=delay60_jitter10
DELAY=60ms
JITTER=10ms
LOSS=0%
----------------------------------------------
Predeclared: openplc-v06-20260922T174026Z-t19-delay60_jitter10
Normal: 40
Anomaly: 20
a9d546b1571343173d1666f18422cf0a6e257208535df3e0fbc6b8b8a74d7c7e  /home/chand/otshield-bench/evidence/v06/20260922T174026Z/trial-19/delay60_jitter10/protocol.json
NETEM:
qdisc netem 804a: root refcnt 13 limit 1000 delay 60ms  10ms seed 3724151718480417862
NORMAL tid=01 addr=0 fc=0x03
NORMAL tid=02 addr=1 fc=0x03
NORMAL tid=03 addr=2 fc=0x03
NORMAL tid=04 addr=3 fc=0x03
NORMAL tid=05 addr=4 fc=0x03
NORMAL tid=06 addr=5 fc=0x03
NORMAL tid=07 addr=6 fc=0x03
NORMAL tid=08 addr=7 fc=0x03
NORMAL tid=09 addr=8 fc=0x03
NORMAL tid=10 addr=9 fc=0x03
NORMAL tid=11 addr=0 fc=0x03
NORMAL tid=12 addr=1 fc=0x03
NORMAL tid=13 addr=2 fc=0x03
NORMAL tid=14 addr=3 fc=0x03
NORMAL tid=15 addr=4 fc=0x03
NORMAL tid=16 addr=5 fc=0x03
NORMAL tid=17 addr=6 fc=0x03
NORMAL tid=18 addr=7 fc=0x03
NORMAL tid=19 addr=8 fc=0x03
NORMAL tid=20 addr=9 fc=0x03
BURST tid=21 addr=0 fc=0x03
BURST tid=22 addr=1 fc=0x03
BURST tid=23 addr=2 fc=0x03
BURST tid=24 addr=3 fc=0x03
BURST tid=25 addr=4 fc=0x03
BURST tid=26 addr=5 fc=0x03
BURST tid=27 addr=6 fc=0x03
BURST tid=28 addr=7 fc=0x03
BURST tid=29 addr=8 fc=0x03
BURST tid=30 addr=9 fc=0x03
BURST tid=31 addr=0 fc=0x03
BURST tid=32 addr=1 fc=0x03
BURST tid=33 addr=2 fc=0x03
BURST tid=34 addr=3 fc=0x03
BURST tid=35 addr=4 fc=0x03
BURST tid=36 addr=5 fc=0x03
BURST tid=37 addr=6 fc=0x03
BURST tid=38 addr=7 fc=0x03
BURST tid=39 addr=8 fc=0x03
BURST tid=40 addr=9 fc=0x03
NORMAL tid=41 addr=0 fc=0x03
NORMAL tid=42 addr=1 fc=0x03
NORMAL tid=43 addr=2 fc=0x03
NORMAL tid=44 addr=3 fc=0x03
NORMAL tid=45 addr=4 fc=0x03
NORMAL tid=46 addr=5 fc=0x03
NORMAL tid=47 addr=6 fc=0x03
NORMAL tid=48 addr=7 fc=0x03
NORMAL tid=49 addr=8 fc=0x03
NORMAL tid=50 addr=9 fc=0x03
NORMAL tid=51 addr=0 fc=0x03
NORMAL tid=52 addr=1 fc=0x03
NORMAL tid=53 addr=2 fc=0x03
NORMAL tid=54 addr=3 fc=0x03
NORMAL tid=55 addr=4 fc=0x03
NORMAL tid=56 addr=5 fc=0x03
NORMAL tid=57 addr=6 fc=0x03
NORMAL tid=58 addr=7 fc=0x03
NORMAL tid=59 addr=8 fc=0x03
NORMAL tid=60 addr=9 fc=0x03
REQUESTS_SUCCESSFUL=60
REQUESTS_MISSED=0

RAW PCAP:
ce9c8ec1802226237de5ef925d32a8adfdb627c3042b42d0f60abd1ba465ad09  /home/chand/otshield-bench/evidence/v06/20260922T174026Z/trial-19/delay60_jitter10/raw.pcap
NORMALIZED_RECORDS= 60

CONDITION COMPLETE:
trial=19 condition=delay60_jitter10

----------------------------------------------
TRIAL=19
CONDITION=clean
DELAY=0ms
JITTER=0ms
LOSS=0%
----------------------------------------------
Predeclared: openplc-v06-20260922T174026Z-t19-clean
Normal: 40
Anomaly: 20
c6c98a27d8665b21e41b2620765a357c199c08210de27773262eb74f1dd70076  /home/chand/otshield-bench/evidence/v06/20260922T174026Z/trial-19/clean/protocol.json
NETEM: clean
NORMAL tid=01 addr=0 fc=0x03
NORMAL tid=02 addr=1 fc=0x03
NORMAL tid=03 addr=2 fc=0x03
NORMAL tid=04 addr=3 fc=0x03
NORMAL tid=05 addr=4 fc=0x03
NORMAL tid=06 addr=5 fc=0x03
NORMAL tid=07 addr=6 fc=0x03
NORMAL tid=08 addr=7 fc=0x03
NORMAL tid=09 addr=8 fc=0x03
NORMAL tid=10 addr=9 fc=0x03
NORMAL tid=11 addr=0 fc=0x03
NORMAL tid=12 addr=1 fc=0x03
NORMAL tid=13 addr=2 fc=0x03
NORMAL tid=14 addr=3 fc=0x03
NORMAL tid=15 addr=4 fc=0x03
NORMAL tid=16 addr=5 fc=0x03
NORMAL tid=17 addr=6 fc=0x03
NORMAL tid=18 addr=7 fc=0x03
NORMAL tid=19 addr=8 fc=0x03
NORMAL tid=20 addr=9 fc=0x03
BURST tid=21 addr=0 fc=0x03
BURST tid=22 addr=1 fc=0x03
BURST tid=23 addr=2 fc=0x03
BURST tid=24 addr=3 fc=0x03
BURST tid=25 addr=4 fc=0x03
BURST tid=26 addr=5 fc=0x03
BURST tid=27 addr=6 fc=0x03
BURST tid=28 addr=7 fc=0x03
BURST tid=29 addr=8 fc=0x03
BURST tid=30 addr=9 fc=0x03
BURST tid=31 addr=0 fc=0x03
BURST tid=32 addr=1 fc=0x03
BURST tid=33 addr=2 fc=0x03
BURST tid=34 addr=3 fc=0x03
BURST tid=35 addr=4 fc=0x03
BURST tid=36 addr=5 fc=0x03
BURST tid=37 addr=6 fc=0x03
BURST tid=38 addr=7 fc=0x03
BURST tid=39 addr=8 fc=0x03
BURST tid=40 addr=9 fc=0x03
NORMAL tid=41 addr=0 fc=0x03
NORMAL tid=42 addr=1 fc=0x03
NORMAL tid=43 addr=2 fc=0x03
NORMAL tid=44 addr=3 fc=0x03
NORMAL tid=45 addr=4 fc=0x03
NORMAL tid=46 addr=5 fc=0x03
NORMAL tid=47 addr=6 fc=0x03
NORMAL tid=48 addr=7 fc=0x03
NORMAL tid=49 addr=8 fc=0x03
NORMAL tid=50 addr=9 fc=0x03
NORMAL tid=51 addr=0 fc=0x03
NORMAL tid=52 addr=1 fc=0x03
NORMAL tid=53 addr=2 fc=0x03
NORMAL tid=54 addr=3 fc=0x03
NORMAL tid=55 addr=4 fc=0x03
NORMAL tid=56 addr=5 fc=0x03
NORMAL tid=57 addr=6 fc=0x03
NORMAL tid=58 addr=7 fc=0x03
NORMAL tid=59 addr=8 fc=0x03
NORMAL tid=60 addr=9 fc=0x03
REQUESTS_SUCCESSFUL=60
REQUESTS_MISSED=0

RAW PCAP:
d79add83353fde72ea394dd0a7f1ecae3eefb70142471e5a03608e5e93749959  /home/chand/otshield-bench/evidence/v06/20260922T174026Z/trial-19/clean/raw.pcap
NORMALIZED_RECORDS= 60

CONDITION COMPLETE:
trial=19 condition=clean

----------------------------------------------
TRIAL=19
CONDITION=delay20
DELAY=20ms
JITTER=0ms
LOSS=0%
----------------------------------------------
Predeclared: openplc-v06-20260922T174026Z-t19-delay20
Normal: 40
Anomaly: 20
02bf80e31a5ac2396286e1e97ebe4cdb26115bd5b61f91cd5d6f87f6301314dc  /home/chand/otshield-bench/evidence/v06/20260922T174026Z/trial-19/delay20/protocol.json
NETEM:
qdisc netem 804b: root refcnt 13 limit 1000 delay 20ms seed 1515818962925621545
NORMAL tid=01 addr=0 fc=0x03
NORMAL tid=02 addr=1 fc=0x03
NORMAL tid=03 addr=2 fc=0x03
NORMAL tid=04 addr=3 fc=0x03
NORMAL tid=05 addr=4 fc=0x03
NORMAL tid=06 addr=5 fc=0x03
NORMAL tid=07 addr=6 fc=0x03
NORMAL tid=08 addr=7 fc=0x03
NORMAL tid=09 addr=8 fc=0x03
NORMAL tid=10 addr=9 fc=0x03
NORMAL tid=11 addr=0 fc=0x03
NORMAL tid=12 addr=1 fc=0x03
NORMAL tid=13 addr=2 fc=0x03
NORMAL tid=14 addr=3 fc=0x03
NORMAL tid=15 addr=4 fc=0x03
NORMAL tid=16 addr=5 fc=0x03
NORMAL tid=17 addr=6 fc=0x03
NORMAL tid=18 addr=7 fc=0x03
NORMAL tid=19 addr=8 fc=0x03
NORMAL tid=20 addr=9 fc=0x03
BURST tid=21 addr=0 fc=0x03
BURST tid=22 addr=1 fc=0x03
BURST tid=23 addr=2 fc=0x03
BURST tid=24 addr=3 fc=0x03
BURST tid=25 addr=4 fc=0x03
BURST tid=26 addr=5 fc=0x03
BURST tid=27 addr=6 fc=0x03
BURST tid=28 addr=7 fc=0x03
BURST tid=29 addr=8 fc=0x03
BURST tid=30 addr=9 fc=0x03
BURST tid=31 addr=0 fc=0x03
BURST tid=32 addr=1 fc=0x03
BURST tid=33 addr=2 fc=0x03
BURST tid=34 addr=3 fc=0x03
BURST tid=35 addr=4 fc=0x03
BURST tid=36 addr=5 fc=0x03
BURST tid=37 addr=6 fc=0x03
BURST tid=38 addr=7 fc=0x03
BURST tid=39 addr=8 fc=0x03
BURST tid=40 addr=9 fc=0x03
NORMAL tid=41 addr=0 fc=0x03
NORMAL tid=42 addr=1 fc=0x03
NORMAL tid=43 addr=2 fc=0x03
NORMAL tid=44 addr=3 fc=0x03
NORMAL tid=45 addr=4 fc=0x03
NORMAL tid=46 addr=5 fc=0x03
NORMAL tid=47 addr=6 fc=0x03
NORMAL tid=48 addr=7 fc=0x03
NORMAL tid=49 addr=8 fc=0x03
NORMAL tid=50 addr=9 fc=0x03
NORMAL tid=51 addr=0 fc=0x03
NORMAL tid=52 addr=1 fc=0x03
NORMAL tid=53 addr=2 fc=0x03
NORMAL tid=54 addr=3 fc=0x03
NORMAL tid=55 addr=4 fc=0x03
NORMAL tid=56 addr=5 fc=0x03
NORMAL tid=57 addr=6 fc=0x03
NORMAL tid=58 addr=7 fc=0x03
NORMAL tid=59 addr=8 fc=0x03
NORMAL tid=60 addr=9 fc=0x03
REQUESTS_SUCCESSFUL=60
REQUESTS_MISSED=0

RAW PCAP:
970b341d7226aad3545c6c403839806d3de73b07dcdd6520edbcb06ce6c44f78  /home/chand/otshield-bench/evidence/v06/20260922T174026Z/trial-19/delay20/raw.pcap
NORMALIZED_RECORDS= 60

CONDITION COMPLETE:
trial=19 condition=delay20

----------------------------------------------
TRIAL=19
CONDITION=delay20_jitter5_loss5
DELAY=20ms
JITTER=5ms
LOSS=5%
----------------------------------------------
Predeclared: openplc-v06-20260922T174026Z-t19-delay20_jitter5_loss5
Normal: 40
Anomaly: 20
a45e561c23528d9122077fcc8d642305629e073ef50ef5acee44865fe0f5ae30  /home/chand/otshield-bench/evidence/v06/20260922T174026Z/trial-19/delay20_jitter5_loss5/protocol.json
NETEM:
qdisc netem 804c: root refcnt 13 limit 1000 delay 20ms  5ms loss 5% seed 13900342528618833150
NORMAL tid=01 addr=0 fc=0x03
NORMAL tid=02 addr=1 fc=0x03
NORMAL tid=03 addr=2 fc=0x03
NORMAL tid=04 addr=3 fc=0x03
NORMAL tid=05 addr=4 fc=0x03
NORMAL tid=06 addr=5 fc=0x03
NORMAL tid=07 addr=6 fc=0x03
NORMAL tid=08 addr=7 fc=0x03
NORMAL tid=09 addr=8 fc=0x03
NORMAL tid=10 addr=9 fc=0x03
NORMAL tid=11 addr=0 fc=0x03
NORMAL tid=12 addr=1 fc=0x03
NORMAL tid=13 addr=2 fc=0x03
NORMAL tid=14 addr=3 fc=0x03
NORMAL tid=15 addr=4 fc=0x03
NORMAL tid=16 addr=5 fc=0x03
NORMAL tid=17 addr=6 fc=0x03
NORMAL tid=18 addr=7 fc=0x03
NORMAL tid=19 addr=8 fc=0x03
NORMAL tid=20 addr=9 fc=0x03
BURST tid=21 addr=0 fc=0x03
BURST tid=22 addr=1 fc=0x03
BURST tid=23 addr=2 fc=0x03
BURST tid=24 addr=3 fc=0x03
BURST tid=25 addr=4 fc=0x03
BURST tid=26 addr=5 fc=0x03
BURST tid=27 addr=6 fc=0x03
BURST tid=28 addr=7 fc=0x03
BURST tid=29 addr=8 fc=0x03
BURST tid=30 addr=9 fc=0x03
BURST tid=31 addr=0 fc=0x03
BURST tid=32 addr=1 fc=0x03
BURST tid=33 addr=2 fc=0x03
BURST tid=34 addr=3 fc=0x03
BURST tid=35 addr=4 fc=0x03
BURST tid=36 addr=5 fc=0x03
BURST tid=37 addr=6 fc=0x03
BURST tid=38 addr=7 fc=0x03
BURST tid=39 addr=8 fc=0x03
BURST tid=40 addr=9 fc=0x03
NORMAL tid=41 addr=0 fc=0x03
NORMAL tid=42 addr=1 fc=0x03
NORMAL tid=43 addr=2 fc=0x03
NORMAL tid=44 addr=3 fc=0x03
NORMAL tid=45 addr=4 fc=0x03
NORMAL tid=46 addr=5 fc=0x03
NORMAL tid=47 addr=6 fc=0x03
NORMAL tid=48 addr=7 fc=0x03
NORMAL tid=49 addr=8 fc=0x03
NORMAL tid=50 addr=9 fc=0x03
NORMAL tid=51 addr=0 fc=0x03
NORMAL tid=52 addr=1 fc=0x03
NORMAL tid=53 addr=2 fc=0x03
NORMAL tid=54 addr=3 fc=0x03
NORMAL tid=55 addr=4 fc=0x03
NORMAL tid=56 addr=5 fc=0x03
NORMAL tid=57 addr=6 fc=0x03
NORMAL tid=58 addr=7 fc=0x03
NORMAL tid=59 addr=8 fc=0x03
NORMAL tid=60 addr=9 fc=0x03
REQUESTS_SUCCESSFUL=60
REQUESTS_MISSED=0

RAW PCAP:
19a225a098a73b42d11dc530cca6df84a7698fd54aeb68db37fe47df15da887d  /home/chand/otshield-bench/evidence/v06/20260922T174026Z/trial-19/delay20_jitter5_loss5/raw.pcap
NORMALIZED_RECORDS= 60

CONDITION COMPLETE:
trial=19 condition=delay20_jitter5_loss5

TRIAL 19 COMPLETE

##############################################
TRIAL 20 / 25
##############################################
 Network docker_otshield-ics-net Creating 
 Network docker_otshield-ics-net Creating 
 Network docker_otshield-ics-net Created 
 Network docker_otshield-ics-net Created 
 Container otshield-openplc Creating 
 Container otshield-openplc Created 
 Container otshield-openplc Starting 
 Container otshield-openplc Started 
OpenPLC: starting
OpenPLC: healthy
OPENPLC_EXPECTED_ID=c8f4fc21961ae06b7de7593bf246b31ec486b8b68c8efae6d20b6307cc570714
Network: docker_otshield-ics-net
Image: fortiphyd/grfics-plc:latest
Image ID: sha256:364461af6d7b56563fa6fdc6a296a2dfa6530caf07ea736bbc9a71701a360919

----------------------------------------------
TRIAL=20
CONDITION=delay60_jitter10
DELAY=60ms
JITTER=10ms
LOSS=0%
----------------------------------------------
Predeclared: openplc-v06-20260922T174026Z-t20-delay60_jitter10
Normal: 40
Anomaly: 20
172a407700f120971b6f4da3047001ed49493db8e260a9daa891f0ecb27ee3c2  /home/chand/otshield-bench/evidence/v06/20260922T174026Z/trial-20/delay60_jitter10/protocol.json
NETEM:
qdisc netem 804d: root refcnt 13 limit 1000 delay 60ms  10ms seed 5019574154382850369
NORMAL tid=01 addr=0 fc=0x03
NORMAL tid=02 addr=1 fc=0x03
NORMAL tid=03 addr=2 fc=0x03
NORMAL tid=04 addr=3 fc=0x03
NORMAL tid=05 addr=4 fc=0x03
NORMAL tid=06 addr=5 fc=0x03
NORMAL tid=07 addr=6 fc=0x03
NORMAL tid=08 addr=7 fc=0x03
NORMAL tid=09 addr=8 fc=0x03
NORMAL tid=10 addr=9 fc=0x03
NORMAL tid=11 addr=0 fc=0x03
NORMAL tid=12 addr=1 fc=0x03
NORMAL tid=13 addr=2 fc=0x03
NORMAL tid=14 addr=3 fc=0x03
NORMAL tid=15 addr=4 fc=0x03
NORMAL tid=16 addr=5 fc=0x03
NORMAL tid=17 addr=6 fc=0x03
NORMAL tid=18 addr=7 fc=0x03
NORMAL tid=19 addr=8 fc=0x03
NORMAL tid=20 addr=9 fc=0x03
BURST tid=21 addr=0 fc=0x03
BURST tid=22 addr=1 fc=0x03
BURST tid=23 addr=2 fc=0x03
BURST tid=24 addr=3 fc=0x03
BURST tid=25 addr=4 fc=0x03
BURST tid=26 addr=5 fc=0x03
BURST tid=27 addr=6 fc=0x03
BURST tid=28 addr=7 fc=0x03
BURST tid=29 addr=8 fc=0x03
BURST tid=30 addr=9 fc=0x03
BURST tid=31 addr=0 fc=0x03
BURST tid=32 addr=1 fc=0x03
BURST tid=33 addr=2 fc=0x03
BURST tid=34 addr=3 fc=0x03
BURST tid=35 addr=4 fc=0x03
BURST tid=36 addr=5 fc=0x03
BURST tid=37 addr=6 fc=0x03
BURST tid=38 addr=7 fc=0x03
BURST tid=39 addr=8 fc=0x03
BURST tid=40 addr=9 fc=0x03
NORMAL tid=41 addr=0 fc=0x03
NORMAL tid=42 addr=1 fc=0x03
NORMAL tid=43 addr=2 fc=0x03
NORMAL tid=44 addr=3 fc=0x03
NORMAL tid=45 addr=4 fc=0x03
NORMAL tid=46 addr=5 fc=0x03
NORMAL tid=47 addr=6 fc=0x03
NORMAL tid=48 addr=7 fc=0x03
NORMAL tid=49 addr=8 fc=0x03
NORMAL tid=50 addr=9 fc=0x03
NORMAL tid=51 addr=0 fc=0x03
NORMAL tid=52 addr=1 fc=0x03
NORMAL tid=53 addr=2 fc=0x03
NORMAL tid=54 addr=3 fc=0x03
NORMAL tid=55 addr=4 fc=0x03
NORMAL tid=56 addr=5 fc=0x03
NORMAL tid=57 addr=6 fc=0x03
NORMAL tid=58 addr=7 fc=0x03
NORMAL tid=59 addr=8 fc=0x03
NORMAL tid=60 addr=9 fc=0x03
REQUESTS_SUCCESSFUL=60
REQUESTS_MISSED=0

RAW PCAP:
667abdf9e3aa92f3347094e2cc008d85ef2aac18a29ff20cba5591bb935efefa  /home/chand/otshield-bench/evidence/v06/20260922T174026Z/trial-20/delay60_jitter10/raw.pcap
NORMALIZED_RECORDS= 60

CONDITION COMPLETE:
trial=20 condition=delay60_jitter10

----------------------------------------------
TRIAL=20
CONDITION=clean
DELAY=0ms
JITTER=0ms
LOSS=0%
----------------------------------------------
Predeclared: openplc-v06-20260922T174026Z-t20-clean
Normal: 40
Anomaly: 20
84f1dc210d026a8249056e50045c3710c72f01e3b3e7f63c0b168c843b0d1767  /home/chand/otshield-bench/evidence/v06/20260922T174026Z/trial-20/clean/protocol.json
NETEM: clean
NORMAL tid=01 addr=0 fc=0x03
NORMAL tid=02 addr=1 fc=0x03
NORMAL tid=03 addr=2 fc=0x03
NORMAL tid=04 addr=3 fc=0x03
NORMAL tid=05 addr=4 fc=0x03
NORMAL tid=06 addr=5 fc=0x03
NORMAL tid=07 addr=6 fc=0x03
NORMAL tid=08 addr=7 fc=0x03
NORMAL tid=09 addr=8 fc=0x03
NORMAL tid=10 addr=9 fc=0x03
NORMAL tid=11 addr=0 fc=0x03
NORMAL tid=12 addr=1 fc=0x03
NORMAL tid=13 addr=2 fc=0x03
NORMAL tid=14 addr=3 fc=0x03
NORMAL tid=15 addr=4 fc=0x03
NORMAL tid=16 addr=5 fc=0x03
NORMAL tid=17 addr=6 fc=0x03
NORMAL tid=18 addr=7 fc=0x03
NORMAL tid=19 addr=8 fc=0x03
NORMAL tid=20 addr=9 fc=0x03
BURST tid=21 addr=0 fc=0x03
BURST tid=22 addr=1 fc=0x03
BURST tid=23 addr=2 fc=0x03
BURST tid=24 addr=3 fc=0x03
BURST tid=25 addr=4 fc=0x03
BURST tid=26 addr=5 fc=0x03
BURST tid=27 addr=6 fc=0x03
BURST tid=28 addr=7 fc=0x03
BURST tid=29 addr=8 fc=0x03
BURST tid=30 addr=9 fc=0x03
BURST tid=31 addr=0 fc=0x03
BURST tid=32 addr=1 fc=0x03
BURST tid=33 addr=2 fc=0x03
BURST tid=34 addr=3 fc=0x03
BURST tid=35 addr=4 fc=0x03
BURST tid=36 addr=5 fc=0x03
BURST tid=37 addr=6 fc=0x03
BURST tid=38 addr=7 fc=0x03
BURST tid=39 addr=8 fc=0x03
BURST tid=40 addr=9 fc=0x03
NORMAL tid=41 addr=0 fc=0x03
NORMAL tid=42 addr=1 fc=0x03
NORMAL tid=43 addr=2 fc=0x03
NORMAL tid=44 addr=3 fc=0x03
NORMAL tid=45 addr=4 fc=0x03
NORMAL tid=46 addr=5 fc=0x03
NORMAL tid=47 addr=6 fc=0x03
NORMAL tid=48 addr=7 fc=0x03
NORMAL tid=49 addr=8 fc=0x03
NORMAL tid=50 addr=9 fc=0x03
NORMAL tid=51 addr=0 fc=0x03
NORMAL tid=52 addr=1 fc=0x03
NORMAL tid=53 addr=2 fc=0x03
NORMAL tid=54 addr=3 fc=0x03
NORMAL tid=55 addr=4 fc=0x03
NORMAL tid=56 addr=5 fc=0x03
NORMAL tid=57 addr=6 fc=0x03
NORMAL tid=58 addr=7 fc=0x03
NORMAL tid=59 addr=8 fc=0x03
NORMAL tid=60 addr=9 fc=0x03
REQUESTS_SUCCESSFUL=60
REQUESTS_MISSED=0

RAW PCAP:
510975090c00cefdd45dc8e8c5263f3d97cd22145d82df5b815e9bf8de284348  /home/chand/otshield-bench/evidence/v06/20260922T174026Z/trial-20/clean/raw.pcap
NORMALIZED_RECORDS= 60

CONDITION COMPLETE:
trial=20 condition=clean

----------------------------------------------
TRIAL=20
CONDITION=delay20
DELAY=20ms
JITTER=0ms
LOSS=0%
----------------------------------------------
Predeclared: openplc-v06-20260922T174026Z-t20-delay20
Normal: 40
Anomaly: 20
c52ff3ff43f7ce50297cafd87fd8d95ccca62efb7e40545fd4abef599bac88de  /home/chand/otshield-bench/evidence/v06/20260922T174026Z/trial-20/delay20/protocol.json
NETEM:
qdisc netem 804e: root refcnt 13 limit 1000 delay 20ms seed 12488214266514795101
NORMAL tid=01 addr=0 fc=0x03
NORMAL tid=02 addr=1 fc=0x03
NORMAL tid=03 addr=2 fc=0x03
NORMAL tid=04 addr=3 fc=0x03
NORMAL tid=05 addr=4 fc=0x03
NORMAL tid=06 addr=5 fc=0x03
NORMAL tid=07 addr=6 fc=0x03
NORMAL tid=08 addr=7 fc=0x03
NORMAL tid=09 addr=8 fc=0x03
NORMAL tid=10 addr=9 fc=0x03
NORMAL tid=11 addr=0 fc=0x03
NORMAL tid=12 addr=1 fc=0x03
NORMAL tid=13 addr=2 fc=0x03
NORMAL tid=14 addr=3 fc=0x03
NORMAL tid=15 addr=4 fc=0x03
NORMAL tid=16 addr=5 fc=0x03
NORMAL tid=17 addr=6 fc=0x03
NORMAL tid=18 addr=7 fc=0x03
NORMAL tid=19 addr=8 fc=0x03
NORMAL tid=20 addr=9 fc=0x03
BURST tid=21 addr=0 fc=0x03
BURST tid=22 addr=1 fc=0x03
BURST tid=23 addr=2 fc=0x03
BURST tid=24 addr=3 fc=0x03
BURST tid=25 addr=4 fc=0x03
BURST tid=26 addr=5 fc=0x03
BURST tid=27 addr=6 fc=0x03
BURST tid=28 addr=7 fc=0x03
BURST tid=29 addr=8 fc=0x03
BURST tid=30 addr=9 fc=0x03
BURST tid=31 addr=0 fc=0x03
BURST tid=32 addr=1 fc=0x03
BURST tid=33 addr=2 fc=0x03
BURST tid=34 addr=3 fc=0x03
BURST tid=35 addr=4 fc=0x03
BURST tid=36 addr=5 fc=0x03
BURST tid=37 addr=6 fc=0x03
BURST tid=38 addr=7 fc=0x03
BURST tid=39 addr=8 fc=0x03
BURST tid=40 addr=9 fc=0x03
NORMAL tid=41 addr=0 fc=0x03
NORMAL tid=42 addr=1 fc=0x03
NORMAL tid=43 addr=2 fc=0x03
NORMAL tid=44 addr=3 fc=0x03
NORMAL tid=45 addr=4 fc=0x03
NORMAL tid=46 addr=5 fc=0x03
NORMAL tid=47 addr=6 fc=0x03
NORMAL tid=48 addr=7 fc=0x03
NORMAL tid=49 addr=8 fc=0x03
NORMAL tid=50 addr=9 fc=0x03
NORMAL tid=51 addr=0 fc=0x03
NORMAL tid=52 addr=1 fc=0x03
NORMAL tid=53 addr=2 fc=0x03
NORMAL tid=54 addr=3 fc=0x03
NORMAL tid=55 addr=4 fc=0x03
NORMAL tid=56 addr=5 fc=0x03
NORMAL tid=57 addr=6 fc=0x03
NORMAL tid=58 addr=7 fc=0x03
NORMAL tid=59 addr=8 fc=0x03
NORMAL tid=60 addr=9 fc=0x03
REQUESTS_SUCCESSFUL=60
REQUESTS_MISSED=0

RAW PCAP:
858fce5e1b7ea8ad1a07d300667690eaa8d57eaa7871892550bb547d0072f641  /home/chand/otshield-bench/evidence/v06/20260922T174026Z/trial-20/delay20/raw.pcap
NORMALIZED_RECORDS= 60

CONDITION COMPLETE:
trial=20 condition=delay20

----------------------------------------------
TRIAL=20
CONDITION=delay20_jitter5_loss5
DELAY=20ms
JITTER=5ms
LOSS=5%
----------------------------------------------
Predeclared: openplc-v06-20260922T174026Z-t20-delay20_jitter5_loss5
Normal: 40
Anomaly: 20
f8abcf6c798b93d91ef93bc9a7050d975b9bef178ce04b9d5a73f06967be6811  /home/chand/otshield-bench/evidence/v06/20260922T174026Z/trial-20/delay20_jitter5_loss5/protocol.json
NETEM:
qdisc netem 804f: root refcnt 13 limit 1000 delay 20ms  5ms loss 5% seed 2690402952058162617
NORMAL tid=01 addr=0 fc=0x03
NORMAL tid=02 addr=1 fc=0x03
NORMAL tid=03 addr=2 fc=0x03
NORMAL tid=04 addr=3 fc=0x03
NORMAL tid=05 addr=4 fc=0x03
NORMAL tid=06 addr=5 fc=0x03
NORMAL tid=07 addr=6 fc=0x03
NORMAL tid=08 addr=7 fc=0x03
NORMAL tid=09 addr=8 fc=0x03
NORMAL tid=10 addr=9 fc=0x03
NORMAL tid=11 addr=0 fc=0x03
NORMAL tid=12 addr=1 fc=0x03
NORMAL tid=13 addr=2 fc=0x03
NORMAL tid=14 addr=3 fc=0x03
NORMAL tid=15 addr=4 fc=0x03
NORMAL tid=16 addr=5 fc=0x03
NORMAL tid=17 addr=6 fc=0x03
NORMAL tid=18 addr=7 fc=0x03
NORMAL tid=19 addr=8 fc=0x03
NORMAL tid=20 addr=9 fc=0x03
BURST tid=21 addr=0 fc=0x03
BURST tid=22 addr=1 fc=0x03
BURST tid=23 addr=2 fc=0x03
BURST tid=24 addr=3 fc=0x03
BURST tid=25 addr=4 fc=0x03
BURST tid=26 addr=5 fc=0x03
BURST tid=27 addr=6 fc=0x03
BURST tid=28 addr=7 fc=0x03
BURST tid=29 addr=8 fc=0x03
BURST tid=30 addr=9 fc=0x03
BURST tid=31 addr=0 fc=0x03
BURST tid=32 addr=1 fc=0x03
BURST tid=33 addr=2 fc=0x03
BURST tid=34 addr=3 fc=0x03
BURST tid=35 addr=4 fc=0x03
BURST tid=36 addr=5 fc=0x03
BURST tid=37 addr=6 fc=0x03
BURST tid=38 addr=7 fc=0x03
BURST tid=39 addr=8 fc=0x03
BURST tid=40 addr=9 fc=0x03
NORMAL tid=41 addr=0 fc=0x03
NORMAL tid=42 addr=1 fc=0x03
NORMAL tid=43 addr=2 fc=0x03
NORMAL tid=44 addr=3 fc=0x03
NORMAL tid=45 addr=4 fc=0x03
NORMAL tid=46 addr=5 fc=0x03
NORMAL tid=47 addr=6 fc=0x03
NORMAL tid=48 addr=7 fc=0x03
NORMAL tid=49 addr=8 fc=0x03
NORMAL tid=50 addr=9 fc=0x03
NORMAL tid=51 addr=0 fc=0x03
NORMAL tid=52 addr=1 fc=0x03
NORMAL tid=53 addr=2 fc=0x03
NORMAL tid=54 addr=3 fc=0x03
NORMAL tid=55 addr=4 fc=0x03
NORMAL tid=56 addr=5 fc=0x03
NORMAL tid=57 addr=6 fc=0x03
NORMAL tid=58 addr=7 fc=0x03
NORMAL tid=59 addr=8 fc=0x03
NORMAL tid=60 addr=9 fc=0x03
REQUESTS_SUCCESSFUL=60
REQUESTS_MISSED=0

RAW PCAP:
4545ec9d77e702bc435db85ad83ba0a9f8b6319801db77be9d36200d2fcbc305  /home/chand/otshield-bench/evidence/v06/20260922T174026Z/trial-20/delay20_jitter5_loss5/raw.pcap
NORMALIZED_RECORDS= 60

CONDITION COMPLETE:
trial=20 condition=delay20_jitter5_loss5

----------------------------------------------
TRIAL=20
CONDITION=delay40_jitter10
DELAY=40ms
JITTER=10ms
LOSS=0%
----------------------------------------------
Predeclared: openplc-v06-20260922T174026Z-t20-delay40_jitter10
Normal: 40
Anomaly: 20
4c8c7400186801b59cf42405225f507f3412bbd23e9bc6aca9a1c2d22f722b35  /home/chand/otshield-bench/evidence/v06/20260922T174026Z/trial-20/delay40_jitter10/protocol.json
NETEM:
qdisc netem 8050: root refcnt 13 limit 1000 delay 40ms  10ms seed 16885224975183646676
NORMAL tid=01 addr=0 fc=0x03
NORMAL tid=02 addr=1 fc=0x03
NORMAL tid=03 addr=2 fc=0x03
NORMAL tid=04 addr=3 fc=0x03
NORMAL tid=05 addr=4 fc=0x03
NORMAL tid=06 addr=5 fc=0x03
NORMAL tid=07 addr=6 fc=0x03
NORMAL tid=08 addr=7 fc=0x03
NORMAL tid=09 addr=8 fc=0x03
NORMAL tid=10 addr=9 fc=0x03
NORMAL tid=11 addr=0 fc=0x03
NORMAL tid=12 addr=1 fc=0x03
NORMAL tid=13 addr=2 fc=0x03
NORMAL tid=14 addr=3 fc=0x03
NORMAL tid=15 addr=4 fc=0x03
NORMAL tid=16 addr=5 fc=0x03
NORMAL tid=17 addr=6 fc=0x03
NORMAL tid=18 addr=7 fc=0x03
NORMAL tid=19 addr=8 fc=0x03
NORMAL tid=20 addr=9 fc=0x03
BURST tid=21 addr=0 fc=0x03
BURST tid=22 addr=1 fc=0x03
BURST tid=23 addr=2 fc=0x03
BURST tid=24 addr=3 fc=0x03
BURST tid=25 addr=4 fc=0x03
BURST tid=26 addr=5 fc=0x03
BURST tid=27 addr=6 fc=0x03
BURST tid=28 addr=7 fc=0x03
BURST tid=29 addr=8 fc=0x03
BURST tid=30 addr=9 fc=0x03
BURST tid=31 addr=0 fc=0x03
BURST tid=32 addr=1 fc=0x03
BURST tid=33 addr=2 fc=0x03
BURST tid=34 addr=3 fc=0x03
BURST tid=35 addr=4 fc=0x03
BURST tid=36 addr=5 fc=0x03
BURST tid=37 addr=6 fc=0x03
BURST tid=38 addr=7 fc=0x03
BURST tid=39 addr=8 fc=0x03
BURST tid=40 addr=9 fc=0x03
NORMAL tid=41 addr=0 fc=0x03
NORMAL tid=42 addr=1 fc=0x03
NORMAL tid=43 addr=2 fc=0x03
NORMAL tid=44 addr=3 fc=0x03
NORMAL tid=45 addr=4 fc=0x03
NORMAL tid=46 addr=5 fc=0x03
NORMAL tid=47 addr=6 fc=0x03
NORMAL tid=48 addr=7 fc=0x03
NORMAL tid=49 addr=8 fc=0x03
NORMAL tid=50 addr=9 fc=0x03
NORMAL tid=51 addr=0 fc=0x03
NORMAL tid=52 addr=1 fc=0x03
NORMAL tid=53 addr=2 fc=0x03
NORMAL tid=54 addr=3 fc=0x03
NORMAL tid=55 addr=4 fc=0x03
NORMAL tid=56 addr=5 fc=0x03
NORMAL tid=57 addr=6 fc=0x03
NORMAL tid=58 addr=7 fc=0x03
NORMAL tid=59 addr=8 fc=0x03
NORMAL tid=60 addr=9 fc=0x03
REQUESTS_SUCCESSFUL=60
REQUESTS_MISSED=0

RAW PCAP:
42ea8f53ea2fc30a91336e6dfc6f28429bad60378c593d341169e646357f2f6e  /home/chand/otshield-bench/evidence/v06/20260922T174026Z/trial-20/delay40_jitter10/raw.pcap
NORMALIZED_RECORDS= 60

CONDITION COMPLETE:
trial=20 condition=delay40_jitter10

TRIAL 20 COMPLETE

##############################################
TRIAL 21 / 25
##############################################
 Network docker_otshield-ics-net Creating 
 Network docker_otshield-ics-net Creating 
 Network docker_otshield-ics-net Created 
 Network docker_otshield-ics-net Created 
 Container otshield-openplc Creating 
 Container otshield-openplc Created 
 Container otshield-openplc Starting 
 Container otshield-openplc Started 
OpenPLC: starting
OpenPLC: healthy
OPENPLC_EXPECTED_ID=20124f213cf7f8817fb7b508f1928e9ff3ab3aba7157a7e9b6182bbb62f9f378
Network: docker_otshield-ics-net
Image: fortiphyd/grfics-plc:latest
Image ID: sha256:364461af6d7b56563fa6fdc6a296a2dfa6530caf07ea736bbc9a71701a360919

----------------------------------------------
TRIAL=21
CONDITION=clean
DELAY=0ms
JITTER=0ms
LOSS=0%
----------------------------------------------
Predeclared: openplc-v06-20260922T174026Z-t21-clean
Normal: 40
Anomaly: 20
298cbe9e68f92448692b2c49ec135ffccbc5f9900dc08115796e831c8d887e61  /home/chand/otshield-bench/evidence/v06/20260922T174026Z/trial-21/clean/protocol.json
NETEM: clean
NORMAL tid=01 addr=0 fc=0x03
NORMAL tid=02 addr=1 fc=0x03
NORMAL tid=03 addr=2 fc=0x03
NORMAL tid=04 addr=3 fc=0x03
NORMAL tid=05 addr=4 fc=0x03
NORMAL tid=06 addr=5 fc=0x03
NORMAL tid=07 addr=6 fc=0x03
NORMAL tid=08 addr=7 fc=0x03
NORMAL tid=09 addr=8 fc=0x03
NORMAL tid=10 addr=9 fc=0x03
NORMAL tid=11 addr=0 fc=0x03
NORMAL tid=12 addr=1 fc=0x03
NORMAL tid=13 addr=2 fc=0x03
NORMAL tid=14 addr=3 fc=0x03
NORMAL tid=15 addr=4 fc=0x03
NORMAL tid=16 addr=5 fc=0x03
NORMAL tid=17 addr=6 fc=0x03
NORMAL tid=18 addr=7 fc=0x03
NORMAL tid=19 addr=8 fc=0x03
NORMAL tid=20 addr=9 fc=0x03
BURST tid=21 addr=0 fc=0x03
BURST tid=22 addr=1 fc=0x03
BURST tid=23 addr=2 fc=0x03
BURST tid=24 addr=3 fc=0x03
BURST tid=25 addr=4 fc=0x03
BURST tid=26 addr=5 fc=0x03
BURST tid=27 addr=6 fc=0x03
BURST tid=28 addr=7 fc=0x03
BURST tid=29 addr=8 fc=0x03
BURST tid=30 addr=9 fc=0x03
BURST tid=31 addr=0 fc=0x03
BURST tid=32 addr=1 fc=0x03
BURST tid=33 addr=2 fc=0x03
BURST tid=34 addr=3 fc=0x03
BURST tid=35 addr=4 fc=0x03
BURST tid=36 addr=5 fc=0x03
BURST tid=37 addr=6 fc=0x03
BURST tid=38 addr=7 fc=0x03
BURST tid=39 addr=8 fc=0x03
BURST tid=40 addr=9 fc=0x03
NORMAL tid=41 addr=0 fc=0x03
NORMAL tid=42 addr=1 fc=0x03
NORMAL tid=43 addr=2 fc=0x03
NORMAL tid=44 addr=3 fc=0x03
NORMAL tid=45 addr=4 fc=0x03
NORMAL tid=46 addr=5 fc=0x03
NORMAL tid=47 addr=6 fc=0x03
NORMAL tid=48 addr=7 fc=0x03
NORMAL tid=49 addr=8 fc=0x03
NORMAL tid=50 addr=9 fc=0x03
NORMAL tid=51 addr=0 fc=0x03
NORMAL tid=52 addr=1 fc=0x03
NORMAL tid=53 addr=2 fc=0x03
NORMAL tid=54 addr=3 fc=0x03
NORMAL tid=55 addr=4 fc=0x03
NORMAL tid=56 addr=5 fc=0x03
NORMAL tid=57 addr=6 fc=0x03
NORMAL tid=58 addr=7 fc=0x03
NORMAL tid=59 addr=8 fc=0x03
NORMAL tid=60 addr=9 fc=0x03
REQUESTS_SUCCESSFUL=60
REQUESTS_MISSED=0

RAW PCAP:
d5be44259bc7d237ef3bf96f4fa2309c3099737dcbaa801bd12d1764975d9332  /home/chand/otshield-bench/evidence/v06/20260922T174026Z/trial-21/clean/raw.pcap
NORMALIZED_RECORDS= 60

CONDITION COMPLETE:
trial=21 condition=clean

----------------------------------------------
TRIAL=21
CONDITION=delay20
DELAY=20ms
JITTER=0ms
LOSS=0%
----------------------------------------------
Predeclared: openplc-v06-20260922T174026Z-t21-delay20
Normal: 40
Anomaly: 20
b663700b3b87fcbfd1cab066f7f92de5d20ce7eb1103125753872e2181a1894a  /home/chand/otshield-bench/evidence/v06/20260922T174026Z/trial-21/delay20/protocol.json
NETEM:
qdisc netem 8051: root refcnt 13 limit 1000 delay 20ms seed 12060073314927896873
NORMAL tid=01 addr=0 fc=0x03
NORMAL tid=02 addr=1 fc=0x03
NORMAL tid=03 addr=2 fc=0x03
NORMAL tid=04 addr=3 fc=0x03
NORMAL tid=05 addr=4 fc=0x03
NORMAL tid=06 addr=5 fc=0x03
NORMAL tid=07 addr=6 fc=0x03
NORMAL tid=08 addr=7 fc=0x03
NORMAL tid=09 addr=8 fc=0x03
NORMAL tid=10 addr=9 fc=0x03
NORMAL tid=11 addr=0 fc=0x03
NORMAL tid=12 addr=1 fc=0x03
NORMAL tid=13 addr=2 fc=0x03
NORMAL tid=14 addr=3 fc=0x03
NORMAL tid=15 addr=4 fc=0x03
NORMAL tid=16 addr=5 fc=0x03
NORMAL tid=17 addr=6 fc=0x03
NORMAL tid=18 addr=7 fc=0x03
NORMAL tid=19 addr=8 fc=0x03
NORMAL tid=20 addr=9 fc=0x03
BURST tid=21 addr=0 fc=0x03
BURST tid=22 addr=1 fc=0x03
BURST tid=23 addr=2 fc=0x03
BURST tid=24 addr=3 fc=0x03
BURST tid=25 addr=4 fc=0x03
BURST tid=26 addr=5 fc=0x03
BURST tid=27 addr=6 fc=0x03
BURST tid=28 addr=7 fc=0x03
BURST tid=29 addr=8 fc=0x03
BURST tid=30 addr=9 fc=0x03
BURST tid=31 addr=0 fc=0x03
BURST tid=32 addr=1 fc=0x03
BURST tid=33 addr=2 fc=0x03
BURST tid=34 addr=3 fc=0x03
BURST tid=35 addr=4 fc=0x03
BURST tid=36 addr=5 fc=0x03
BURST tid=37 addr=6 fc=0x03
BURST tid=38 addr=7 fc=0x03
BURST tid=39 addr=8 fc=0x03
BURST tid=40 addr=9 fc=0x03
NORMAL tid=41 addr=0 fc=0x03
NORMAL tid=42 addr=1 fc=0x03
NORMAL tid=43 addr=2 fc=0x03
NORMAL tid=44 addr=3 fc=0x03
NORMAL tid=45 addr=4 fc=0x03
NORMAL tid=46 addr=5 fc=0x03
NORMAL tid=47 addr=6 fc=0x03
NORMAL tid=48 addr=7 fc=0x03
NORMAL tid=49 addr=8 fc=0x03
NORMAL tid=50 addr=9 fc=0x03
NORMAL tid=51 addr=0 fc=0x03
NORMAL tid=52 addr=1 fc=0x03
NORMAL tid=53 addr=2 fc=0x03
NORMAL tid=54 addr=3 fc=0x03
NORMAL tid=55 addr=4 fc=0x03
NORMAL tid=56 addr=5 fc=0x03
NORMAL tid=57 addr=6 fc=0x03
NORMAL tid=58 addr=7 fc=0x03
NORMAL tid=59 addr=8 fc=0x03
NORMAL tid=60 addr=9 fc=0x03
REQUESTS_SUCCESSFUL=60
REQUESTS_MISSED=0

RAW PCAP:
f624f8da3cf5d5c647cb7adb902bbc7304c67e70051390f2a47045bce8508256  /home/chand/otshield-bench/evidence/v06/20260922T174026Z/trial-21/delay20/raw.pcap
NORMALIZED_RECORDS= 60

CONDITION COMPLETE:
trial=21 condition=delay20

----------------------------------------------
TRIAL=21
CONDITION=delay20_jitter5_loss5
DELAY=20ms
JITTER=5ms
LOSS=5%
----------------------------------------------
Predeclared: openplc-v06-20260922T174026Z-t21-delay20_jitter5_loss5
Normal: 40
Anomaly: 20
764f1f0a25e91a74c8d63383b022ef450ed613afe03e6430a087f7db1d9b76a0  /home/chand/otshield-bench/evidence/v06/20260922T174026Z/trial-21/delay20_jitter5_loss5/protocol.json
NETEM:
qdisc netem 8052: root refcnt 13 limit 1000 delay 20ms  5ms loss 5% seed 12924467668099237128
NORMAL tid=01 addr=0 fc=0x03
NORMAL tid=02 addr=1 fc=0x03
NORMAL tid=03 addr=2 fc=0x03
NORMAL tid=04 addr=3 fc=0x03
NORMAL tid=05 addr=4 fc=0x03
NORMAL tid=06 addr=5 fc=0x03
NORMAL tid=07 addr=6 fc=0x03
NORMAL tid=08 addr=7 fc=0x03
NORMAL tid=09 addr=8 fc=0x03
NORMAL tid=10 addr=9 fc=0x03
NORMAL tid=11 addr=0 fc=0x03
NORMAL tid=12 addr=1 fc=0x03
NORMAL tid=13 addr=2 fc=0x03
NORMAL tid=14 addr=3 fc=0x03
NORMAL tid=15 addr=4 fc=0x03
NORMAL tid=16 addr=5 fc=0x03
NORMAL tid=17 addr=6 fc=0x03
NORMAL tid=18 addr=7 fc=0x03
NORMAL tid=19 addr=8 fc=0x03
NORMAL tid=20 addr=9 fc=0x03
BURST tid=21 addr=0 fc=0x03
BURST tid=22 addr=1 fc=0x03
BURST tid=23 addr=2 fc=0x03
BURST tid=24 addr=3 fc=0x03
BURST tid=25 addr=4 fc=0x03
BURST tid=26 addr=5 fc=0x03
BURST tid=27 addr=6 fc=0x03
BURST tid=28 addr=7 fc=0x03
BURST tid=29 addr=8 fc=0x03
BURST tid=30 addr=9 fc=0x03
BURST tid=31 addr=0 fc=0x03
BURST tid=32 addr=1 fc=0x03
BURST tid=33 addr=2 fc=0x03
BURST tid=34 addr=3 fc=0x03
BURST tid=35 addr=4 fc=0x03
BURST tid=36 addr=5 fc=0x03
BURST tid=37 addr=6 fc=0x03
BURST tid=38 addr=7 fc=0x03
BURST tid=39 addr=8 fc=0x03
BURST tid=40 addr=9 fc=0x03
NORMAL tid=41 addr=0 fc=0x03
NORMAL tid=42 addr=1 fc=0x03
NORMAL tid=43 addr=2 fc=0x03
NORMAL tid=44 addr=3 fc=0x03
NORMAL tid=45 addr=4 fc=0x03
NORMAL tid=46 addr=5 fc=0x03
NORMAL tid=47 addr=6 fc=0x03
NORMAL tid=48 addr=7 fc=0x03
NORMAL tid=49 addr=8 fc=0x03
NORMAL tid=50 addr=9 fc=0x03
NORMAL tid=51 addr=0 fc=0x03
NORMAL tid=52 addr=1 fc=0x03
NORMAL tid=53 addr=2 fc=0x03
NORMAL tid=54 addr=3 fc=0x03
NORMAL tid=55 addr=4 fc=0x03
NORMAL tid=56 addr=5 fc=0x03
NORMAL tid=57 addr=6 fc=0x03
NORMAL tid=58 addr=7 fc=0x03
NORMAL tid=59 addr=8 fc=0x03
NORMAL tid=60 addr=9 fc=0x03
REQUESTS_SUCCESSFUL=60
REQUESTS_MISSED=0

RAW PCAP:
7c09670cbf725ffb0888a99569b7ed66297b94647dbd07aa9aaf06fe53bc6f68  /home/chand/otshield-bench/evidence/v06/20260922T174026Z/trial-21/delay20_jitter5_loss5/raw.pcap
NORMALIZED_RECORDS= 60

CONDITION COMPLETE:
trial=21 condition=delay20_jitter5_loss5

----------------------------------------------
TRIAL=21
CONDITION=delay40_jitter10
DELAY=40ms
JITTER=10ms
LOSS=0%
----------------------------------------------
Predeclared: openplc-v06-20260922T174026Z-t21-delay40_jitter10
Normal: 40
Anomaly: 20
f883f5d3b49e0456c129855371d49575809df19736f4349c58703ef58a397ed6  /home/chand/otshield-bench/evidence/v06/20260922T174026Z/trial-21/delay40_jitter10/protocol.json
NETEM:
qdisc netem 8053: root refcnt 13 limit 1000 delay 40ms  10ms seed 927001180576897340
NORMAL tid=01 addr=0 fc=0x03
NORMAL tid=02 addr=1 fc=0x03
NORMAL tid=03 addr=2 fc=0x03
NORMAL tid=04 addr=3 fc=0x03
NORMAL tid=05 addr=4 fc=0x03
NORMAL tid=06 addr=5 fc=0x03
NORMAL tid=07 addr=6 fc=0x03
NORMAL tid=08 addr=7 fc=0x03
NORMAL tid=09 addr=8 fc=0x03
NORMAL tid=10 addr=9 fc=0x03
NORMAL tid=11 addr=0 fc=0x03
NORMAL tid=12 addr=1 fc=0x03
NORMAL tid=13 addr=2 fc=0x03
NORMAL tid=14 addr=3 fc=0x03
NORMAL tid=15 addr=4 fc=0x03
NORMAL tid=16 addr=5 fc=0x03
NORMAL tid=17 addr=6 fc=0x03
NORMAL tid=18 addr=7 fc=0x03
NORMAL tid=19 addr=8 fc=0x03
NORMAL tid=20 addr=9 fc=0x03
BURST tid=21 addr=0 fc=0x03
BURST tid=22 addr=1 fc=0x03
BURST tid=23 addr=2 fc=0x03
BURST tid=24 addr=3 fc=0x03
BURST tid=25 addr=4 fc=0x03
BURST tid=26 addr=5 fc=0x03
BURST tid=27 addr=6 fc=0x03
BURST tid=28 addr=7 fc=0x03
BURST tid=29 addr=8 fc=0x03
BURST tid=30 addr=9 fc=0x03
BURST tid=31 addr=0 fc=0x03
BURST tid=32 addr=1 fc=0x03
BURST tid=33 addr=2 fc=0x03
BURST tid=34 addr=3 fc=0x03
BURST tid=35 addr=4 fc=0x03
BURST tid=36 addr=5 fc=0x03
BURST tid=37 addr=6 fc=0x03
BURST tid=38 addr=7 fc=0x03
BURST tid=39 addr=8 fc=0x03
BURST tid=40 addr=9 fc=0x03
NORMAL tid=41 addr=0 fc=0x03
NORMAL tid=42 addr=1 fc=0x03
NORMAL tid=43 addr=2 fc=0x03
NORMAL tid=44 addr=3 fc=0x03
NORMAL tid=45 addr=4 fc=0x03
NORMAL tid=46 addr=5 fc=0x03
NORMAL tid=47 addr=6 fc=0x03
NORMAL tid=48 addr=7 fc=0x03
NORMAL tid=49 addr=8 fc=0x03
NORMAL tid=50 addr=9 fc=0x03
NORMAL tid=51 addr=0 fc=0x03
NORMAL tid=52 addr=1 fc=0x03
NORMAL tid=53 addr=2 fc=0x03
NORMAL tid=54 addr=3 fc=0x03
NORMAL tid=55 addr=4 fc=0x03
NORMAL tid=56 addr=5 fc=0x03
NORMAL tid=57 addr=6 fc=0x03
NORMAL tid=58 addr=7 fc=0x03
NORMAL tid=59 addr=8 fc=0x03
NORMAL tid=60 addr=9 fc=0x03
REQUESTS_SUCCESSFUL=60
REQUESTS_MISSED=0

RAW PCAP:
7dd4e127d627c0e6e5b8c48279a44fdb370a06014ad67595d99bf098088ba187  /home/chand/otshield-bench/evidence/v06/20260922T174026Z/trial-21/delay40_jitter10/raw.pcap
NORMALIZED_RECORDS= 60

CONDITION COMPLETE:
trial=21 condition=delay40_jitter10

----------------------------------------------
TRIAL=21
CONDITION=delay60_jitter10
DELAY=60ms
JITTER=10ms
LOSS=0%
----------------------------------------------
Predeclared: openplc-v06-20260922T174026Z-t21-delay60_jitter10
Normal: 40
Anomaly: 20
383b52641bcee01b97c47792354aeee0eaafe80d61a621675a16362715cece9b  /home/chand/otshield-bench/evidence/v06/20260922T174026Z/trial-21/delay60_jitter10/protocol.json
NETEM:
qdisc netem 8054: root refcnt 13 limit 1000 delay 60ms  10ms seed 10401376606783949575
NORMAL tid=01 addr=0 fc=0x03
NORMAL tid=02 addr=1 fc=0x03
NORMAL tid=03 addr=2 fc=0x03
NORMAL tid=04 addr=3 fc=0x03
NORMAL tid=05 addr=4 fc=0x03
NORMAL tid=06 addr=5 fc=0x03
NORMAL tid=07 addr=6 fc=0x03
NORMAL tid=08 addr=7 fc=0x03
NORMAL tid=09 addr=8 fc=0x03
NORMAL tid=10 addr=9 fc=0x03
NORMAL tid=11 addr=0 fc=0x03
NORMAL tid=12 addr=1 fc=0x03
NORMAL tid=13 addr=2 fc=0x03
NORMAL tid=14 addr=3 fc=0x03
NORMAL tid=15 addr=4 fc=0x03
NORMAL tid=16 addr=5 fc=0x03
NORMAL tid=17 addr=6 fc=0x03
NORMAL tid=18 addr=7 fc=0x03
NORMAL tid=19 addr=8 fc=0x03
NORMAL tid=20 addr=9 fc=0x03
BURST tid=21 addr=0 fc=0x03
BURST tid=22 addr=1 fc=0x03
BURST tid=23 addr=2 fc=0x03
BURST tid=24 addr=3 fc=0x03
BURST tid=25 addr=4 fc=0x03
BURST tid=26 addr=5 fc=0x03
BURST tid=27 addr=6 fc=0x03
BURST tid=28 addr=7 fc=0x03
BURST tid=29 addr=8 fc=0x03
BURST tid=30 addr=9 fc=0x03
BURST tid=31 addr=0 fc=0x03
BURST tid=32 addr=1 fc=0x03
BURST tid=33 addr=2 fc=0x03
BURST tid=34 addr=3 fc=0x03
BURST tid=35 addr=4 fc=0x03
BURST tid=36 addr=5 fc=0x03
BURST tid=37 addr=6 fc=0x03
BURST tid=38 addr=7 fc=0x03
BURST tid=39 addr=8 fc=0x03
BURST tid=40 addr=9 fc=0x03
NORMAL tid=41 addr=0 fc=0x03
NORMAL tid=42 addr=1 fc=0x03
NORMAL tid=43 addr=2 fc=0x03
NORMAL tid=44 addr=3 fc=0x03
NORMAL tid=45 addr=4 fc=0x03
NORMAL tid=46 addr=5 fc=0x03
NORMAL tid=47 addr=6 fc=0x03
NORMAL tid=48 addr=7 fc=0x03
NORMAL tid=49 addr=8 fc=0x03
NORMAL tid=50 addr=9 fc=0x03
NORMAL tid=51 addr=0 fc=0x03
NORMAL tid=52 addr=1 fc=0x03
NORMAL tid=53 addr=2 fc=0x03
NORMAL tid=54 addr=3 fc=0x03
NORMAL tid=55 addr=4 fc=0x03
NORMAL tid=56 addr=5 fc=0x03
NORMAL tid=57 addr=6 fc=0x03
NORMAL tid=58 addr=7 fc=0x03
NORMAL tid=59 addr=8 fc=0x03
NORMAL tid=60 addr=9 fc=0x03
REQUESTS_SUCCESSFUL=60
REQUESTS_MISSED=0

RAW PCAP:
c1c7d6ff8a1656955cf7b343932f52654149ad6478e5b9b054219baabe58af94  /home/chand/otshield-bench/evidence/v06/20260922T174026Z/trial-21/delay60_jitter10/raw.pcap
NORMALIZED_RECORDS= 60

CONDITION COMPLETE:
trial=21 condition=delay60_jitter10

TRIAL 21 COMPLETE

##############################################
TRIAL 22 / 25
##############################################
 Network docker_otshield-ics-net Creating 
 Network docker_otshield-ics-net Creating 
 Network docker_otshield-ics-net Created 
 Network docker_otshield-ics-net Created 
 Container otshield-openplc Creating 
 Container otshield-openplc Created 
 Container otshield-openplc Starting 
 Container otshield-openplc Started 
OpenPLC: starting
OpenPLC: healthy
OPENPLC_EXPECTED_ID=70d4d4e087460a3f2b72ffba198c143d7155af7e5e60802133203f784a5f1ecc
Network: docker_otshield-ics-net
Image: fortiphyd/grfics-plc:latest
Image ID: sha256:364461af6d7b56563fa6fdc6a296a2dfa6530caf07ea736bbc9a71701a360919

----------------------------------------------
TRIAL=22
CONDITION=delay20
DELAY=20ms
JITTER=0ms
LOSS=0%
----------------------------------------------
Predeclared: openplc-v06-20260922T174026Z-t22-delay20
Normal: 40
Anomaly: 20
911d6a6b19c625a9d49d12bd38609d84cfc7b00921853787806ddcc296ea1d1d  /home/chand/otshield-bench/evidence/v06/20260922T174026Z/trial-22/delay20/protocol.json
NETEM:
qdisc netem 8055: root refcnt 13 limit 1000 delay 20ms seed 12256099951743123554
NORMAL tid=01 addr=0 fc=0x03
NORMAL tid=02 addr=1 fc=0x03
NORMAL tid=03 addr=2 fc=0x03
NORMAL tid=04 addr=3 fc=0x03
NORMAL tid=05 addr=4 fc=0x03
NORMAL tid=06 addr=5 fc=0x03
NORMAL tid=07 addr=6 fc=0x03
NORMAL tid=08 addr=7 fc=0x03
NORMAL tid=09 addr=8 fc=0x03
NORMAL tid=10 addr=9 fc=0x03
NORMAL tid=11 addr=0 fc=0x03
NORMAL tid=12 addr=1 fc=0x03
NORMAL tid=13 addr=2 fc=0x03
NORMAL tid=14 addr=3 fc=0x03
NORMAL tid=15 addr=4 fc=0x03
NORMAL tid=16 addr=5 fc=0x03
NORMAL tid=17 addr=6 fc=0x03
NORMAL tid=18 addr=7 fc=0x03
NORMAL tid=19 addr=8 fc=0x03
NORMAL tid=20 addr=9 fc=0x03
BURST tid=21 addr=0 fc=0x03
BURST tid=22 addr=1 fc=0x03
BURST tid=23 addr=2 fc=0x03
BURST tid=24 addr=3 fc=0x03
BURST tid=25 addr=4 fc=0x03
BURST tid=26 addr=5 fc=0x03
BURST tid=27 addr=6 fc=0x03
BURST tid=28 addr=7 fc=0x03
BURST tid=29 addr=8 fc=0x03
BURST tid=30 addr=9 fc=0x03
BURST tid=31 addr=0 fc=0x03
BURST tid=32 addr=1 fc=0x03
BURST tid=33 addr=2 fc=0x03
BURST tid=34 addr=3 fc=0x03
BURST tid=35 addr=4 fc=0x03
BURST tid=36 addr=5 fc=0x03
BURST tid=37 addr=6 fc=0x03
BURST tid=38 addr=7 fc=0x03
BURST tid=39 addr=8 fc=0x03
BURST tid=40 addr=9 fc=0x03
NORMAL tid=41 addr=0 fc=0x03
NORMAL tid=42 addr=1 fc=0x03
NORMAL tid=43 addr=2 fc=0x03
NORMAL tid=44 addr=3 fc=0x03
NORMAL tid=45 addr=4 fc=0x03
NORMAL tid=46 addr=5 fc=0x03
NORMAL tid=47 addr=6 fc=0x03
NORMAL tid=48 addr=7 fc=0x03
NORMAL tid=49 addr=8 fc=0x03
NORMAL tid=50 addr=9 fc=0x03
NORMAL tid=51 addr=0 fc=0x03
NORMAL tid=52 addr=1 fc=0x03
NORMAL tid=53 addr=2 fc=0x03
NORMAL tid=54 addr=3 fc=0x03
NORMAL tid=55 addr=4 fc=0x03
NORMAL tid=56 addr=5 fc=0x03
NORMAL tid=57 addr=6 fc=0x03
NORMAL tid=58 addr=7 fc=0x03
NORMAL tid=59 addr=8 fc=0x03
NORMAL tid=60 addr=9 fc=0x03
REQUESTS_SUCCESSFUL=60
REQUESTS_MISSED=0

RAW PCAP:
a1c48c350deb4c20ba145d706816b14611a7e62ff138e08b8d1455c62fcd39ff  /home/chand/otshield-bench/evidence/v06/20260922T174026Z/trial-22/delay20/raw.pcap
NORMALIZED_RECORDS= 60

CONDITION COMPLETE:
trial=22 condition=delay20

----------------------------------------------
TRIAL=22
CONDITION=delay20_jitter5_loss5
DELAY=20ms
JITTER=5ms
LOSS=5%
----------------------------------------------
Predeclared: openplc-v06-20260922T174026Z-t22-delay20_jitter5_loss5
Normal: 40
Anomaly: 20
9345c52c91f7e925be9b98cd831929caa11cdd5f3e7f6fe014ef59b6d9e15e25  /home/chand/otshield-bench/evidence/v06/20260922T174026Z/trial-22/delay20_jitter5_loss5/protocol.json
NETEM:
qdisc netem 8056: root refcnt 13 limit 1000 delay 20ms  5ms loss 5% seed 12481383739357675813
NORMAL tid=01 addr=0 fc=0x03
NORMAL tid=02 addr=1 fc=0x03
NORMAL tid=03 addr=2 fc=0x03
NORMAL tid=04 addr=3 fc=0x03
NORMAL tid=05 addr=4 fc=0x03
NORMAL tid=06 addr=5 fc=0x03
NORMAL tid=07 addr=6 fc=0x03
NORMAL tid=08 addr=7 fc=0x03
NORMAL tid=09 addr=8 fc=0x03
NORMAL tid=10 addr=9 fc=0x03
NORMAL tid=11 addr=0 fc=0x03
NORMAL tid=12 addr=1 fc=0x03
NORMAL tid=13 addr=2 fc=0x03
NORMAL tid=14 addr=3 fc=0x03
NORMAL tid=15 addr=4 fc=0x03
NORMAL tid=16 addr=5 fc=0x03
NORMAL tid=17 addr=6 fc=0x03
NORMAL tid=18 addr=7 fc=0x03
NORMAL tid=19 addr=8 fc=0x03
NORMAL tid=20 addr=9 fc=0x03
BURST tid=21 addr=0 fc=0x03
BURST tid=22 addr=1 fc=0x03
BURST tid=23 addr=2 fc=0x03
BURST tid=24 addr=3 fc=0x03
BURST tid=25 addr=4 fc=0x03
BURST tid=26 addr=5 fc=0x03
BURST tid=27 addr=6 fc=0x03
BURST tid=28 addr=7 fc=0x03
BURST tid=29 addr=8 fc=0x03
BURST tid=30 addr=9 fc=0x03
BURST tid=31 addr=0 fc=0x03
BURST tid=32 addr=1 fc=0x03
BURST tid=33 addr=2 fc=0x03
BURST tid=34 addr=3 fc=0x03
BURST tid=35 addr=4 fc=0x03
BURST tid=36 addr=5 fc=0x03
BURST tid=37 addr=6 fc=0x03
BURST tid=38 addr=7 fc=0x03
BURST tid=39 addr=8 fc=0x03
BURST tid=40 addr=9 fc=0x03
NORMAL tid=41 addr=0 fc=0x03
NORMAL tid=42 addr=1 fc=0x03
NORMAL tid=43 addr=2 fc=0x03
NORMAL tid=44 addr=3 fc=0x03
NORMAL tid=45 addr=4 fc=0x03
NORMAL tid=46 addr=5 fc=0x03
NORMAL tid=47 addr=6 fc=0x03
NORMAL tid=48 addr=7 fc=0x03
NORMAL tid=49 addr=8 fc=0x03
NORMAL tid=50 addr=9 fc=0x03
NORMAL tid=51 addr=0 fc=0x03
NORMAL tid=52 addr=1 fc=0x03
NORMAL tid=53 addr=2 fc=0x03
NORMAL tid=54 addr=3 fc=0x03
NORMAL tid=55 addr=4 fc=0x03
NORMAL tid=56 addr=5 fc=0x03
NORMAL tid=57 addr=6 fc=0x03
NORMAL tid=58 addr=7 fc=0x03
NORMAL tid=59 addr=8 fc=0x03
NORMAL tid=60 addr=9 fc=0x03
REQUESTS_SUCCESSFUL=60
REQUESTS_MISSED=0

RAW PCAP:
3e21bebc5479a04079d4c26d8ca367091929a549d566f2b62a80e218f265bc9e  /home/chand/otshield-bench/evidence/v06/20260922T174026Z/trial-22/delay20_jitter5_loss5/raw.pcap
NORMALIZED_RECORDS= 60

CONDITION COMPLETE:
trial=22 condition=delay20_jitter5_loss5

----------------------------------------------
TRIAL=22
CONDITION=delay40_jitter10
DELAY=40ms
JITTER=10ms
LOSS=0%
----------------------------------------------
Predeclared: openplc-v06-20260922T174026Z-t22-delay40_jitter10
Normal: 40
Anomaly: 20
64dab71294252e4b7388381b0db9295fa7c6045261581efddf2ddb76d3e21613  /home/chand/otshield-bench/evidence/v06/20260922T174026Z/trial-22/delay40_jitter10/protocol.json
NETEM:
qdisc netem 8057: root refcnt 13 limit 1000 delay 40ms  10ms seed 17848849023650612076
NORMAL tid=01 addr=0 fc=0x03
NORMAL tid=02 addr=1 fc=0x03
NORMAL tid=03 addr=2 fc=0x03
NORMAL tid=04 addr=3 fc=0x03
NORMAL tid=05 addr=4 fc=0x03
NORMAL tid=06 addr=5 fc=0x03
NORMAL tid=07 addr=6 fc=0x03
NORMAL tid=08 addr=7 fc=0x03
NORMAL tid=09 addr=8 fc=0x03
NORMAL tid=10 addr=9 fc=0x03
NORMAL tid=11 addr=0 fc=0x03
NORMAL tid=12 addr=1 fc=0x03
NORMAL tid=13 addr=2 fc=0x03
NORMAL tid=14 addr=3 fc=0x03
NORMAL tid=15 addr=4 fc=0x03
NORMAL tid=16 addr=5 fc=0x03
NORMAL tid=17 addr=6 fc=0x03
NORMAL tid=18 addr=7 fc=0x03
NORMAL tid=19 addr=8 fc=0x03
NORMAL tid=20 addr=9 fc=0x03
BURST tid=21 addr=0 fc=0x03
BURST tid=22 addr=1 fc=0x03
BURST tid=23 addr=2 fc=0x03
BURST tid=24 addr=3 fc=0x03
BURST tid=25 addr=4 fc=0x03
BURST tid=26 addr=5 fc=0x03
BURST tid=27 addr=6 fc=0x03
BURST tid=28 addr=7 fc=0x03
BURST tid=29 addr=8 fc=0x03
BURST tid=30 addr=9 fc=0x03
BURST tid=31 addr=0 fc=0x03
BURST tid=32 addr=1 fc=0x03
BURST tid=33 addr=2 fc=0x03
BURST tid=34 addr=3 fc=0x03
BURST tid=35 addr=4 fc=0x03
BURST tid=36 addr=5 fc=0x03
BURST tid=37 addr=6 fc=0x03
BURST tid=38 addr=7 fc=0x03
BURST tid=39 addr=8 fc=0x03
BURST tid=40 addr=9 fc=0x03
NORMAL tid=41 addr=0 fc=0x03
NORMAL tid=42 addr=1 fc=0x03
NORMAL tid=43 addr=2 fc=0x03
NORMAL tid=44 addr=3 fc=0x03
NORMAL tid=45 addr=4 fc=0x03
NORMAL tid=46 addr=5 fc=0x03
NORMAL tid=47 addr=6 fc=0x03
NORMAL tid=48 addr=7 fc=0x03
NORMAL tid=49 addr=8 fc=0x03
NORMAL tid=50 addr=9 fc=0x03
NORMAL tid=51 addr=0 fc=0x03
NORMAL tid=52 addr=1 fc=0x03
NORMAL tid=53 addr=2 fc=0x03
NORMAL tid=54 addr=3 fc=0x03
NORMAL tid=55 addr=4 fc=0x03
NORMAL tid=56 addr=5 fc=0x03
NORMAL tid=57 addr=6 fc=0x03
NORMAL tid=58 addr=7 fc=0x03
NORMAL tid=59 addr=8 fc=0x03
NORMAL tid=60 addr=9 fc=0x03
REQUESTS_SUCCESSFUL=60
REQUESTS_MISSED=0

RAW PCAP:
51c49868c83e67d2b10d5efdad6961735ab6a67e9dc205b060a151512248d848  /home/chand/otshield-bench/evidence/v06/20260922T174026Z/trial-22/delay40_jitter10/raw.pcap
NORMALIZED_RECORDS= 60

CONDITION COMPLETE:
trial=22 condition=delay40_jitter10

----------------------------------------------
TRIAL=22
CONDITION=delay60_jitter10
DELAY=60ms
JITTER=10ms
LOSS=0%
----------------------------------------------
Predeclared: openplc-v06-20260922T174026Z-t22-delay60_jitter10
Normal: 40
Anomaly: 20
778d5984fc0627ef8fcabb0c6cf8daea7999d2ad9a3e225486177835dea0b044  /home/chand/otshield-bench/evidence/v06/20260922T174026Z/trial-22/delay60_jitter10/protocol.json
NETEM:
qdisc netem 8058: root refcnt 13 limit 1000 delay 60ms  10ms seed 11551097107881473884
NORMAL tid=01 addr=0 fc=0x03
NORMAL tid=02 addr=1 fc=0x03
NORMAL tid=03 addr=2 fc=0x03
NORMAL tid=04 addr=3 fc=0x03
NORMAL tid=05 addr=4 fc=0x03
NORMAL tid=06 addr=5 fc=0x03
NORMAL tid=07 addr=6 fc=0x03
NORMAL tid=08 addr=7 fc=0x03
NORMAL tid=09 addr=8 fc=0x03
NORMAL tid=10 addr=9 fc=0x03
NORMAL tid=11 addr=0 fc=0x03
NORMAL tid=12 addr=1 fc=0x03
NORMAL tid=13 addr=2 fc=0x03
NORMAL tid=14 addr=3 fc=0x03
NORMAL tid=15 addr=4 fc=0x03
NORMAL tid=16 addr=5 fc=0x03
NORMAL tid=17 addr=6 fc=0x03
NORMAL tid=18 addr=7 fc=0x03
NORMAL tid=19 addr=8 fc=0x03
NORMAL tid=20 addr=9 fc=0x03
BURST tid=21 addr=0 fc=0x03
BURST tid=22 addr=1 fc=0x03
BURST tid=23 addr=2 fc=0x03
BURST tid=24 addr=3 fc=0x03
BURST tid=25 addr=4 fc=0x03
BURST tid=26 addr=5 fc=0x03
BURST tid=27 addr=6 fc=0x03
BURST tid=28 addr=7 fc=0x03
BURST tid=29 addr=8 fc=0x03
BURST tid=30 addr=9 fc=0x03
BURST tid=31 addr=0 fc=0x03
BURST tid=32 addr=1 fc=0x03
BURST tid=33 addr=2 fc=0x03
BURST tid=34 addr=3 fc=0x03
BURST tid=35 addr=4 fc=0x03
BURST tid=36 addr=5 fc=0x03
BURST tid=37 addr=6 fc=0x03
BURST tid=38 addr=7 fc=0x03
BURST tid=39 addr=8 fc=0x03
BURST tid=40 addr=9 fc=0x03
NORMAL tid=41 addr=0 fc=0x03
NORMAL tid=42 addr=1 fc=0x03
NORMAL tid=43 addr=2 fc=0x03
NORMAL tid=44 addr=3 fc=0x03
NORMAL tid=45 addr=4 fc=0x03
NORMAL tid=46 addr=5 fc=0x03
NORMAL tid=47 addr=6 fc=0x03
NORMAL tid=48 addr=7 fc=0x03
NORMAL tid=49 addr=8 fc=0x03
NORMAL tid=50 addr=9 fc=0x03
NORMAL tid=51 addr=0 fc=0x03
NORMAL tid=52 addr=1 fc=0x03
NORMAL tid=53 addr=2 fc=0x03
NORMAL tid=54 addr=3 fc=0x03
NORMAL tid=55 addr=4 fc=0x03
NORMAL tid=56 addr=5 fc=0x03
NORMAL tid=57 addr=6 fc=0x03
NORMAL tid=58 addr=7 fc=0x03
NORMAL tid=59 addr=8 fc=0x03
NORMAL tid=60 addr=9 fc=0x03
REQUESTS_SUCCESSFUL=60
REQUESTS_MISSED=0

RAW PCAP:
364a8024338c0f41fbd40cb96ccace28fe25acf5ea28ac569769c9550bb0b1df  /home/chand/otshield-bench/evidence/v06/20260922T174026Z/trial-22/delay60_jitter10/raw.pcap
NORMALIZED_RECORDS= 60

CONDITION COMPLETE:
trial=22 condition=delay60_jitter10

----------------------------------------------
TRIAL=22
CONDITION=clean
DELAY=0ms
JITTER=0ms
LOSS=0%
----------------------------------------------
Predeclared: openplc-v06-20260922T174026Z-t22-clean
Normal: 40
Anomaly: 20
2ca25724bc99687cbdd4927a2d5e3df3b976e99384d4ec14a3973daddf43c03b  /home/chand/otshield-bench/evidence/v06/20260922T174026Z/trial-22/clean/protocol.json
NETEM: clean
NORMAL tid=01 addr=0 fc=0x03
NORMAL tid=02 addr=1 fc=0x03
NORMAL tid=03 addr=2 fc=0x03
NORMAL tid=04 addr=3 fc=0x03
NORMAL tid=05 addr=4 fc=0x03
NORMAL tid=06 addr=5 fc=0x03
NORMAL tid=07 addr=6 fc=0x03
NORMAL tid=08 addr=7 fc=0x03
NORMAL tid=09 addr=8 fc=0x03
NORMAL tid=10 addr=9 fc=0x03
NORMAL tid=11 addr=0 fc=0x03
NORMAL tid=12 addr=1 fc=0x03
NORMAL tid=13 addr=2 fc=0x03
NORMAL tid=14 addr=3 fc=0x03
NORMAL tid=15 addr=4 fc=0x03
NORMAL tid=16 addr=5 fc=0x03
NORMAL tid=17 addr=6 fc=0x03
NORMAL tid=18 addr=7 fc=0x03
NORMAL tid=19 addr=8 fc=0x03
NORMAL tid=20 addr=9 fc=0x03
BURST tid=21 addr=0 fc=0x03
BURST tid=22 addr=1 fc=0x03
BURST tid=23 addr=2 fc=0x03
BURST tid=24 addr=3 fc=0x03
BURST tid=25 addr=4 fc=0x03
BURST tid=26 addr=5 fc=0x03
BURST tid=27 addr=6 fc=0x03
BURST tid=28 addr=7 fc=0x03
BURST tid=29 addr=8 fc=0x03
BURST tid=30 addr=9 fc=0x03
BURST tid=31 addr=0 fc=0x03
BURST tid=32 addr=1 fc=0x03
BURST tid=33 addr=2 fc=0x03
BURST tid=34 addr=3 fc=0x03
BURST tid=35 addr=4 fc=0x03
BURST tid=36 addr=5 fc=0x03
BURST tid=37 addr=6 fc=0x03
BURST tid=38 addr=7 fc=0x03
BURST tid=39 addr=8 fc=0x03
BURST tid=40 addr=9 fc=0x03
NORMAL tid=41 addr=0 fc=0x03
NORMAL tid=42 addr=1 fc=0x03
NORMAL tid=43 addr=2 fc=0x03
NORMAL tid=44 addr=3 fc=0x03
NORMAL tid=45 addr=4 fc=0x03
NORMAL tid=46 addr=5 fc=0x03
NORMAL tid=47 addr=6 fc=0x03
NORMAL tid=48 addr=7 fc=0x03
NORMAL tid=49 addr=8 fc=0x03
NORMAL tid=50 addr=9 fc=0x03
NORMAL tid=51 addr=0 fc=0x03
NORMAL tid=52 addr=1 fc=0x03
NORMAL tid=53 addr=2 fc=0x03
NORMAL tid=54 addr=3 fc=0x03
NORMAL tid=55 addr=4 fc=0x03
NORMAL tid=56 addr=5 fc=0x03
NORMAL tid=57 addr=6 fc=0x03
NORMAL tid=58 addr=7 fc=0x03
NORMAL tid=59 addr=8 fc=0x03
NORMAL tid=60 addr=9 fc=0x03
REQUESTS_SUCCESSFUL=60
REQUESTS_MISSED=0

RAW PCAP:
65f7c80c7b10568a4ba37039d9c14e401900f1116464b997cb248663a8047c90  /home/chand/otshield-bench/evidence/v06/20260922T174026Z/trial-22/clean/raw.pcap
NORMALIZED_RECORDS= 60

CONDITION COMPLETE:
trial=22 condition=clean

TRIAL 22 COMPLETE

##############################################
TRIAL 23 / 25
##############################################
 Network docker_otshield-ics-net Creating 
 Network docker_otshield-ics-net Creating 
 Network docker_otshield-ics-net Created 
 Network docker_otshield-ics-net Created 
 Container otshield-openplc Creating 
 Container otshield-openplc Created 
 Container otshield-openplc Starting 
 Container otshield-openplc Started 
OpenPLC: starting
OpenPLC: healthy
OPENPLC_EXPECTED_ID=0329ed041899ace0e281562439d5384315cd881aa766bc3b203ae55af0c14715
Network: docker_otshield-ics-net
Image: fortiphyd/grfics-plc:latest
Image ID: sha256:364461af6d7b56563fa6fdc6a296a2dfa6530caf07ea736bbc9a71701a360919

----------------------------------------------
TRIAL=23
CONDITION=delay20_jitter5_loss5
DELAY=20ms
JITTER=5ms
LOSS=5%
----------------------------------------------
Predeclared: openplc-v06-20260922T174026Z-t23-delay20_jitter5_loss5
Normal: 40
Anomaly: 20
48262460b7294fe0d7b4a52942949a3000184f47476931bf2ba3b475f42dc088  /home/chand/otshield-bench/evidence/v06/20260922T174026Z/trial-23/delay20_jitter5_loss5/protocol.json
NETEM:
qdisc netem 8059: root refcnt 13 limit 1000 delay 20ms  5ms loss 5% seed 12889754407073520542
NORMAL tid=01 addr=0 fc=0x03
NORMAL tid=02 addr=1 fc=0x03
NORMAL tid=03 addr=2 fc=0x03
NORMAL tid=04 addr=3 fc=0x03
NORMAL tid=05 addr=4 fc=0x03
NORMAL tid=06 addr=5 fc=0x03
NORMAL tid=07 addr=6 fc=0x03
NORMAL tid=08 addr=7 fc=0x03
NORMAL tid=09 addr=8 fc=0x03
NORMAL tid=10 addr=9 fc=0x03
NORMAL tid=11 addr=0 fc=0x03
NORMAL tid=12 addr=1 fc=0x03
NORMAL tid=13 addr=2 fc=0x03
NORMAL tid=14 addr=3 fc=0x03
NORMAL tid=15 addr=4 fc=0x03
NORMAL tid=16 addr=5 fc=0x03
NORMAL tid=17 addr=6 fc=0x03
NORMAL tid=18 addr=7 fc=0x03
NORMAL tid=19 addr=8 fc=0x03
NORMAL tid=20 addr=9 fc=0x03
BURST tid=21 addr=0 fc=0x03
BURST tid=22 addr=1 fc=0x03
BURST tid=23 addr=2 fc=0x03
BURST tid=24 addr=3 fc=0x03
BURST tid=25 addr=4 fc=0x03
BURST tid=26 addr=5 fc=0x03
BURST tid=27 addr=6 fc=0x03
BURST tid=28 addr=7 fc=0x03
BURST tid=29 addr=8 fc=0x03
BURST tid=30 addr=9 fc=0x03
BURST tid=31 addr=0 fc=0x03
BURST tid=32 addr=1 fc=0x03
BURST tid=33 addr=2 fc=0x03
BURST tid=34 addr=3 fc=0x03
BURST tid=35 addr=4 fc=0x03
BURST tid=36 addr=5 fc=0x03
BURST tid=37 addr=6 fc=0x03
BURST tid=38 addr=7 fc=0x03
BURST tid=39 addr=8 fc=0x03
BURST tid=40 addr=9 fc=0x03
NORMAL tid=41 addr=0 fc=0x03
NORMAL tid=42 addr=1 fc=0x03
NORMAL tid=43 addr=2 fc=0x03
NORMAL tid=44 addr=3 fc=0x03
NORMAL tid=45 addr=4 fc=0x03
NORMAL tid=46 addr=5 fc=0x03
NORMAL tid=47 addr=6 fc=0x03
NORMAL tid=48 addr=7 fc=0x03
NORMAL tid=49 addr=8 fc=0x03
NORMAL tid=50 addr=9 fc=0x03
NORMAL tid=51 addr=0 fc=0x03
NORMAL tid=52 addr=1 fc=0x03
NORMAL tid=53 addr=2 fc=0x03
NORMAL tid=54 addr=3 fc=0x03
NORMAL tid=55 addr=4 fc=0x03
NORMAL tid=56 addr=5 fc=0x03
NORMAL tid=57 addr=6 fc=0x03
NORMAL tid=58 addr=7 fc=0x03
NORMAL tid=59 addr=8 fc=0x03
NORMAL tid=60 addr=9 fc=0x03
REQUESTS_SUCCESSFUL=60
REQUESTS_MISSED=0

RAW PCAP:
cba888f9269c46863bd90293837eec61ac28dda83ff91ed7b415054f2e60d74e  /home/chand/otshield-bench/evidence/v06/20260922T174026Z/trial-23/delay20_jitter5_loss5/raw.pcap
NORMALIZED_RECORDS= 60

CONDITION COMPLETE:
trial=23 condition=delay20_jitter5_loss5

----------------------------------------------
TRIAL=23
CONDITION=delay40_jitter10
DELAY=40ms
JITTER=10ms
LOSS=0%
----------------------------------------------
Predeclared: openplc-v06-20260922T174026Z-t23-delay40_jitter10
Normal: 40
Anomaly: 20
cb70bf8d6e1931650f633ec246f3bb6a5d3842a4f63f9d9e2396cf39845f055b  /home/chand/otshield-bench/evidence/v06/20260922T174026Z/trial-23/delay40_jitter10/protocol.json
NETEM:
qdisc netem 805a: root refcnt 13 limit 1000 delay 40ms  10ms seed 5462897953763099364
NORMAL tid=01 addr=0 fc=0x03
NORMAL tid=02 addr=1 fc=0x03
NORMAL tid=03 addr=2 fc=0x03
NORMAL tid=04 addr=3 fc=0x03
NORMAL tid=05 addr=4 fc=0x03
NORMAL tid=06 addr=5 fc=0x03
NORMAL tid=07 addr=6 fc=0x03
NORMAL tid=08 addr=7 fc=0x03
NORMAL tid=09 addr=8 fc=0x03
NORMAL tid=10 addr=9 fc=0x03
NORMAL tid=11 addr=0 fc=0x03
NORMAL tid=12 addr=1 fc=0x03
NORMAL tid=13 addr=2 fc=0x03
NORMAL tid=14 addr=3 fc=0x03
NORMAL tid=15 addr=4 fc=0x03
NORMAL tid=16 addr=5 fc=0x03
NORMAL tid=17 addr=6 fc=0x03
NORMAL tid=18 addr=7 fc=0x03
NORMAL tid=19 addr=8 fc=0x03
NORMAL tid=20 addr=9 fc=0x03
BURST tid=21 addr=0 fc=0x03
BURST tid=22 addr=1 fc=0x03
BURST tid=23 addr=2 fc=0x03
BURST tid=24 addr=3 fc=0x03
BURST tid=25 addr=4 fc=0x03
BURST tid=26 addr=5 fc=0x03
BURST tid=27 addr=6 fc=0x03
BURST tid=28 addr=7 fc=0x03
BURST tid=29 addr=8 fc=0x03
BURST tid=30 addr=9 fc=0x03
BURST tid=31 addr=0 fc=0x03
BURST tid=32 addr=1 fc=0x03
BURST tid=33 addr=2 fc=0x03
BURST tid=34 addr=3 fc=0x03
BURST tid=35 addr=4 fc=0x03
BURST tid=36 addr=5 fc=0x03
BURST tid=37 addr=6 fc=0x03
BURST tid=38 addr=7 fc=0x03
BURST tid=39 addr=8 fc=0x03
BURST tid=40 addr=9 fc=0x03
NORMAL tid=41 addr=0 fc=0x03
NORMAL tid=42 addr=1 fc=0x03
NORMAL tid=43 addr=2 fc=0x03
NORMAL tid=44 addr=3 fc=0x03
NORMAL tid=45 addr=4 fc=0x03
NORMAL tid=46 addr=5 fc=0x03
NORMAL tid=47 addr=6 fc=0x03
NORMAL tid=48 addr=7 fc=0x03
NORMAL tid=49 addr=8 fc=0x03
NORMAL tid=50 addr=9 fc=0x03
NORMAL tid=51 addr=0 fc=0x03
NORMAL tid=52 addr=1 fc=0x03
NORMAL tid=53 addr=2 fc=0x03
NORMAL tid=54 addr=3 fc=0x03
NORMAL tid=55 addr=4 fc=0x03
NORMAL tid=56 addr=5 fc=0x03
NORMAL tid=57 addr=6 fc=0x03
NORMAL tid=58 addr=7 fc=0x03
NORMAL tid=59 addr=8 fc=0x03
NORMAL tid=60 addr=9 fc=0x03
REQUESTS_SUCCESSFUL=60
REQUESTS_MISSED=0

RAW PCAP:
9749356366e50eb413f05b2dbeb550a6e5dc3927eac325f285fe8000f6e03a4d  /home/chand/otshield-bench/evidence/v06/20260922T174026Z/trial-23/delay40_jitter10/raw.pcap
NORMALIZED_RECORDS= 60

CONDITION COMPLETE:
trial=23 condition=delay40_jitter10

----------------------------------------------
TRIAL=23
CONDITION=delay60_jitter10
DELAY=60ms
JITTER=10ms
LOSS=0%
----------------------------------------------
Predeclared: openplc-v06-20260922T174026Z-t23-delay60_jitter10
Normal: 40
Anomaly: 20
c03469d57512e7c431cc029f33e2e0b7f7014ee1680a7a1bbcfbb8b1012683ba  /home/chand/otshield-bench/evidence/v06/20260922T174026Z/trial-23/delay60_jitter10/protocol.json
NETEM:
qdisc netem 805b: root refcnt 13 limit 1000 delay 60ms  10ms seed 14050503745193473058
NORMAL tid=01 addr=0 fc=0x03
NORMAL tid=02 addr=1 fc=0x03
NORMAL tid=03 addr=2 fc=0x03
NORMAL tid=04 addr=3 fc=0x03
NORMAL tid=05 addr=4 fc=0x03
NORMAL tid=06 addr=5 fc=0x03
NORMAL tid=07 addr=6 fc=0x03
NORMAL tid=08 addr=7 fc=0x03
NORMAL tid=09 addr=8 fc=0x03
NORMAL tid=10 addr=9 fc=0x03
NORMAL tid=11 addr=0 fc=0x03
NORMAL tid=12 addr=1 fc=0x03
NORMAL tid=13 addr=2 fc=0x03
NORMAL tid=14 addr=3 fc=0x03
NORMAL tid=15 addr=4 fc=0x03
NORMAL tid=16 addr=5 fc=0x03
NORMAL tid=17 addr=6 fc=0x03
NORMAL tid=18 addr=7 fc=0x03
NORMAL tid=19 addr=8 fc=0x03
NORMAL tid=20 addr=9 fc=0x03
BURST tid=21 addr=0 fc=0x03
BURST tid=22 addr=1 fc=0x03
BURST tid=23 addr=2 fc=0x03
BURST tid=24 addr=3 fc=0x03
BURST tid=25 addr=4 fc=0x03
BURST tid=26 addr=5 fc=0x03
BURST tid=27 addr=6 fc=0x03
BURST tid=28 addr=7 fc=0x03
BURST tid=29 addr=8 fc=0x03
BURST tid=30 addr=9 fc=0x03
BURST tid=31 addr=0 fc=0x03
BURST tid=32 addr=1 fc=0x03
BURST tid=33 addr=2 fc=0x03
BURST tid=34 addr=3 fc=0x03
BURST tid=35 addr=4 fc=0x03
BURST tid=36 addr=5 fc=0x03
BURST tid=37 addr=6 fc=0x03
BURST tid=38 addr=7 fc=0x03
BURST tid=39 addr=8 fc=0x03
BURST tid=40 addr=9 fc=0x03
NORMAL tid=41 addr=0 fc=0x03
NORMAL tid=42 addr=1 fc=0x03
NORMAL tid=43 addr=2 fc=0x03
NORMAL tid=44 addr=3 fc=0x03
NORMAL tid=45 addr=4 fc=0x03
NORMAL tid=46 addr=5 fc=0x03
NORMAL tid=47 addr=6 fc=0x03
NORMAL tid=48 addr=7 fc=0x03
NORMAL tid=49 addr=8 fc=0x03
NORMAL tid=50 addr=9 fc=0x03
NORMAL tid=51 addr=0 fc=0x03
NORMAL tid=52 addr=1 fc=0x03
NORMAL tid=53 addr=2 fc=0x03
NORMAL tid=54 addr=3 fc=0x03
NORMAL tid=55 addr=4 fc=0x03
NORMAL tid=56 addr=5 fc=0x03
NORMAL tid=57 addr=6 fc=0x03
NORMAL tid=58 addr=7 fc=0x03
NORMAL tid=59 addr=8 fc=0x03
NORMAL tid=60 addr=9 fc=0x03
REQUESTS_SUCCESSFUL=60
REQUESTS_MISSED=0

RAW PCAP:
a9950ffbfd2ec226f468531d6297610ae33d8d19f07e6e5ef9e956c316bb6f0e  /home/chand/otshield-bench/evidence/v06/20260922T174026Z/trial-23/delay60_jitter10/raw.pcap
NORMALIZED_RECORDS= 60

CONDITION COMPLETE:
trial=23 condition=delay60_jitter10

----------------------------------------------
TRIAL=23
CONDITION=clean
DELAY=0ms
JITTER=0ms
LOSS=0%
----------------------------------------------
Predeclared: openplc-v06-20260922T174026Z-t23-clean
Normal: 40
Anomaly: 20
f7a5bed7e49847bdb204e37ae5028888f46948c0e4d7943831f47e2d33bcfa41  /home/chand/otshield-bench/evidence/v06/20260922T174026Z/trial-23/clean/protocol.json
NETEM: clean
NORMAL tid=01 addr=0 fc=0x03
NORMAL tid=02 addr=1 fc=0x03
NORMAL tid=03 addr=2 fc=0x03
NORMAL tid=04 addr=3 fc=0x03
NORMAL tid=05 addr=4 fc=0x03
NORMAL tid=06 addr=5 fc=0x03
NORMAL tid=07 addr=6 fc=0x03
NORMAL tid=08 addr=7 fc=0x03
NORMAL tid=09 addr=8 fc=0x03
NORMAL tid=10 addr=9 fc=0x03
NORMAL tid=11 addr=0 fc=0x03
NORMAL tid=12 addr=1 fc=0x03
NORMAL tid=13 addr=2 fc=0x03
NORMAL tid=14 addr=3 fc=0x03
NORMAL tid=15 addr=4 fc=0x03
NORMAL tid=16 addr=5 fc=0x03
NORMAL tid=17 addr=6 fc=0x03
NORMAL tid=18 addr=7 fc=0x03
NORMAL tid=19 addr=8 fc=0x03
NORMAL tid=20 addr=9 fc=0x03
BURST tid=21 addr=0 fc=0x03
BURST tid=22 addr=1 fc=0x03
BURST tid=23 addr=2 fc=0x03
BURST tid=24 addr=3 fc=0x03
BURST tid=25 addr=4 fc=0x03
BURST tid=26 addr=5 fc=0x03
BURST tid=27 addr=6 fc=0x03
BURST tid=28 addr=7 fc=0x03
BURST tid=29 addr=8 fc=0x03
BURST tid=30 addr=9 fc=0x03
BURST tid=31 addr=0 fc=0x03
BURST tid=32 addr=1 fc=0x03
BURST tid=33 addr=2 fc=0x03
BURST tid=34 addr=3 fc=0x03
BURST tid=35 addr=4 fc=0x03
BURST tid=36 addr=5 fc=0x03
BURST tid=37 addr=6 fc=0x03
BURST tid=38 addr=7 fc=0x03
BURST tid=39 addr=8 fc=0x03
BURST tid=40 addr=9 fc=0x03
NORMAL tid=41 addr=0 fc=0x03
NORMAL tid=42 addr=1 fc=0x03
NORMAL tid=43 addr=2 fc=0x03
NORMAL tid=44 addr=3 fc=0x03
NORMAL tid=45 addr=4 fc=0x03
NORMAL tid=46 addr=5 fc=0x03
NORMAL tid=47 addr=6 fc=0x03
NORMAL tid=48 addr=7 fc=0x03
NORMAL tid=49 addr=8 fc=0x03
NORMAL tid=50 addr=9 fc=0x03
NORMAL tid=51 addr=0 fc=0x03
NORMAL tid=52 addr=1 fc=0x03
NORMAL tid=53 addr=2 fc=0x03
NORMAL tid=54 addr=3 fc=0x03
NORMAL tid=55 addr=4 fc=0x03
NORMAL tid=56 addr=5 fc=0x03
NORMAL tid=57 addr=6 fc=0x03
NORMAL tid=58 addr=7 fc=0x03
NORMAL tid=59 addr=8 fc=0x03
NORMAL tid=60 addr=9 fc=0x03
REQUESTS_SUCCESSFUL=60
REQUESTS_MISSED=0

RAW PCAP:
a5e7f6e1b7f9166788fa86e7ccbfaa32f05271da35ad84c75e64ef8dec760fcb  /home/chand/otshield-bench/evidence/v06/20260922T174026Z/trial-23/clean/raw.pcap
NORMALIZED_RECORDS= 60

CONDITION COMPLETE:
trial=23 condition=clean

----------------------------------------------
TRIAL=23
CONDITION=delay20
DELAY=20ms
JITTER=0ms
LOSS=0%
----------------------------------------------
Predeclared: openplc-v06-20260922T174026Z-t23-delay20
Normal: 40
Anomaly: 20
f39dda5bf2dcc54893100e2b1cb7914a2ef2852b5758f533cd18491d7b2708c1  /home/chand/otshield-bench/evidence/v06/20260922T174026Z/trial-23/delay20/protocol.json
NETEM:
qdisc netem 805c: root refcnt 13 limit 1000 delay 20ms seed 11458141064350936535
NORMAL tid=01 addr=0 fc=0x03
NORMAL tid=02 addr=1 fc=0x03
NORMAL tid=03 addr=2 fc=0x03
NORMAL tid=04 addr=3 fc=0x03
NORMAL tid=05 addr=4 fc=0x03
NORMAL tid=06 addr=5 fc=0x03
NORMAL tid=07 addr=6 fc=0x03
NORMAL tid=08 addr=7 fc=0x03
NORMAL tid=09 addr=8 fc=0x03
NORMAL tid=10 addr=9 fc=0x03
NORMAL tid=11 addr=0 fc=0x03
NORMAL tid=12 addr=1 fc=0x03
NORMAL tid=13 addr=2 fc=0x03
NORMAL tid=14 addr=3 fc=0x03
NORMAL tid=15 addr=4 fc=0x03
NORMAL tid=16 addr=5 fc=0x03
NORMAL tid=17 addr=6 fc=0x03
NORMAL tid=18 addr=7 fc=0x03
NORMAL tid=19 addr=8 fc=0x03
NORMAL tid=20 addr=9 fc=0x03
BURST tid=21 addr=0 fc=0x03
BURST tid=22 addr=1 fc=0x03
BURST tid=23 addr=2 fc=0x03
BURST tid=24 addr=3 fc=0x03
BURST tid=25 addr=4 fc=0x03
BURST tid=26 addr=5 fc=0x03
BURST tid=27 addr=6 fc=0x03
BURST tid=28 addr=7 fc=0x03
BURST tid=29 addr=8 fc=0x03
BURST tid=30 addr=9 fc=0x03
BURST tid=31 addr=0 fc=0x03
BURST tid=32 addr=1 fc=0x03
BURST tid=33 addr=2 fc=0x03
BURST tid=34 addr=3 fc=0x03
BURST tid=35 addr=4 fc=0x03
BURST tid=36 addr=5 fc=0x03
BURST tid=37 addr=6 fc=0x03
BURST tid=38 addr=7 fc=0x03
BURST tid=39 addr=8 fc=0x03
BURST tid=40 addr=9 fc=0x03
NORMAL tid=41 addr=0 fc=0x03
NORMAL tid=42 addr=1 fc=0x03
NORMAL tid=43 addr=2 fc=0x03
NORMAL tid=44 addr=3 fc=0x03
NORMAL tid=45 addr=4 fc=0x03
NORMAL tid=46 addr=5 fc=0x03
NORMAL tid=47 addr=6 fc=0x03
NORMAL tid=48 addr=7 fc=0x03
NORMAL tid=49 addr=8 fc=0x03
NORMAL tid=50 addr=9 fc=0x03
NORMAL tid=51 addr=0 fc=0x03
NORMAL tid=52 addr=1 fc=0x03
NORMAL tid=53 addr=2 fc=0x03
NORMAL tid=54 addr=3 fc=0x03
NORMAL tid=55 addr=4 fc=0x03
NORMAL tid=56 addr=5 fc=0x03
NORMAL tid=57 addr=6 fc=0x03
NORMAL tid=58 addr=7 fc=0x03
NORMAL tid=59 addr=8 fc=0x03
NORMAL tid=60 addr=9 fc=0x03
REQUESTS_SUCCESSFUL=60
REQUESTS_MISSED=0

RAW PCAP:
f9a9e3c6c87d67d68ba481f9d1430c79c673f1d64b5fcf97b057386b3eb22529  /home/chand/otshield-bench/evidence/v06/20260922T174026Z/trial-23/delay20/raw.pcap
NORMALIZED_RECORDS= 60

CONDITION COMPLETE:
trial=23 condition=delay20

TRIAL 23 COMPLETE

##############################################
TRIAL 24 / 25
##############################################
 Network docker_otshield-ics-net Creating 
 Network docker_otshield-ics-net Creating 
 Network docker_otshield-ics-net Created 
 Network docker_otshield-ics-net Created 
 Container otshield-openplc Creating 
 Container otshield-openplc Created 
 Container otshield-openplc Starting 
 Container otshield-openplc Started 
OpenPLC: starting
OpenPLC: healthy
OPENPLC_EXPECTED_ID=1fbcd4178cf684e77a43aa69c6b2eb746a51da62b3b0fd3864d209c616ff5c82
Network: docker_otshield-ics-net
Image: fortiphyd/grfics-plc:latest
Image ID: sha256:364461af6d7b56563fa6fdc6a296a2dfa6530caf07ea736bbc9a71701a360919

----------------------------------------------
TRIAL=24
CONDITION=delay40_jitter10
DELAY=40ms
JITTER=10ms
LOSS=0%
----------------------------------------------
Predeclared: openplc-v06-20260922T174026Z-t24-delay40_jitter10
Normal: 40
Anomaly: 20
85f85fda4fc4aa8f4e0c4f880ce8b456c958ed1cb6907b18e5c57bc7f699205b  /home/chand/otshield-bench/evidence/v06/20260922T174026Z/trial-24/delay40_jitter10/protocol.json
NETEM:
qdisc netem 805d: root refcnt 13 limit 1000 delay 40ms  10ms seed 6758444988629838722
NORMAL tid=01 addr=0 fc=0x03
NORMAL tid=02 addr=1 fc=0x03
NORMAL tid=03 addr=2 fc=0x03
NORMAL tid=04 addr=3 fc=0x03
NORMAL tid=05 addr=4 fc=0x03
NORMAL tid=06 addr=5 fc=0x03
NORMAL tid=07 addr=6 fc=0x03
NORMAL tid=08 addr=7 fc=0x03
NORMAL tid=09 addr=8 fc=0x03
NORMAL tid=10 addr=9 fc=0x03
NORMAL tid=11 addr=0 fc=0x03
NORMAL tid=12 addr=1 fc=0x03
NORMAL tid=13 addr=2 fc=0x03
NORMAL tid=14 addr=3 fc=0x03
NORMAL tid=15 addr=4 fc=0x03
NORMAL tid=16 addr=5 fc=0x03
NORMAL tid=17 addr=6 fc=0x03
NORMAL tid=18 addr=7 fc=0x03
NORMAL tid=19 addr=8 fc=0x03
NORMAL tid=20 addr=9 fc=0x03
BURST tid=21 addr=0 fc=0x03
BURST tid=22 addr=1 fc=0x03
BURST tid=23 addr=2 fc=0x03
BURST tid=24 addr=3 fc=0x03
BURST tid=25 addr=4 fc=0x03
BURST tid=26 addr=5 fc=0x03
BURST tid=27 addr=6 fc=0x03
BURST tid=28 addr=7 fc=0x03
BURST tid=29 addr=8 fc=0x03
BURST tid=30 addr=9 fc=0x03
BURST tid=31 addr=0 fc=0x03
BURST tid=32 addr=1 fc=0x03
BURST tid=33 addr=2 fc=0x03
BURST tid=34 addr=3 fc=0x03
BURST tid=35 addr=4 fc=0x03
BURST tid=36 addr=5 fc=0x03
BURST tid=37 addr=6 fc=0x03
BURST tid=38 addr=7 fc=0x03
BURST tid=39 addr=8 fc=0x03
BURST tid=40 addr=9 fc=0x03
NORMAL tid=41 addr=0 fc=0x03
NORMAL tid=42 addr=1 fc=0x03
NORMAL tid=43 addr=2 fc=0x03
NORMAL tid=44 addr=3 fc=0x03
NORMAL tid=45 addr=4 fc=0x03
NORMAL tid=46 addr=5 fc=0x03
NORMAL tid=47 addr=6 fc=0x03
NORMAL tid=48 addr=7 fc=0x03
NORMAL tid=49 addr=8 fc=0x03
NORMAL tid=50 addr=9 fc=0x03
NORMAL tid=51 addr=0 fc=0x03
NORMAL tid=52 addr=1 fc=0x03
NORMAL tid=53 addr=2 fc=0x03
NORMAL tid=54 addr=3 fc=0x03
NORMAL tid=55 addr=4 fc=0x03
NORMAL tid=56 addr=5 fc=0x03
NORMAL tid=57 addr=6 fc=0x03
NORMAL tid=58 addr=7 fc=0x03
NORMAL tid=59 addr=8 fc=0x03
NORMAL tid=60 addr=9 fc=0x03
REQUESTS_SUCCESSFUL=60
REQUESTS_MISSED=0

RAW PCAP:
853c266382146e6f6478d395ff0d959adf634b6f0606b2c85eeee90d2cca9610  /home/chand/otshield-bench/evidence/v06/20260922T174026Z/trial-24/delay40_jitter10/raw.pcap
NORMALIZED_RECORDS= 60

CONDITION COMPLETE:
trial=24 condition=delay40_jitter10

----------------------------------------------
TRIAL=24
CONDITION=delay60_jitter10
DELAY=60ms
JITTER=10ms
LOSS=0%
----------------------------------------------
Predeclared: openplc-v06-20260922T174026Z-t24-delay60_jitter10
Normal: 40
Anomaly: 20
7aabf27e07b36372ea4ce8deb910c088f6f0ac148ce5f295b0821ab377be7ddd  /home/chand/otshield-bench/evidence/v06/20260922T174026Z/trial-24/delay60_jitter10/protocol.json
NETEM:
qdisc netem 805e: root refcnt 13 limit 1000 delay 60ms  10ms seed 12726826782633740712
NORMAL tid=01 addr=0 fc=0x03
NORMAL tid=02 addr=1 fc=0x03
NORMAL tid=03 addr=2 fc=0x03
NORMAL tid=04 addr=3 fc=0x03
NORMAL tid=05 addr=4 fc=0x03
NORMAL tid=06 addr=5 fc=0x03
NORMAL tid=07 addr=6 fc=0x03
NORMAL tid=08 addr=7 fc=0x03
NORMAL tid=09 addr=8 fc=0x03
NORMAL tid=10 addr=9 fc=0x03
NORMAL tid=11 addr=0 fc=0x03
NORMAL tid=12 addr=1 fc=0x03
NORMAL tid=13 addr=2 fc=0x03
NORMAL tid=14 addr=3 fc=0x03
NORMAL tid=15 addr=4 fc=0x03
NORMAL tid=16 addr=5 fc=0x03
NORMAL tid=17 addr=6 fc=0x03
NORMAL tid=18 addr=7 fc=0x03
NORMAL tid=19 addr=8 fc=0x03
NORMAL tid=20 addr=9 fc=0x03
BURST tid=21 addr=0 fc=0x03
BURST tid=22 addr=1 fc=0x03
BURST tid=23 addr=2 fc=0x03
BURST tid=24 addr=3 fc=0x03
BURST tid=25 addr=4 fc=0x03
BURST tid=26 addr=5 fc=0x03
BURST tid=27 addr=6 fc=0x03
BURST tid=28 addr=7 fc=0x03
BURST tid=29 addr=8 fc=0x03
BURST tid=30 addr=9 fc=0x03
BURST tid=31 addr=0 fc=0x03
BURST tid=32 addr=1 fc=0x03
BURST tid=33 addr=2 fc=0x03
BURST tid=34 addr=3 fc=0x03
BURST tid=35 addr=4 fc=0x03
BURST tid=36 addr=5 fc=0x03
BURST tid=37 addr=6 fc=0x03
BURST tid=38 addr=7 fc=0x03
BURST tid=39 addr=8 fc=0x03
BURST tid=40 addr=9 fc=0x03
NORMAL tid=41 addr=0 fc=0x03
NORMAL tid=42 addr=1 fc=0x03
NORMAL tid=43 addr=2 fc=0x03
NORMAL tid=44 addr=3 fc=0x03
NORMAL tid=45 addr=4 fc=0x03
NORMAL tid=46 addr=5 fc=0x03
NORMAL tid=47 addr=6 fc=0x03
NORMAL tid=48 addr=7 fc=0x03
NORMAL tid=49 addr=8 fc=0x03
NORMAL tid=50 addr=9 fc=0x03
NORMAL tid=51 addr=0 fc=0x03
NORMAL tid=52 addr=1 fc=0x03
NORMAL tid=53 addr=2 fc=0x03
NORMAL tid=54 addr=3 fc=0x03
NORMAL tid=55 addr=4 fc=0x03
NORMAL tid=56 addr=5 fc=0x03
NORMAL tid=57 addr=6 fc=0x03
NORMAL tid=58 addr=7 fc=0x03
NORMAL tid=59 addr=8 fc=0x03
NORMAL tid=60 addr=9 fc=0x03
REQUESTS_SUCCESSFUL=60
REQUESTS_MISSED=0

RAW PCAP:
7679b89cd95d9b5bd4f7b63cf696c977e1b03dabd3a1a6cb7603447f8daa8351  /home/chand/otshield-bench/evidence/v06/20260922T174026Z/trial-24/delay60_jitter10/raw.pcap
NORMALIZED_RECORDS= 60

CONDITION COMPLETE:
trial=24 condition=delay60_jitter10

----------------------------------------------
TRIAL=24
CONDITION=clean
DELAY=0ms
JITTER=0ms
LOSS=0%
----------------------------------------------
Predeclared: openplc-v06-20260922T174026Z-t24-clean
Normal: 40
Anomaly: 20
081c20d70371628d4254c60a809531bfdbfe5effcc216952091b27249390acd1  /home/chand/otshield-bench/evidence/v06/20260922T174026Z/trial-24/clean/protocol.json
NETEM: clean
NORMAL tid=01 addr=0 fc=0x03
NORMAL tid=02 addr=1 fc=0x03
NORMAL tid=03 addr=2 fc=0x03
NORMAL tid=04 addr=3 fc=0x03
NORMAL tid=05 addr=4 fc=0x03
NORMAL tid=06 addr=5 fc=0x03
NORMAL tid=07 addr=6 fc=0x03
NORMAL tid=08 addr=7 fc=0x03
NORMAL tid=09 addr=8 fc=0x03
NORMAL tid=10 addr=9 fc=0x03
NORMAL tid=11 addr=0 fc=0x03
NORMAL tid=12 addr=1 fc=0x03
NORMAL tid=13 addr=2 fc=0x03
NORMAL tid=14 addr=3 fc=0x03
NORMAL tid=15 addr=4 fc=0x03
NORMAL tid=16 addr=5 fc=0x03
NORMAL tid=17 addr=6 fc=0x03
NORMAL tid=18 addr=7 fc=0x03
NORMAL tid=19 addr=8 fc=0x03
NORMAL tid=20 addr=9 fc=0x03
BURST tid=21 addr=0 fc=0x03
BURST tid=22 addr=1 fc=0x03
BURST tid=23 addr=2 fc=0x03
BURST tid=24 addr=3 fc=0x03
BURST tid=25 addr=4 fc=0x03
BURST tid=26 addr=5 fc=0x03
BURST tid=27 addr=6 fc=0x03
BURST tid=28 addr=7 fc=0x03
BURST tid=29 addr=8 fc=0x03
BURST tid=30 addr=9 fc=0x03
BURST tid=31 addr=0 fc=0x03
BURST tid=32 addr=1 fc=0x03
BURST tid=33 addr=2 fc=0x03
BURST tid=34 addr=3 fc=0x03
BURST tid=35 addr=4 fc=0x03
BURST tid=36 addr=5 fc=0x03
BURST tid=37 addr=6 fc=0x03
BURST tid=38 addr=7 fc=0x03
BURST tid=39 addr=8 fc=0x03
BURST tid=40 addr=9 fc=0x03
NORMAL tid=41 addr=0 fc=0x03
NORMAL tid=42 addr=1 fc=0x03
NORMAL tid=43 addr=2 fc=0x03
NORMAL tid=44 addr=3 fc=0x03
NORMAL tid=45 addr=4 fc=0x03
NORMAL tid=46 addr=5 fc=0x03
NORMAL tid=47 addr=6 fc=0x03
NORMAL tid=48 addr=7 fc=0x03
NORMAL tid=49 addr=8 fc=0x03
NORMAL tid=50 addr=9 fc=0x03
NORMAL tid=51 addr=0 fc=0x03
NORMAL tid=52 addr=1 fc=0x03
NORMAL tid=53 addr=2 fc=0x03
NORMAL tid=54 addr=3 fc=0x03
NORMAL tid=55 addr=4 fc=0x03
NORMAL tid=56 addr=5 fc=0x03
NORMAL tid=57 addr=6 fc=0x03
NORMAL tid=58 addr=7 fc=0x03
NORMAL tid=59 addr=8 fc=0x03
NORMAL tid=60 addr=9 fc=0x03
REQUESTS_SUCCESSFUL=60
REQUESTS_MISSED=0

RAW PCAP:
b9701f56777aba186ace5314164cefe455c9f10da77a053ea2e8edaffefab8b0  /home/chand/otshield-bench/evidence/v06/20260922T174026Z/trial-24/clean/raw.pcap
NORMALIZED_RECORDS= 60

CONDITION COMPLETE:
trial=24 condition=clean

----------------------------------------------
TRIAL=24
CONDITION=delay20
DELAY=20ms
JITTER=0ms
LOSS=0%
----------------------------------------------
Predeclared: openplc-v06-20260922T174026Z-t24-delay20
Normal: 40
Anomaly: 20
5955a4b97bdcafc1c9a0ed8e2a19eb8edc492eec1c1e17ecaca50d5f65cd6627  /home/chand/otshield-bench/evidence/v06/20260922T174026Z/trial-24/delay20/protocol.json
NETEM:
qdisc netem 805f: root refcnt 13 limit 1000 delay 20ms seed 17961781846068209888
NORMAL tid=01 addr=0 fc=0x03
NORMAL tid=02 addr=1 fc=0x03
NORMAL tid=03 addr=2 fc=0x03
NORMAL tid=04 addr=3 fc=0x03
NORMAL tid=05 addr=4 fc=0x03
NORMAL tid=06 addr=5 fc=0x03
NORMAL tid=07 addr=6 fc=0x03
NORMAL tid=08 addr=7 fc=0x03
NORMAL tid=09 addr=8 fc=0x03
NORMAL tid=10 addr=9 fc=0x03
NORMAL tid=11 addr=0 fc=0x03
NORMAL tid=12 addr=1 fc=0x03
NORMAL tid=13 addr=2 fc=0x03
NORMAL tid=14 addr=3 fc=0x03
NORMAL tid=15 addr=4 fc=0x03
NORMAL tid=16 addr=5 fc=0x03
NORMAL tid=17 addr=6 fc=0x03
NORMAL tid=18 addr=7 fc=0x03
NORMAL tid=19 addr=8 fc=0x03
NORMAL tid=20 addr=9 fc=0x03
BURST tid=21 addr=0 fc=0x03
BURST tid=22 addr=1 fc=0x03
BURST tid=23 addr=2 fc=0x03
BURST tid=24 addr=3 fc=0x03
BURST tid=25 addr=4 fc=0x03
BURST tid=26 addr=5 fc=0x03
BURST tid=27 addr=6 fc=0x03
BURST tid=28 addr=7 fc=0x03
BURST tid=29 addr=8 fc=0x03
BURST tid=30 addr=9 fc=0x03
BURST tid=31 addr=0 fc=0x03
BURST tid=32 addr=1 fc=0x03
BURST tid=33 addr=2 fc=0x03
BURST tid=34 addr=3 fc=0x03
BURST tid=35 addr=4 fc=0x03
BURST tid=36 addr=5 fc=0x03
BURST tid=37 addr=6 fc=0x03
BURST tid=38 addr=7 fc=0x03
BURST tid=39 addr=8 fc=0x03
BURST tid=40 addr=9 fc=0x03
NORMAL tid=41 addr=0 fc=0x03
NORMAL tid=42 addr=1 fc=0x03
NORMAL tid=43 addr=2 fc=0x03
NORMAL tid=44 addr=3 fc=0x03
NORMAL tid=45 addr=4 fc=0x03
NORMAL tid=46 addr=5 fc=0x03
NORMAL tid=47 addr=6 fc=0x03
NORMAL tid=48 addr=7 fc=0x03
NORMAL tid=49 addr=8 fc=0x03
NORMAL tid=50 addr=9 fc=0x03
NORMAL tid=51 addr=0 fc=0x03
NORMAL tid=52 addr=1 fc=0x03
NORMAL tid=53 addr=2 fc=0x03
NORMAL tid=54 addr=3 fc=0x03
NORMAL tid=55 addr=4 fc=0x03
NORMAL tid=56 addr=5 fc=0x03
NORMAL tid=57 addr=6 fc=0x03
NORMAL tid=58 addr=7 fc=0x03
NORMAL tid=59 addr=8 fc=0x03
NORMAL tid=60 addr=9 fc=0x03
REQUESTS_SUCCESSFUL=60
REQUESTS_MISSED=0

RAW PCAP:
d2dbe099da4e7f8a3a1b9293dbf4e2b62e222bed0ee8d0d24a1136f8c09f64c6  /home/chand/otshield-bench/evidence/v06/20260922T174026Z/trial-24/delay20/raw.pcap
NORMALIZED_RECORDS= 60

CONDITION COMPLETE:
trial=24 condition=delay20

----------------------------------------------
TRIAL=24
CONDITION=delay20_jitter5_loss5
DELAY=20ms
JITTER=5ms
LOSS=5%
----------------------------------------------
Predeclared: openplc-v06-20260922T174026Z-t24-delay20_jitter5_loss5
Normal: 40
Anomaly: 20
94717aa3cfe05a926e973c504494d02ed5ded1db347e58ea5bf8d443e133851d  /home/chand/otshield-bench/evidence/v06/20260922T174026Z/trial-24/delay20_jitter5_loss5/protocol.json
NETEM:
qdisc netem 8060: root refcnt 13 limit 1000 delay 20ms  5ms loss 5% seed 18086228061288276789
NORMAL tid=01 addr=0 fc=0x03
NORMAL tid=02 addr=1 fc=0x03
NORMAL tid=03 addr=2 fc=0x03
NORMAL tid=04 addr=3 fc=0x03
NORMAL tid=05 addr=4 fc=0x03
NORMAL tid=06 addr=5 fc=0x03
NORMAL tid=07 addr=6 fc=0x03
NORMAL tid=08 addr=7 fc=0x03
NORMAL tid=09 addr=8 fc=0x03
NORMAL tid=10 addr=9 fc=0x03
NORMAL tid=11 addr=0 fc=0x03
NORMAL tid=12 addr=1 fc=0x03
NORMAL tid=13 addr=2 fc=0x03
NORMAL tid=14 addr=3 fc=0x03
NORMAL tid=15 addr=4 fc=0x03
NORMAL tid=16 addr=5 fc=0x03
NORMAL tid=17 addr=6 fc=0x03
NORMAL tid=18 addr=7 fc=0x03
NORMAL tid=19 addr=8 fc=0x03
NORMAL tid=20 addr=9 fc=0x03
BURST tid=21 addr=0 fc=0x03
BURST tid=22 addr=1 fc=0x03
BURST tid=23 addr=2 fc=0x03
BURST tid=24 addr=3 fc=0x03
BURST tid=25 addr=4 fc=0x03
BURST tid=26 addr=5 fc=0x03
BURST tid=27 addr=6 fc=0x03
BURST tid=28 addr=7 fc=0x03
BURST tid=29 addr=8 fc=0x03
BURST tid=30 addr=9 fc=0x03
BURST tid=31 addr=0 fc=0x03
BURST tid=32 addr=1 fc=0x03
BURST tid=33 addr=2 fc=0x03
BURST tid=34 addr=3 fc=0x03
BURST tid=35 addr=4 fc=0x03
BURST tid=36 addr=5 fc=0x03
BURST tid=37 addr=6 fc=0x03
BURST tid=38 addr=7 fc=0x03
BURST tid=39 addr=8 fc=0x03
BURST tid=40 addr=9 fc=0x03
NORMAL tid=41 addr=0 fc=0x03
NORMAL tid=42 addr=1 fc=0x03
NORMAL tid=43 addr=2 fc=0x03
NORMAL tid=44 addr=3 fc=0x03
NORMAL tid=45 addr=4 fc=0x03
NORMAL tid=46 addr=5 fc=0x03
NORMAL tid=47 addr=6 fc=0x03
NORMAL tid=48 addr=7 fc=0x03
NORMAL tid=49 addr=8 fc=0x03
NORMAL tid=50 addr=9 fc=0x03
NORMAL tid=51 addr=0 fc=0x03
NORMAL tid=52 addr=1 fc=0x03
NORMAL tid=53 addr=2 fc=0x03
NORMAL tid=54 addr=3 fc=0x03
NORMAL tid=55 addr=4 fc=0x03
NORMAL tid=56 addr=5 fc=0x03
NORMAL tid=57 addr=6 fc=0x03
NORMAL tid=58 addr=7 fc=0x03
NORMAL tid=59 addr=8 fc=0x03
NORMAL tid=60 addr=9 fc=0x03
REQUESTS_SUCCESSFUL=60
REQUESTS_MISSED=0

RAW PCAP:
a7a05ec98499368c79e090d99fabcd83ff29cf52c7ef492d668150828aafa38f  /home/chand/otshield-bench/evidence/v06/20260922T174026Z/trial-24/delay20_jitter5_loss5/raw.pcap
NORMALIZED_RECORDS= 60

CONDITION COMPLETE:
trial=24 condition=delay20_jitter5_loss5

TRIAL 24 COMPLETE

##############################################
TRIAL 25 / 25
##############################################
 Network docker_otshield-ics-net Creating 
 Network docker_otshield-ics-net Creating 
 Network docker_otshield-ics-net Created 
 Network docker_otshield-ics-net Created 
 Container otshield-openplc Creating 
 Container otshield-openplc Created 
 Container otshield-openplc Starting 
 Container otshield-openplc Started 
OpenPLC: starting
OpenPLC: healthy
OPENPLC_EXPECTED_ID=0e7fdf28e9a3ee2b86dd0e28a9f7db1463a277668ac2c17a7be29a5825459427
Network: docker_otshield-ics-net
Image: fortiphyd/grfics-plc:latest
Image ID: sha256:364461af6d7b56563fa6fdc6a296a2dfa6530caf07ea736bbc9a71701a360919

----------------------------------------------
TRIAL=25
CONDITION=delay60_jitter10
DELAY=60ms
JITTER=10ms
LOSS=0%
----------------------------------------------
Predeclared: openplc-v06-20260922T174026Z-t25-delay60_jitter10
Normal: 40
Anomaly: 20
aedf0959f3d563ebfdecb60a6c664ca32b2c15357fb5996e28fa907bac59f0c4  /home/chand/otshield-bench/evidence/v06/20260922T174026Z/trial-25/delay60_jitter10/protocol.json
NETEM:
qdisc netem 8061: root refcnt 13 limit 1000 delay 60ms  10ms seed 3508839983423976610
NORMAL tid=01 addr=0 fc=0x03
NORMAL tid=02 addr=1 fc=0x03
NORMAL tid=03 addr=2 fc=0x03
NORMAL tid=04 addr=3 fc=0x03
NORMAL tid=05 addr=4 fc=0x03
NORMAL tid=06 addr=5 fc=0x03
NORMAL tid=07 addr=6 fc=0x03
NORMAL tid=08 addr=7 fc=0x03
NORMAL tid=09 addr=8 fc=0x03
NORMAL tid=10 addr=9 fc=0x03
NORMAL tid=11 addr=0 fc=0x03
NORMAL tid=12 addr=1 fc=0x03
NORMAL tid=13 addr=2 fc=0x03
NORMAL tid=14 addr=3 fc=0x03
NORMAL tid=15 addr=4 fc=0x03
NORMAL tid=16 addr=5 fc=0x03
NORMAL tid=17 addr=6 fc=0x03
NORMAL tid=18 addr=7 fc=0x03
NORMAL tid=19 addr=8 fc=0x03
NORMAL tid=20 addr=9 fc=0x03
BURST tid=21 addr=0 fc=0x03
BURST tid=22 addr=1 fc=0x03
BURST tid=23 addr=2 fc=0x03
BURST tid=24 addr=3 fc=0x03
BURST tid=25 addr=4 fc=0x03
BURST tid=26 addr=5 fc=0x03
BURST tid=27 addr=6 fc=0x03
BURST tid=28 addr=7 fc=0x03
BURST tid=29 addr=8 fc=0x03
BURST tid=30 addr=9 fc=0x03
BURST tid=31 addr=0 fc=0x03
BURST tid=32 addr=1 fc=0x03
BURST tid=33 addr=2 fc=0x03
BURST tid=34 addr=3 fc=0x03
BURST tid=35 addr=4 fc=0x03
BURST tid=36 addr=5 fc=0x03
BURST tid=37 addr=6 fc=0x03
BURST tid=38 addr=7 fc=0x03
BURST tid=39 addr=8 fc=0x03
BURST tid=40 addr=9 fc=0x03
NORMAL tid=41 addr=0 fc=0x03
NORMAL tid=42 addr=1 fc=0x03
NORMAL tid=43 addr=2 fc=0x03
NORMAL tid=44 addr=3 fc=0x03
NORMAL tid=45 addr=4 fc=0x03
NORMAL tid=46 addr=5 fc=0x03
NORMAL tid=47 addr=6 fc=0x03
NORMAL tid=48 addr=7 fc=0x03
NORMAL tid=49 addr=8 fc=0x03
NORMAL tid=50 addr=9 fc=0x03
NORMAL tid=51 addr=0 fc=0x03
NORMAL tid=52 addr=1 fc=0x03
NORMAL tid=53 addr=2 fc=0x03
NORMAL tid=54 addr=3 fc=0x03
NORMAL tid=55 addr=4 fc=0x03
NORMAL tid=56 addr=5 fc=0x03
NORMAL tid=57 addr=6 fc=0x03
NORMAL tid=58 addr=7 fc=0x03
NORMAL tid=59 addr=8 fc=0x03
NORMAL tid=60 addr=9 fc=0x03
REQUESTS_SUCCESSFUL=60
REQUESTS_MISSED=0

RAW PCAP:
d7b1a15966d63c3ca1898ebebdd2cfafde26520c7850bde2ecabb504424c645a  /home/chand/otshield-bench/evidence/v06/20260922T174026Z/trial-25/delay60_jitter10/raw.pcap
NORMALIZED_RECORDS= 60

CONDITION COMPLETE:
trial=25 condition=delay60_jitter10

----------------------------------------------
TRIAL=25
CONDITION=clean
DELAY=0ms
JITTER=0ms
LOSS=0%
----------------------------------------------
Predeclared: openplc-v06-20260922T174026Z-t25-clean
Normal: 40
Anomaly: 20
b67ca7a08d2d69f12942dfafd8301ef9ed2f8305882d5d436cc14927f1091c1b  /home/chand/otshield-bench/evidence/v06/20260922T174026Z/trial-25/clean/protocol.json
NETEM: clean
NORMAL tid=01 addr=0 fc=0x03
NORMAL tid=02 addr=1 fc=0x03
NORMAL tid=03 addr=2 fc=0x03
NORMAL tid=04 addr=3 fc=0x03
NORMAL tid=05 addr=4 fc=0x03
NORMAL tid=06 addr=5 fc=0x03
NORMAL tid=07 addr=6 fc=0x03
NORMAL tid=08 addr=7 fc=0x03
NORMAL tid=09 addr=8 fc=0x03
NORMAL tid=10 addr=9 fc=0x03
NORMAL tid=11 addr=0 fc=0x03
NORMAL tid=12 addr=1 fc=0x03
NORMAL tid=13 addr=2 fc=0x03
NORMAL tid=14 addr=3 fc=0x03
NORMAL tid=15 addr=4 fc=0x03
NORMAL tid=16 addr=5 fc=0x03
NORMAL tid=17 addr=6 fc=0x03
NORMAL tid=18 addr=7 fc=0x03
NORMAL tid=19 addr=8 fc=0x03
NORMAL tid=20 addr=9 fc=0x03
BURST tid=21 addr=0 fc=0x03
BURST tid=22 addr=1 fc=0x03
BURST tid=23 addr=2 fc=0x03
BURST tid=24 addr=3 fc=0x03
BURST tid=25 addr=4 fc=0x03
BURST tid=26 addr=5 fc=0x03
BURST tid=27 addr=6 fc=0x03
BURST tid=28 addr=7 fc=0x03
BURST tid=29 addr=8 fc=0x03
BURST tid=30 addr=9 fc=0x03
BURST tid=31 addr=0 fc=0x03
BURST tid=32 addr=1 fc=0x03
BURST tid=33 addr=2 fc=0x03
BURST tid=34 addr=3 fc=0x03
BURST tid=35 addr=4 fc=0x03
BURST tid=36 addr=5 fc=0x03
BURST tid=37 addr=6 fc=0x03
BURST tid=38 addr=7 fc=0x03
BURST tid=39 addr=8 fc=0x03
BURST tid=40 addr=9 fc=0x03
NORMAL tid=41 addr=0 fc=0x03
NORMAL tid=42 addr=1 fc=0x03
NORMAL tid=43 addr=2 fc=0x03
NORMAL tid=44 addr=3 fc=0x03
NORMAL tid=45 addr=4 fc=0x03
NORMAL tid=46 addr=5 fc=0x03
NORMAL tid=47 addr=6 fc=0x03
NORMAL tid=48 addr=7 fc=0x03
NORMAL tid=49 addr=8 fc=0x03
NORMAL tid=50 addr=9 fc=0x03
NORMAL tid=51 addr=0 fc=0x03
NORMAL tid=52 addr=1 fc=0x03
NORMAL tid=53 addr=2 fc=0x03
NORMAL tid=54 addr=3 fc=0x03
NORMAL tid=55 addr=4 fc=0x03
NORMAL tid=56 addr=5 fc=0x03
NORMAL tid=57 addr=6 fc=0x03
NORMAL tid=58 addr=7 fc=0x03
NORMAL tid=59 addr=8 fc=0x03
NORMAL tid=60 addr=9 fc=0x03
REQUESTS_SUCCESSFUL=60
REQUESTS_MISSED=0

RAW PCAP:
98300b6346f75b3aad47ea87f4200a5f3d12759fcb13e0564277d4574ddaa495  /home/chand/otshield-bench/evidence/v06/20260922T174026Z/trial-25/clean/raw.pcap
NORMALIZED_RECORDS= 60

CONDITION COMPLETE:
trial=25 condition=clean

----------------------------------------------
TRIAL=25
CONDITION=delay20
DELAY=20ms
JITTER=0ms
LOSS=0%
----------------------------------------------
Predeclared: openplc-v06-20260922T174026Z-t25-delay20
Normal: 40
Anomaly: 20
04a989751d4e557c81c141661015e4eabf715f3dee8e0db8a972b8aad29334dd  /home/chand/otshield-bench/evidence/v06/20260922T174026Z/trial-25/delay20/protocol.json
NETEM:
qdisc netem 8062: root refcnt 13 limit 1000 delay 20ms seed 18392690489769231419
NORMAL tid=01 addr=0 fc=0x03
NORMAL tid=02 addr=1 fc=0x03
NORMAL tid=03 addr=2 fc=0x03
NORMAL tid=04 addr=3 fc=0x03
NORMAL tid=05 addr=4 fc=0x03
NORMAL tid=06 addr=5 fc=0x03
NORMAL tid=07 addr=6 fc=0x03
NORMAL tid=08 addr=7 fc=0x03
NORMAL tid=09 addr=8 fc=0x03
NORMAL tid=10 addr=9 fc=0x03
NORMAL tid=11 addr=0 fc=0x03
NORMAL tid=12 addr=1 fc=0x03
NORMAL tid=13 addr=2 fc=0x03
NORMAL tid=14 addr=3 fc=0x03
NORMAL tid=15 addr=4 fc=0x03
NORMAL tid=16 addr=5 fc=0x03
NORMAL tid=17 addr=6 fc=0x03
NORMAL tid=18 addr=7 fc=0x03
NORMAL tid=19 addr=8 fc=0x03
NORMAL tid=20 addr=9 fc=0x03
BURST tid=21 addr=0 fc=0x03
BURST tid=22 addr=1 fc=0x03
BURST tid=23 addr=2 fc=0x03
BURST tid=24 addr=3 fc=0x03
BURST tid=25 addr=4 fc=0x03
BURST tid=26 addr=5 fc=0x03
BURST tid=27 addr=6 fc=0x03
BURST tid=28 addr=7 fc=0x03
BURST tid=29 addr=8 fc=0x03
BURST tid=30 addr=9 fc=0x03
BURST tid=31 addr=0 fc=0x03
BURST tid=32 addr=1 fc=0x03
BURST tid=33 addr=2 fc=0x03
BURST tid=34 addr=3 fc=0x03
BURST tid=35 addr=4 fc=0x03
BURST tid=36 addr=5 fc=0x03
BURST tid=37 addr=6 fc=0x03
BURST tid=38 addr=7 fc=0x03
BURST tid=39 addr=8 fc=0x03
BURST tid=40 addr=9 fc=0x03
NORMAL tid=41 addr=0 fc=0x03
NORMAL tid=42 addr=1 fc=0x03
NORMAL tid=43 addr=2 fc=0x03
NORMAL tid=44 addr=3 fc=0x03
NORMAL tid=45 addr=4 fc=0x03
NORMAL tid=46 addr=5 fc=0x03
NORMAL tid=47 addr=6 fc=0x03
NORMAL tid=48 addr=7 fc=0x03
NORMAL tid=49 addr=8 fc=0x03
NORMAL tid=50 addr=9 fc=0x03
NORMAL tid=51 addr=0 fc=0x03
NORMAL tid=52 addr=1 fc=0x03
NORMAL tid=53 addr=2 fc=0x03
NORMAL tid=54 addr=3 fc=0x03
NORMAL tid=55 addr=4 fc=0x03
NORMAL tid=56 addr=5 fc=0x03
NORMAL tid=57 addr=6 fc=0x03
NORMAL tid=58 addr=7 fc=0x03
NORMAL tid=59 addr=8 fc=0x03
NORMAL tid=60 addr=9 fc=0x03
REQUESTS_SUCCESSFUL=60
REQUESTS_MISSED=0

RAW PCAP:
f80ede160359ce1292c8062068c309cd82c76f32e7e0836fcdea857c23f90b92  /home/chand/otshield-bench/evidence/v06/20260922T174026Z/trial-25/delay20/raw.pcap
NORMALIZED_RECORDS= 60

CONDITION COMPLETE:
trial=25 condition=delay20

----------------------------------------------
TRIAL=25
CONDITION=delay20_jitter5_loss5
DELAY=20ms
JITTER=5ms
LOSS=5%
----------------------------------------------
Predeclared: openplc-v06-20260922T174026Z-t25-delay20_jitter5_loss5
Normal: 40
Anomaly: 20
4891aa86ad7b13ab0eaf9035d6e3e079fdb669ced678a890511dc5246992aad5  /home/chand/otshield-bench/evidence/v06/20260922T174026Z/trial-25/delay20_jitter5_loss5/protocol.json
NETEM:
qdisc netem 8063: root refcnt 13 limit 1000 delay 20ms  5ms loss 5% seed 564028431234471784
NORMAL tid=01 addr=0 fc=0x03
NORMAL tid=02 addr=1 fc=0x03
NORMAL tid=03 addr=2 fc=0x03
NORMAL tid=04 addr=3 fc=0x03
NORMAL tid=05 addr=4 fc=0x03
NORMAL tid=06 addr=5 fc=0x03
NORMAL tid=07 addr=6 fc=0x03
NORMAL tid=08 addr=7 fc=0x03
NORMAL tid=09 addr=8 fc=0x03
NORMAL tid=10 addr=9 fc=0x03
NORMAL tid=11 addr=0 fc=0x03
NORMAL tid=12 addr=1 fc=0x03
NORMAL tid=13 addr=2 fc=0x03
NORMAL tid=14 addr=3 fc=0x03
NORMAL tid=15 addr=4 fc=0x03
NORMAL tid=16 addr=5 fc=0x03
NORMAL tid=17 addr=6 fc=0x03
NORMAL tid=18 addr=7 fc=0x03
NORMAL tid=19 addr=8 fc=0x03
NORMAL tid=20 addr=9 fc=0x03
BURST tid=21 addr=0 fc=0x03
BURST tid=22 addr=1 fc=0x03
BURST tid=23 addr=2 fc=0x03
BURST tid=24 addr=3 fc=0x03
BURST tid=25 addr=4 fc=0x03
BURST tid=26 addr=5 fc=0x03
BURST tid=27 addr=6 fc=0x03
BURST tid=28 addr=7 fc=0x03
BURST tid=29 addr=8 fc=0x03
BURST tid=30 addr=9 fc=0x03
BURST tid=31 addr=0 fc=0x03
BURST tid=32 addr=1 fc=0x03
BURST tid=33 addr=2 fc=0x03
BURST tid=34 addr=3 fc=0x03
BURST tid=35 addr=4 fc=0x03
BURST tid=36 addr=5 fc=0x03
BURST tid=37 addr=6 fc=0x03
BURST tid=38 addr=7 fc=0x03
BURST tid=39 addr=8 fc=0x03
BURST tid=40 addr=9 fc=0x03
NORMAL tid=41 addr=0 fc=0x03
NORMAL tid=42 addr=1 fc=0x03
NORMAL tid=43 addr=2 fc=0x03
NORMAL tid=44 addr=3 fc=0x03
NORMAL tid=45 addr=4 fc=0x03
NORMAL tid=46 addr=5 fc=0x03
NORMAL tid=47 addr=6 fc=0x03
NORMAL tid=48 addr=7 fc=0x03
NORMAL tid=49 addr=8 fc=0x03
NORMAL tid=50 addr=9 fc=0x03
NORMAL tid=51 addr=0 fc=0x03
NORMAL tid=52 addr=1 fc=0x03
NORMAL tid=53 addr=2 fc=0x03
NORMAL tid=54 addr=3 fc=0x03
NORMAL tid=55 addr=4 fc=0x03
NORMAL tid=56 addr=5 fc=0x03
NORMAL tid=57 addr=6 fc=0x03
NORMAL tid=58 addr=7 fc=0x03
NORMAL tid=59 addr=8 fc=0x03
NORMAL tid=60 addr=9 fc=0x03
REQUESTS_SUCCESSFUL=60
REQUESTS_MISSED=0

RAW PCAP:
22ea1968795a8476cbe264e19a8bd9f3c927152142a0ab41b8ad58d7eb001f2d  /home/chand/otshield-bench/evidence/v06/20260922T174026Z/trial-25/delay20_jitter5_loss5/raw.pcap
NORMALIZED_RECORDS= 60

CONDITION COMPLETE:
trial=25 condition=delay20_jitter5_loss5

----------------------------------------------
TRIAL=25
CONDITION=delay40_jitter10
DELAY=40ms
JITTER=10ms
LOSS=0%
----------------------------------------------
Predeclared: openplc-v06-20260922T174026Z-t25-delay40_jitter10
Normal: 40
Anomaly: 20
d5d93b2622b299269e29fd00719455bc6db52784d4e6cb95468ee503ae1ce2f8  /home/chand/otshield-bench/evidence/v06/20260922T174026Z/trial-25/delay40_jitter10/protocol.json
NETEM:
qdisc netem 8064: root refcnt 13 limit 1000 delay 40ms  10ms seed 16556412709228054574
NORMAL tid=01 addr=0 fc=0x03
NORMAL tid=02 addr=1 fc=0x03
NORMAL tid=03 addr=2 fc=0x03
NORMAL tid=04 addr=3 fc=0x03
NORMAL tid=05 addr=4 fc=0x03
NORMAL tid=06 addr=5 fc=0x03
NORMAL tid=07 addr=6 fc=0x03
NORMAL tid=08 addr=7 fc=0x03
NORMAL tid=09 addr=8 fc=0x03
NORMAL tid=10 addr=9 fc=0x03
NORMAL tid=11 addr=0 fc=0x03
NORMAL tid=12 addr=1 fc=0x03
NORMAL tid=13 addr=2 fc=0x03
NORMAL tid=14 addr=3 fc=0x03
NORMAL tid=15 addr=4 fc=0x03
NORMAL tid=16 addr=5 fc=0x03
NORMAL tid=17 addr=6 fc=0x03
NORMAL tid=18 addr=7 fc=0x03
NORMAL tid=19 addr=8 fc=0x03
NORMAL tid=20 addr=9 fc=0x03
BURST tid=21 addr=0 fc=0x03
BURST tid=22 addr=1 fc=0x03
BURST tid=23 addr=2 fc=0x03
BURST tid=24 addr=3 fc=0x03
BURST tid=25 addr=4 fc=0x03
BURST tid=26 addr=5 fc=0x03
BURST tid=27 addr=6 fc=0x03
BURST tid=28 addr=7 fc=0x03
BURST tid=29 addr=8 fc=0x03
BURST tid=30 addr=9 fc=0x03
BURST tid=31 addr=0 fc=0x03
BURST tid=32 addr=1 fc=0x03
BURST tid=33 addr=2 fc=0x03
BURST tid=34 addr=3 fc=0x03
BURST tid=35 addr=4 fc=0x03
BURST tid=36 addr=5 fc=0x03
BURST tid=37 addr=6 fc=0x03
BURST tid=38 addr=7 fc=0x03
BURST tid=39 addr=8 fc=0x03
BURST tid=40 addr=9 fc=0x03
NORMAL tid=41 addr=0 fc=0x03
NORMAL tid=42 addr=1 fc=0x03
NORMAL tid=43 addr=2 fc=0x03
NORMAL tid=44 addr=3 fc=0x03
NORMAL tid=45 addr=4 fc=0x03
NORMAL tid=46 addr=5 fc=0x03
NORMAL tid=47 addr=6 fc=0x03
NORMAL tid=48 addr=7 fc=0x03
NORMAL tid=49 addr=8 fc=0x03
NORMAL tid=50 addr=9 fc=0x03
NORMAL tid=51 addr=0 fc=0x03
NORMAL tid=52 addr=1 fc=0x03
NORMAL tid=53 addr=2 fc=0x03
NORMAL tid=54 addr=3 fc=0x03
NORMAL tid=55 addr=4 fc=0x03
NORMAL tid=56 addr=5 fc=0x03
NORMAL tid=57 addr=6 fc=0x03
NORMAL tid=58 addr=7 fc=0x03
NORMAL tid=59 addr=8 fc=0x03
NORMAL tid=60 addr=9 fc=0x03
REQUESTS_SUCCESSFUL=60
REQUESTS_MISSED=0

RAW PCAP:
cfcc44d0c040a9a8c6a6b92f48f47965069e400984ac70c7bf64c08cda28c774  /home/chand/otshield-bench/evidence/v06/20260922T174026Z/trial-25/delay40_jitter10/raw.pcap
NORMALIZED_RECORDS= 60

CONDITION COMPLETE:
trial=25 condition=delay40_jitter10

TRIAL 25 COMPLETE
